r,delta,rule,seed,cycles,mean_N,median_N,integer_fraction,band1,band2,band3,event_R1,event_R2,interval_R,next2_given2,event_Omega,Q2,phase_drift2,residual_variance
0,0,raw,101,483,2.3024127482935426,2.303224587484786,0.12836438923395446,0.004140786749482402,0.10351966873706005,0.016563146997929608,0.022663311513795092,0.008840308153045748,0.4240758795542253,0.16,1.0134296446467768,0.028976999107313304,-0.30666452089738394,0.42181992776066096
0,0,raw,102,474,2.3457872106045135,2.3301165449896972,0.10759493670886076,0.002109704641350211,0.08016877637130802,0.016877637130801686,0.023552341758182622,0.03194216074615725,0.4235099656104384,0.10526315789473684,0.9946909603672148,0.00968173718432085,-0.3485756100594304,0.5058727551896863
0,0,raw,103,478,2.3263150588242665,2.3185224352868525,0.10460251046025104,0.0041841004184100415,0.08368200836820083,0.008368200836820083,0.01803176692683198,0.021056473366327846,0.4648306753877,0.2,1.0030169062795018,0.00956706635479514,-0.3352729273881716,0.4649417311947196
0,0,raw,104,482,2.3086618840673485,2.323139325636216,0.08921161825726141,0.002074688796680498,0.07676348547717843,0.01037344398340249,0.011891924821150422,0.02809006287814368,0.5384712556137781,0.08108108108108109,1.01068647143016,0.023649894336496318,-0.3122461023505405,0.603109501590406
0,0,raw,105,474,2.3453254334134237,2.330739244522009,0.0949367088607595,0.0,0.07805907172995781,0.014767932489451477,0.016760206440523392,0.027255028276053424,0.458715562676261,0.08108108108108109,0.9948868076433057,0.016405465783361668,-0.3438349339206168,0.5446158414580178
0,0,raw,106,480,2.315708619372099,2.3427150477337646,0.09375,0.004166666666666667,0.06666666666666667,0.01875,0.021212004069127634,0.01683139094616711,0.4551265056554212,0.0625,1.0076109376688391,0.02243691414526333,-0.31746881340015776,0.48561832660748383
0,0,raw,107,478,2.325625441522135,2.327310238192023,0.07740585774058577,0.0,0.06903765690376569,0.008368200836820083,0.02819058359912608,0.05982898949061902,0.5260587802558941,0.06060606060606061,1.0033143307058738,0.017422164786956944,-0.326573550262657,0.609115087599394
0,0,raw,108,473,2.350517319906219,2.34427504009455,0.08456659619450317,0.0,0.07188160676532769,0.008456659619450317,0.03484768690242187,0.05384638272490084,0.43201592743450723,0.11764705882352941,0.9926892746429237,0.018209963139313754,-0.34795005233161014,0.4891123999233674
0,0,raw,201,477,2.334240098570678,2.3257768237300653,0.1111111111111111,0.0,0.09433962264150944,0.010482180293501049,0.03706397854951371,0.017568990886698707,0.4041226921734864,0.1111111111111111,0.9996115372887734,0.024162231592214603,-0.33830188302722486,0.4700380609058703
0,0,raw,202,477,2.3260093729457356,2.3225892060773914,0.0880503144654088,0.0020964360587002098,0.07337526205450734,0.010482180293501049,0.04155600346268483,0.02681789475190287,0.43583189942362477,0.05714285714285714,1.0031487235059262,0.022606385125270623,-0.3321533423379197,0.535532094471387
0,0,raw,203,475,2.3360171150448723,2.3220182064669865,0.11578947368421053,0.002105263157894737,0.09263157894736843,0.016842105263157894,0.026238685788751295,0.029757861367245862,0.43905515237187787,0.13953488372093023,0.9988511292600323,0.0068972196176723555,-0.33690059143971496,0.5219075898703434
0,0,raw,204,483,2.3012985167990685,2.3188943823253094,0.09937888198757763,0.002070393374741201,0.08074534161490683,0.016563146997929608,0.010508762255691933,0.0434759279885586,0.4213875626851519,0.02564102564102564,1.0139203220705255,0.017777562069623488,-0.30659582690439846,0.4150966973086618
0,0,raw,205,467,2.3808124247849283,2.3530348821508538,0.1349036402569593,0.008565310492505354,0.09421841541755889,0.029978586723768737,0.04837352844709326,0.03900210289329852,0.40889825668169616,0.09090909090909091,0.9800576093448924,0.03394351311404015,-0.3731609274832042,0.4335000906086987
0,0,raw,206,477,2.333927090908397,2.3316933425928243,0.08176100628930817,0.0,0.07127882599580712,0.010482180293501049,0.01230968469471236,0.03574720728248322,0.5088449725341505,0.08823529411764706,0.9997455972050815,0.010417781143013895,-0.33389579903504996,0.5224031894788311
0,0,raw,207,476,2.3314775604351636,2.3211643249794256,0.10294117647058823,0.0,0.0861344537815126,0.012605042016806723,0.04108662568457338,0.01229691179843146,0.46431285936485556,0.14634146341463414,1.000795964297346,0.02813676138315571,-0.33250556447902513,0.4958531230413189
0,0,raw,208,476,2.337575361160026,2.326302632474338,0.11134453781512606,0.0,0.0819327731092437,0.02100840336134454,0.03072423666154194,0.03920364665464033,0.43769937751496646,0.02564102564102564,0.9981852872437073,0.024248903762612576,-0.3359665630396311,0.49005078474481106
0,0,hysteresis,101,458,2.428090300056291,2.321196656936866,0.12008733624454149,0.0,0.10043668122270742,0.013100436681222707,0.023307093146321588,0.0060077678253347856,0.43190298301818064,0.15217391304347827,0.9609746940957015,0.028976999107313304,-0.30666452089738394,0.42181992776066096
0,0,hysteresis,102,459,2.422446923369367,2.3403507832410244,0.10457516339869281,0.0,0.08278867102396514,0.013071895424836602,0.023681200177770336,0.03503747668813907,0.44461557438130794,0.10526315789473684,0.9632133983302777,0.00968173718432085,-0.3485756100594304,0.5058727551896863
0,0,hysteresis,103,458,2.4279008692532735,2.331931484638855,0.11572052401746726,0.002183406113537118,0.08733624454148471,0.008733624454148471,0.0138723541230921,0.011384839934699246,0.45236362715188133,0.2,0.9610496717071378,0.00956706635479514,-0.3352729273881716,0.4649417311947196
0,0,hysteresis,104,465,2.3930645766031438,2.333876725179405,0.08172043010752689,0.0,0.06666666666666667,0.008602150537634409,0.018527414383381062,0.03224480975435447,0.5473812435740407,0.0967741935483871,0.9750398531432042,0.023649894336496318,-0.3122461023505405,0.603109501590406
0,0,hysteresis,105,460,2.416704903126006,2.336548372249013,0.09565217391304348,0.0,0.07608695652173914,0.013043478260869565,0.022791758066588456,0.020103874653972165,0.47524930589502584,0.08571428571428572,0.9655019652234613,0.016405465783361668,-0.3438349339206168,0.5446158414580178
0,0,hysteresis,106,454,2.448326293609268,2.355822047915477,0.09030837004405286,0.0,0.06387665198237885,0.015418502202643172,0.01733190942747794,0.01194426291829288,0.48061543957395964,0.034482758620689655,0.9530320118784437,0.02243691414526333,-0.31746881340015776,0.48561832660748383
0,0,hysteresis,107,465,2.3906429269840443,2.3373635889090703,0.08817204301075268,0.0,0.07096774193548387,0.010752688172043012,0.029675483465236387,0.07465954242418543,0.5172732513425697,0.06060606060606061,0.9760275392850027,0.017422164786956944,-0.326573550262657,0.609115087599394
0,0,hysteresis,108,462,2.406482017999224,2.348886901364599,0.08441558441558442,0.0,0.06926406926406926,0.008658008658008658,0.029880829702134425,0.056201916041342295,0.442814050641675,0.09375,0.9696034775582044,0.018209963139313754,-0.34795005233161014,0.4891123999233674
0,0,hysteresis,201,455,2.4471044549850847,2.3495446322874547,0.10989010989010989,0.0,0.08571428571428572,0.015384615384615385,0.04323678194989685,0.032303287438168925,0.4229510411114554,0.10256410256410256,0.9535078605165448,0.024162231592214603,-0.33830188302722486,0.4700380609058703
0,0,hysteresis,202,444,2.498888447961972,2.345792008208832,0.09234234234234234,0.0,0.06981981981981981,0.009009009009009009,0.04271930039094116,0.019618837471111615,0.4675695753448877,0.06451612903225806,0.933748497351428,0.022606385125270623,-0.3321533423379197,0.535532094471387
0,0,hysteresis,203,452,2.4548852425803416,2.3377406515711066,0.11061946902654868,0.0,0.084070796460177,0.017699115044247787,0.031736509192171206,0.022539982794785234,0.45704388730227846,0.16216216216216217,0.9504857061590202,0.0068972196176723555,-0.33690059143971496,0.5219075898703434
0,0,hysteresis,204,465,2.39038104003,2.339894115972507,0.10967741935483871,0.002150537634408602,0.08387096774193549,0.01935483870967742,0.009092847774709117,0.038264494023796475,0.41735717189010324,0.02564102564102564,0.9761344715585805,0.017777562069623488,-0.30659582690439846,0.4150966973086618
0,0,hysteresis,205,454,2.4489854677853775,2.3637872184257622,0.12334801762114538,0.0022026431718061676,0.0881057268722467,0.028634361233480177,0.04344707738762183,0.04793215023953224,0.41782241993432867,0.075,0.9527754917400025,0.03394351311404015,-0.3731609274832042,0.4335000906086987
0,0,hysteresis,206,456,2.4414105753581254,2.340387745566197,0.08333333333333333,0.0,0.06578947368421052,0.010964912280701754,0.01920395369567028,0.03090939849813562,0.5216335927834248,0.1,0.9557316400954237,0.010417781143013895,-0.33389579903504996,0.5224031894788311
0,0,hysteresis,207,468,2.3713318777075596,2.327321213973904,0.09615384615384616,0.0,0.08333333333333333,0.008547008547008548,0.04128391693086402,0.006908058098914459,0.48547241356266346,0.15384615384615385,0.9839758640570546,0.02813676138315571,-0.33250556447902513,0.4958531230413189
0,0,hysteresis,208,451,2.467152709339629,2.3387996258939783,0.10421286031042129,0.0,0.07538802660753881,0.013303769401330377,0.026934013273187386,0.036463679538751716,0.47023397629335423,0.029411764705882353,0.9457595893842689,0.024248903762612576,-0.3359665630396311,0.49005078474481106
0,1,raw,101,542,2.051771022640425,2.1811212896265744,0.24538745387453875,0.07749077490774908,0.15682656826568267,0.01107011070110701,0.46458809692384784,0.09974598688615843,0.27594343721233194,0.2,1.1372289147209838,0.009796822007254716,-0.059001822070926746,0.42181993179520605
0,1,raw,102,517,2.1507712327202055,2.2656984294819185,0.16247582205029013,0.0367504835589942,0.1102514506769826,0.015473887814313346,0.3890744269056938,0.0282970546254854,0.2799468774056594,0.10526315789473684,1.0848821566123659,0.0051005876861313516,-0.16380112898191967,0.5058727426742349
0,1,raw,103,535,2.0784437027190905,2.223341960980441,0.20373831775700935,0.0616822429906542,0.12710280373831775,0.011214953271028037,0.44017668306889096,0.09587862987303876,0.3075075287766355,0.22058823529411764,1.1226348494697203,0.00945906875127927,-0.08814082939065448,0.4649417104002219
0,1,raw,104,518,2.1485060727209335,2.2568437818923144,0.15057915057915058,0.03667953667953668,0.10231660231660232,0.011583011583011582,0.37269117485172143,0.10180910748891256,0.3609451043668762,0.16981132075471697,1.0860259428442431,0.00691317736280162,-0.16642387308438877,0.6031095201585521
0,1,raw,105,513,2.167220316099133,2.2508203373413322,0.15204678362573099,0.03508771929824561,0.10526315789473684,0.011695906432748537,0.4025195344525643,0.06484229842509627,0.320254713523659,0.1111111111111111,1.0766479605235493,0.009658977791278202,-0.180307011694135,0.5446158210040448
0,1,raw,106,541,2.054764384877641,2.2340297125373345,0.17929759704251386,0.05545286506469501,0.09796672828096119,0.025878003696857672,0.4292838837999352,0.07890266260198714,0.26199832859459854,0.09433962264150944,1.1355722098873546,0.007022775870555517,-0.0656652309861756,0.4856183499952482
0,1,raw,107,522,2.1291253071072243,2.2461427302543986,0.13218390804597702,0.02681992337164751,0.09961685823754789,0.005747126436781609,0.40658785428847344,0.0567550702089153,0.33199655285676716,0.1346153846153846,1.0959116992994462,0.015585929882114023,-0.14238140075775618,0.6091150831315243
0,1,raw,108,523,2.130109063164221,2.2519664039205853,0.1586998087954111,0.03824091778202677,0.11089866156787763,0.009560229445506692,0.38179035717479176,0.05142809941834823,0.2820846499939148,0.08620689655172414,1.0954055703923575,0.013063112839631873,-0.14256237422451923,0.48911243451616854
0,1,raw,201,537,2.074214712423194,2.2324514660868116,0.19180633147113593,0.054003724394785846,0.12104283054003724,0.01675977653631285,0.398998037379251,0.041645616016909706,0.27025589039534814,0.1076923076923077,1.1249237214248786,0.01905614758942101,-0.08773287735872382,0.4700380391779305
0,1,raw,202,540,2.054554115148125,2.2234963395012937,0.2074074074074074,0.06481481481481481,0.12037037037037036,0.020370370370370372,0.4365282428507403,0.11040200506732509,0.30752844182905154,0.15384615384615385,1.13568842802912,0.005822814428729078,-0.07220635705551315,0.5355321270425615
0,1,raw,203,529,2.0978593206960867,2.2386158269689256,0.1833648393194707,0.05671077504725898,0.10586011342155009,0.020793950850661626,0.4224970367218326,0.058175762894628384,0.3049921763150509,0.16071428571428573,1.1122449014165139,0.010827677233632843,-0.11033334538248285,0.5219076743345711
0,1,raw,204,548,2.0288165515504124,2.199386374509067,0.2281021897810219,0.072992700729927,0.1332116788321168,0.020072992700729927,0.4634179224313811,0.08697666145553401,0.25386680325985933,0.1917808219178082,1.1500957696496565,0.02693539234554327,-0.03816393900740822,0.415096712538097
0,1,raw,205,533,2.085979275086995,2.2367055244655023,0.15572232645403378,0.04878048780487805,0.08442776735459662,0.01876172607879925,0.4212337093847929,0.07358241882071094,0.2564246006828991,0.08888888888888889,1.1185793460177225,0.012781043649765846,-0.10125641359591331,0.4335000716873008
0,1,raw,206,523,2.128840095189097,2.241325724154287,0.18164435946462715,0.06309751434034416,0.1089866156787763,0.009560229445506692,0.4067223639561545,0.06922017992318652,0.3274963430219775,0.12280701754385964,1.0960585243609253,0.009584040040050238,-0.1414553587423959,0.5224031522647241
0,1,raw,207,519,2.1427423003354624,2.2373460503235276,0.1676300578034682,0.03468208092485549,0.11368015414258188,0.019267822736030827,0.4114301246150497,0.06722268408565765,0.295017240754063,0.11864406779661017,1.088947249031315,0.014172608375429883,-0.15965912445919717,0.4958531640617674
0,1,raw,208,549,2.0271323477850554,2.214377395377832,0.22768670309653916,0.10018214936247723,0.12021857923497267,0.007285974499089253,0.4302098957914721,0.10557426536809565,0.2975434023169641,0.15151515151515152,1.151051304510457,0.009103485173498795,-0.02978609787193598,0.49005078592705936
0,1,hysteresis,101,500,2.224119788542221,2.233099410145714,0.224,0.036,0.168,0.02,0.4492576288867715,0.10657310908916058,0.28387669313710884,0.25,1.0491041648717563,0.009796822007254716,-0.059001822070926746,0.42181993179520605
0,1,hysteresis,102,486,2.2879603442723173,2.2993543487623143,0.15843621399176955,0.01440329218106996,0.12139917695473251,0.018518518518518517,0.38121795160327676,0.04509671829370508,0.28818963007450976,0.1694915254237288,1.0198311955775818,0.0051005876861313516,-0.16380112898191967,0.5058727426742349
0,1,hysteresis,103,492,2.2600963027534826,2.2658503465759914,0.20528455284552846,0.03861788617886179,0.13414634146341464,0.02032520325203252,0.42230159700727077,0.10563289804011528,0.31894389879545487,0.25757575757575757,1.0324043849329014,0.00945906875127927,-0.08814082939065448,0.4649417104002219
0,1,hysteresis,104,481,2.3137757706225437,2.29626792848992,0.14137214137214138,0.012474012474012475,0.10395010395010396,0.02286902286902287,0.35696822753262725,0.1060916994073804,0.3853573786708067,0.18,1.0084526612125113,0.00691317736280162,-0.16642387308438877,0.6031095201585521
0,1,hysteresis,105,483,2.3018302736208187,2.290322278752615,0.14699792960662525,0.010351966873706004,0.11387163561076605,0.020703933747412008,0.3890103773911171,0.07031870129262167,0.34727423298525933,0.2,1.0136860914870844,0.009658977791278202,-0.180307011694135,0.5446158210040448
0,1,hysteresis,106,498,2.2321837996361515,2.278538216669812,0.1606425702811245,0.02208835341365462,0.10642570281124498,0.030120481927710843,0.4169805419738459,0.08179738887047494,0.26841104658719106,0.1320754716981132,1.0453141599332767,0.007022775870555517,-0.0656652309861756,0.4856183499952482
0,1,hysteresis,107,483,2.3010422573705407,2.276145939003851,0.13664596273291926,0.006211180124223602,0.11594202898550725,0.012422360248447204,0.39348438028089683,0.03789519555874663,0.34652530773505247,0.16071428571428573,1.0140332390069589,0.015585929882114023,-0.14238140075775618,0.6091150831315243
0,1,hysteresis,108,479,2.321242511761973,2.29619713682538,0.14613778705636743,0.010438413361169102,0.11691022964509394,0.014613778705636743,0.36597401530237844,0.05827636456684152,0.28949028103714475,0.08928571428571429,1.0052087713843318,0.013063112839631873,-0.14256237422451923,0.48911243451616854
0,1,hysteresis,201,495,2.2488623493065916,2.2730244777645217,0.18383838383838383,0.028282828282828285,0.13131313131313133,0.022222222222222223,0.38565835695218004,0.06250634331559596,0.2950858391400863,0.16923076923076924,1.0375616515847612,0.01905614758942101,-0.08773287735872382,0.4700380391779305
0,1,hysteresis,202,489,2.268832765194248,2.2781597379213743,0.21063394683026584,0.034764826175869123,0.130879345603272,0.04294478527607362,0.42072305944795274,0.13511413315158194,0.3162920098557664,0.1875,1.0284289653819254,0.005822814428729078,-0.07220635705551315,0.5355321270425615
0,1,hysteresis,203,484,2.2929082244798136,2.2795339606458356,0.16942148760330578,0.01652892561983471,0.11983471074380166,0.028925619834710745,0.409285410600897,0.05851824390283801,0.3406673357285411,0.2413793103448276,1.0176304958139748,0.010827677233632843,-0.11033334538248285,0.5219076743345711
0,1,hysteresis,204,504,2.2049875590781145,2.248543208215639,0.2361111111111111,0.037698412698412696,0.1626984126984127,0.03571428571428571,0.45111149998096267,0.08709033632191132,0.2627069377589822,0.24691358024691357,1.0582070287547924,0.02693539234554327,-0.03816393900740822,0.415096712538097
0,1,hysteresis,205,490,2.2690345992272825,2.286252840479321,0.1510204081632653,0.022448979591836733,0.09387755102040816,0.030612244897959183,0.4120311177582972,0.09467958005194997,0.2709169326455622,0.10869565217391304,1.0283374850819587,0.012781043649765846,-0.10125641359591331,0.4335000716873008
0,1,hysteresis,206,484,2.300378863189872,2.286896263566337,0.16322314049586778,0.01859504132231405,0.12396694214876033,0.014462809917355372,0.3940339306693177,0.06822210842496543,0.3469121871709161,0.18333333333333332,1.0143256707278925,0.009584040040050238,-0.1414553587423959,0.5224031522647241
0,1,hysteresis,207,485,2.288414183987781,2.2782644319499084,0.15463917525773196,0.01443298969072165,0.11752577319587629,0.02268041237113402,0.40553320059555625,0.07621764904488272,0.30720141998381234,0.15789473684210525,1.0196289420245055,0.014172608375429883,-0.15965912445919717,0.4958531640617674
0,1,hysteresis,208,486,2.2899087632386737,2.280590491286919,0.19753086419753085,0.030864197530864196,0.13580246913580246,0.024691358024691357,0.3998743567707776,0.11489158470593415,0.3093737502739678,0.12121212121212122,1.018963449894503,0.009103485173498795,-0.02978609787193598,0.49005078592705936
0,1.5,raw,101,604,1.8426215905209908,2.0957801475882185,0.28311258278145696,0.13079470198675497,0.1456953642384106,0.006622516556291391,0.6043485075779679,0.19804536768411335,0.3368525267618549,0.23863636363636365,1.266311729623008,0.007525841078282949,0.20076916301962866,0.4218199339339706
0,1.5,raw,102,575,1.9338422679168612,2.16368673934981,0.19826086956521738,0.08521739130434783,0.09913043478260869,0.01391304347826087,0.5367107341593765,0.08104210172498154,0.2675950102032662,0.10526315789473684,1.2065789294422677,0.011883280936042797,0.07505629894939636,0.5058727365379692
0,1.5,raw,103,603,1.844051734569937,2.1252369676109235,0.24378109452736318,0.12603648424543948,0.11276948590381426,0.004975124378109453,0.5759283881704065,0.1462809008350126,0.3061692590525205,0.23529411764705882,1.2653296486161245,0.004230332019600306,0.19253163323337752,0.4649417001244589
0,1.5,raw,104,567,1.9629056593498637,2.1788306894051637,0.19400352733686066,0.08112874779541446,0.1111111111111111,0.001763668430335097,0.5087557687958116,0.13275618940710698,0.3215536555643435,0.1746031746031746,1.1887139467039693,0.0034008741860465205,0.0427373868108849,0.603109529564106
0,1.5,raw,105,565,1.9717703917643261,2.181467027100809,0.21946902654867256,0.09911504424778761,0.1079646017699115,0.012389380530973451,0.5526422116441608,0.13360447250044596,0.30874463496220994,0.13114754098360656,1.1833696981551098,0.010139761136471822,0.029172754621387575,0.5446158108984949
0,1.5,raw,106,597,1.8621021431136648,2.131354531399835,0.22780569514237856,0.10385259631490787,0.10720268006700168,0.01675041876046901,0.568860055047855,0.14444775143715902,0.2684774720272931,0.09375,1.253064093160707,0.00431364410504176,0.1734648782730952,0.4856183618105728
0,1.5,raw,107,562,1.9787409268155947,2.182805920319259,0.1797153024911032,0.07651245551601424,0.09786476868327403,0.005338078291814947,0.5370489052087919,0.11517661374411947,0.3049059142083979,0.09090909090909091,1.1792010271341522,0.015199300291637975,0.025153116969137024,0.6091150810190503
0,1.5,raw,108,578,1.927390158789941,2.168685420035823,0.2093425605536332,0.08823529411764706,0.11072664359861592,0.010380622837370242,0.5327354998903211,0.09374380935352411,0.2729757555359435,0.109375,1.2106180591885212,0.01225972049553475,0.07947398229656777,0.4891124519340047
0,1.5,raw,201,593,1.878417196358577,2.1399014572066144,0.2327150084317032,0.10286677908937605,0.1163575042158516,0.01011804384485666,0.5463336705353234,0.139214341353522,0.27458980982755277,0.17391304347826086,1.2421805644968744,0.0111337307205444,0.14674417956821273,0.47003802843544246
0,1.5,raw,202,594,1.8677289593001982,2.1460040003588565,0.2609427609427609,0.12121212121212122,0.11784511784511785,0.021885521885521887,0.5628960416921984,0.16664079689191016,0.3107680765208876,0.18571428571428572,1.2492890479181673,0.0035421725470551574,0.16244812836816092,0.5355321434496138
0,1.5,raw,203,582,1.9069504846327385,2.161415578683612,0.24398625429553264,0.11512027491408934,0.11683848797250859,0.012027491408934709,0.5570465738991627,0.133822427698578,0.30092769811986697,0.17647058823529413,1.2235940849731672,0.010173355351394854,0.11182440593468979,0.5219077166881204
0,1.5,raw,204,606,1.8364941345320873,2.1137088092841063,0.2590759075907591,0.13036303630363036,0.1188118811881188,0.009900990099009901,0.6014094614735361,0.15449781966163825,0.3066738541160609,0.1527777777777778,1.2705367740952977,0.026158756328574975,0.20906433160519278,0.41509672027425015
0,1.5,raw,205,600,1.853088483474412,2.126828407708702,0.22333333333333333,0.095,0.10833333333333334,0.018333333333333333,0.5541018268401559,0.12726782401569736,0.25981475367733786,0.15384615384615385,1.2591591573428245,0.0063197397559238075,0.17089426964677656,0.43350006234806787
0,1.5,raw,206,561,1.9847444400605518,2.1617943545023453,0.23885918003565063,0.09803921568627451,0.1354723707664884,0.0053475935828877,0.5468001630370143,0.13991331027287626,0.30831750950229,0.21052631578947367,1.1756341452515402,0.0081043984534598,0.017626222879261633,0.5224031337791281
0,1.5,raw,207,572,1.9441321803728797,2.158505542851718,0.23776223776223776,0.0944055944055944,0.12937062937062938,0.013986013986013986,0.5510223350530515,0.1275487582222625,0.28579634935006887,0.17567567567567569,1.2001927424943943,0.015606603316867433,0.06666572032352702,0.49585318469347517
0,1.5,raw,208,606,1.836512541387336,2.120008837201119,0.27722772277227725,0.15346534653465346,0.11221122112211221,0.01155115511551155,0.5573778153199842,0.1615277267148969,0.3393376424089532,0.14705882352941177,1.2705240398580069,0.007103204343780908,0.20907131984429395,0.49005078663961993
0,1.5,hysteresis,101,543,2.047982458192071,2.1535663583534146,0.3020257826887661,0.09023941068139964,0.19337016574585636,0.01841620626151013,0.6055153122267953,0.21342279682091275,0.34757713029240206,0.3333333333333333,1.139332675433737,0.007525841078282949,0.20076916301962866,0.4218199339339706
0,1.5,hysteresis,102,521,2.134278894533964,2.2159126363208035,0.21113243761996162,0.04990403071017274,0.14395393474088292,0.01727447216890595,0.5377281686262562,0.11476559734399891,0.2791819007989174,0.16,1.0932654299816025,0.011883280936042797,0.07505629894939636,0.5058727365379692
0,1.5,hysteresis,103,536,2.0745582013911794,2.1864196352811276,0.24440298507462688,0.07276119402985075,0.15298507462686567,0.016791044776119403,0.5755262572182452,0.17365284542179904,0.3160231304656072,0.34146341463414637,1.1247374654365552,0.004230332019600306,0.19253163323337752,0.4649417001244589
0,1.5,hysteresis,104,514,2.1653064374540323,2.2240293069924864,0.19066147859922178,0.03696498054474708,0.13618677042801555,0.017509727626459144,0.4994177753832733,0.15269344707305266,0.32015672104545523,0.24285714285714285,1.0775995918974255,0.0034008741860465205,0.0427373868108849,0.603109529564106
0,1.5,hysteresis,105,507,2.19292728095577,2.2242136507162082,0.21893491124260356,0.04339250493096647,0.15187376725838264,0.021696252465483234,0.541752982119404,0.14260006370720416,0.31399655252942377,0.2077922077922078,1.0640267707903062,0.010139761136471822,0.029172754621387575,0.5446158108984949
0,1.5,hysteresis,106,540,2.0586573693312182,2.1942893344745507,0.2351851851851852,0.07592592592592592,0.13148148148148148,0.027777777777777776,0.5745318667847027,0.16913817646974003,0.26516565619511046,0.1267605633802817,1.1334248078840565,0.00431364410504176,0.1734648782730952,0.4856183618105728
0,1.5,hysteresis,107,509,2.184778783635293,2.2202971814201584,0.19646365422396855,0.0275049115913556,0.15324165029469547,0.0137524557956778,0.533598462760614,0.12001099817769408,0.3110434442481302,0.24358974358974358,1.06799523631901,0.015199300291637975,0.025153116969137024,0.6091150810190503
0,1.5,hysteresis,108,518,2.146518370357312,2.2204545565969473,0.20463320463320464,0.0444015444015444,0.14671814671814673,0.013513513513513514,0.5360731304493941,0.11287122587181814,0.26620703095106846,0.14473684210526316,1.0870316162003888,0.01225972049553475,0.07947398229656777,0.4891124519340047
0,1.5,hysteresis,201,533,2.089871289757291,2.2037984276799487,0.24765478424015008,0.075046904315197,0.14821763602251406,0.0225140712945591,0.5464403086051505,0.15631823713539486,0.29163908415540357,0.20253164556962025,1.1164961903487927,0.0111337307205444,0.14674417956821273,0.47003802843544246
0,1.5,hysteresis,202,535,2.073702807148257,2.1995443728964523,0.27476635514018694,0.08971962616822429,0.15700934579439252,0.028037383177570093,0.5644358185566859,0.20162850633343035,0.3284879813473336,0.27380952380952384,1.1252014152124907,0.0035421725470551574,0.16244812836816092,0.5355321434496138
0,1.5,hysteresis,203,523,2.1210598594969974,2.20442282697167,0.25239005736137665,0.0745697896749522,0.1491395793499044,0.028680688336520075,0.5645639333732158,0.1727469620047965,0.3262732084505481,0.23376623376623376,1.1000789642432234,0.010173355351394854,0.11182440593468979,0.5219077166881204
0,1.5,hysteresis,204,547,2.031400149250976,2.165245069361791,0.27787934186471663,0.08957952468007313,0.16270566727605118,0.025594149908592323,0.6130695458196851,0.18636496094962043,0.3152282069273564,0.25,1.1486330421870292,0.026158756328574975,0.20906433160519278,0.41509672027425015
0,1.5,hysteresis,205,529,2.1018016825796733,2.1882675583995197,0.23251417769376181,0.06805293005671077,0.1285444234404537,0.034026465028355386,0.5763618313251482,0.19564232519466648,0.2850915239831746,0.14705882352941177,1.110158657057257,0.0063197397559238075,0.17089426964677656,0.43350006234806787
0,1.5,hysteresis,206,511,2.178946440066477,2.2104866233531615,0.22504892367906065,0.04892367906066536,0.15851272015655576,0.015655577299412915,0.5421737507167942,0.1566472835985823,0.30846041797755175,0.24691358024691357,1.0708539184020267,0.0081043984534598,0.017626222879261633,0.5224031337791281
0,1.5,hysteresis,207,511,2.1720225839735274,2.209821066442849,0.22113502935420742,0.05283757338551859,0.14481409001956946,0.023483365949119372,0.5601492383760405,0.15408655272232347,0.28234371475257813,0.21621621621621623,1.0742675285929586,0.015606603316867433,0.06666572032352702,0.49585318469347517
0,1.5,hysteresis,208,533,2.0880424016523933,2.1983294063737233,0.2682926829268293,0.09568480300187618,0.14821763602251406,0.0225140712945591,0.5588575195047775,0.19938017910816883,0.34072514877725346,0.17721518987341772,1.1174741142645506,0.007103204343780908,0.20907131984429395,0.49005078663961993
0,2,raw,101,686,1.622408014422887,1.538163770699437,0.31486880466472306,0.1924198250728863,0.12244897959183673,0.0,0.6742787157605008,0.2406084032756407,0.3740348499311141,0.19047619047619047,1.4381914491240557,0.005550609943922559,0.5442915183622636,0.42181993615365687
0,2,raw,102,632,1.760884476099491,2.0761034991143035,0.27689873417721517,0.1439873417721519,0.11708860759493671,0.015822784810126583,0.6357726584407922,0.16129971983719807,0.31847155723995807,0.10810810810810811,1.325091659903701,0.015216498802963193,0.318067429856594,0.5058727304826769
0,2,raw,103,669,1.6621256555744026,1.9890228554922869,0.29895366218236175,0.19133034379671152,0.10164424514200299,0.005979073243647235,0.6625410413018787,0.2308911426120172,0.3975405249377857,0.19117647058823528,1.4038248705853544,0.0025808378416517907,0.47322695010016025,0.4649416899296568
0,2,raw,104,629,1.7694480561953891,2.1002075415060264,0.24006359300476948,0.14626391096979333,0.09379968203497616,0.0,0.6126671250108756,0.1835154508955432,0.32740606740362976,0.11864406779661017,1.3186786270236115,0.0031170110709593368,0.30225460074794164,0.6031095390506006
0,2,raw,105,635,1.7543886770869244,2.0829785571902493,0.27244094488188975,0.16850393700787403,0.09291338582677165,0.011023622047244094,0.6360907979588614,0.1898368970513005,0.35610866613181663,0.15254237288135594,1.329997943903581,0.006105169900132269,0.3224152241936138,0.5446158008738994
0,2,raw,106,659,1.686977562031814,2.0124143596864474,0.2716236722306525,0.15933232169954475,0.10166919575113809,0.010622154779969651,0.6535273407783305,0.20532825473589406,0.34575498167194435,0.1044776119402985,1.3831442609841482,0.004884852558115141,0.4294243298734357,0.4856183737068861
0,2,raw,107,604,1.841145844743449,2.1131628178309216,0.26655629139072845,0.14403973509933773,0.11920529801324503,0.0033112582781456954,0.6416606247619868,0.21252518263914533,0.34634042812915117,0.1527777777777778,1.2673267248192754,0.00997247310242345,0.20107320496635506,0.609115078987605
0,2,raw,108,650,1.7105924632415757,2.052500113817618,0.2676923076923077,0.14615384615384616,0.11076923076923077,0.010769230769230769,0.6279983188911001,0.14934929402758926,0.313429480804077,0.2112676056338028,1.3640498151802112,0.00923901398949088,0.3936534710638786,0.48911246943283654
0,2,raw,201,668,1.6675563081737266,1.9897140522299053,0.26497005988023953,0.15119760479041916,0.1062874251497006,0.0074850299401197605,0.6272565692084207,0.17714066734827433,0.34233764551043755,0.15492957746478872,1.3992530998181119,0.008026754479533296,0.46504376607918463,0.4700380177739126
0,2,raw,202,659,1.6834543301036724,2.0026095835406923,0.2867981790591806,0.18664643399089528,0.08649468892261002,0.013657056145675266,0.6539139701433292,0.23255372913052796,0.3619880990184189,0.10526315789473684,1.386038986391534,0.005653646501081489,0.4347902329911224,0.5355321599375933
0,2,raw,203,653,1.6996664740587788,2.025195255486613,0.2787136294027565,0.1776416539050536,0.09341500765696784,0.007656967840735069,0.6482560210912972,0.2027155155094634,0.3389355453258083,0.11475409836065574,1.3728183552161075,0.007995172490366334,0.40517122809686335,0.5219077591227016
0,2,raw,204,681,1.6343086209452804,1.9532109302181748,0.32158590308370044,0.18355359765051396,0.13509544787077826,0.002936857562408223,0.6878195407505392,0.23598853889280866,0.4020145902033059,0.18478260869565216,1.4277189163841886,0.02199179641792138,0.5232854114630494,0.41509672809141523
0,2,raw,205,685,1.6231788079723461,1.4486915208568318,0.2686131386861314,0.15766423357664233,0.10364963503649635,0.0072992700729927005,0.6463175155928017,0.19107866871719345,0.3180614557804693,0.15492957746478872,1.437508499909571,0.006839074675354541,0.5394972139539944,0.43350005308979606
0,2,raw,206,634,1.7563060074448131,2.0759191857528227,0.2618296529968454,0.15930599369085174,0.09936908517350158,0.0031545741324921135,0.639172012176113,0.2074848129476368,0.3394894681452322,0.07936507936507936,1.328546007041231,0.005432947013807583,0.32333028017214405,0.5224031153744957
0,2,raw,207,636,1.7500080549183687,2.0611362822205814,0.2610062893081761,0.139937106918239,0.11163522012578617,0.009433962264150943,0.6525173015593293,0.20317270397858617,0.32715426273621934,0.15492957746478872,1.3333271962809192,0.01335283530804976,0.3306308093248793,0.49585320540611494
0,2,raw,208,672,1.6561679671231362,1.9837084791247555,0.29910714285714285,0.1875,0.1056547619047619,0.005952380952380952,0.6488257644079152,0.218383152136605,0.36885923746617116,0.15492957746478872,1.4088748120074286,0.009074819605870773,0.48559574574877606,0.49005078743316294
0,2,hysteresis,101,610,1.8245440949083616,2.0678231833432887,0.35737704918032787,0.16721311475409836,0.18524590163934426,0.004918032786885246,0.7012230791808869,0.30282297224004545,0.4329418782871902,0.3008849557522124,1.2788582856642479,0.005550609943922559,0.5442915183622636,0.42181993615365687
0,2,hysteresis,102,562,1.9785878759047044,2.14174721904189,0.29537366548042704,0.10142348754448399,0.1708185053380783,0.023131672597864767,0.6515150644094123,0.1996908205950985,0.34869745149063147,0.17708333333333334,1.179292242588125,0.015216498802963193,0.318067429856594,0.5058727304826769
0,2,hysteresis,103,588,1.891091944862713,2.1120571323059023,0.3163265306122449,0.14625850340136054,0.15306122448979592,0.015306122448979591,0.6867688158885277,0.27485695934738813,0.4154476455390346,0.25555555555555554,1.233855043205065,0.0025808378416517907,0.47322695010016025,0.4649416899296568
0,2,hysteresis,104,557,1.998173837247576,2.16345085349266,0.23877917414721722,0.09515260323159784,0.13285457809694792,0.010771992818671455,0.6220565791548786,0.2186970965324588,0.3452734252591206,0.14864864864864866,1.1677329018317193,0.0031170110709593368,0.30225460074794164,0.6031095390506006
0,2,hysteresis,105,562,1.9783576525710251,2.152883365137699,0.2900355871886121,0.11743772241992882,0.15480427046263345,0.017793594306049824,0.6545452936600465,0.22000871960435786,0.3657592104445611,0.20689655172413793,1.179429477931349,0.006105169900132269,0.3224152241936138,0.5446158008738994
0,2,hysteresis,106,590,1.8842681582694332,2.116874291114755,0.29322033898305083,0.13389830508474576,0.13898305084745763,0.020338983050847456,0.6745053450354869,0.2491571277735536,0.37808745380057934,0.12195121951219512,1.238323389955459,0.004884852558115141,0.4294243298734357,0.4856183737068861
0,2,hysteresis,107,552,2.014587119972904,2.160330128775535,0.2572463768115942,0.08514492753623189,0.16485507246376813,0.007246376811594203,0.6387769907248873,0.21700499035843493,0.3493052823121363,0.18681318681318682,1.1582191259937749,0.00997247310242345,0.20107320496635506,0.609115078987605
0,2,hysteresis,108,576,1.9303560783108058,2.1325162189523974,0.2934027777777778,0.109375,0.16493055555555555,0.019097222222222224,0.65166805083848,0.19195189388677963,0.35356692802297746,0.24210526315789474,1.208757990067387,0.00923901398949088,0.3936534710638786,0.48911246943283654
0,2,hysteresis,201,600,1.8565460231000819,2.1041725595071195,0.2816666666666667,0.12333333333333334,0.14666666666666667,0.011666666666666667,0.6529084803741326,0.21754151269407782,0.35728773332571057,0.20454545454545456,1.2568141615132742,0.008026754479533296,0.46504376607918463,0.4700380177739126
0,2,hysteresis,202,579,1.9160559646603115,2.125895015201463,0.307426597582038,0.1381692573402418,0.14162348877374784,0.027633851468048358,0.6701321617170775,0.28539870818812296,0.39680913222543307,0.21951219512195122,1.2177793218826982,0.005653646501081489,0.4347902329911224,0.5355321599375933
0,2,hysteresis,203,584,1.9004832321239422,2.130583328296117,0.3082191780821918,0.1386986301369863,0.14897260273972604,0.02054794520547945,0.6676153916009208,0.25551730136022094,0.38437802540368665,0.16091954022988506,1.227757916456672,0.007995172490366334,0.40517122809686335,0.5219077591227016
0,2,hysteresis,204,617,1.802111769676154,2.064320786810135,0.34035656401944897,0.16045380875202594,0.1685575364667747,0.011345218800648298,0.7150427431888097,0.28990097644999085,0.43383289375222467,0.20192307692307693,1.2947772566585267,0.02199179641792138,0.5232854114630494,0.41509672809141523
0,2,hysteresis,205,599,1.8562228438414978,2.1001505343444484,0.3038397328881469,0.1318864774624374,0.14357262103505844,0.02671118530884808,0.6780797335908676,0.2709087365734436,0.3933116258840779,0.20930232558139536,1.2570329802128952,0.006839074675354541,0.5394972139539944,0.43350005308979606
0,2,hysteresis,206,568,1.9603838181690347,2.133315837608433,0.2711267605633803,0.10915492957746478,0.15492957746478872,0.007042253521126761,0.6416619888911504,0.2287569846520777,0.35830750188666605,0.22727272727272727,1.1902431104091786,0.005432947013807583,0.32333028017214405,0.5224031153744957
0,2,hysteresis,207,569,1.9506487130782035,2.1286691598980325,0.2759226713532513,0.10017574692442882,0.1616871704745167,0.014059753954305799,0.6672589753257429,0.2390965377550138,0.36818482500281113,0.18478260869565216,1.1961832582614211,0.01335283530804976,0.3306308093248793,0.49585320540611494
0,2,hysteresis,208,607,1.8335170904559266,2.1012321339127906,0.3163097199341021,0.171334431630972,0.13179571663920922,0.013179571663920923,0.667507872649793,0.27191191657564673,0.41111594236909943,0.2,1.2725997185840912,0.009074819605870773,0.48559574574877606,0.49005078743316294
0,3,raw,101,837,1.3297428599787364,1.08530170567304,0.35842293906810035,0.2855436081242533,0.07287933094384708,0.0,0.7687698029858534,0.36071149636527106,0.4581628647711222,0.21311475409836064,1.754725220611935,0.0020389286299726302,1.1768504332152054,0.42181994083600305
0,3,raw,102,777,1.432341185751551,1.1343814689137228,0.323037323037323,0.22393822393822393,0.09652509652509653,0.002574002574002574,0.7434901530150151,0.2857595284819152,0.4279959758418118,0.12,1.6290345879491213,0.005326709809616496,0.921326065680435,0.505872718615006
0,3,raw,103,815,1.3643760609018154,1.0899898240449228,0.37668711656441717,0.29938650306748466,0.07730061349693251,0.0,0.7661338783226423,0.34656401628490185,0.47013920206948995,0.06349206349206349,1.7101834312389383,0.001951213779744653,1.0848938647755682,0.4649416697829422
0,3,raw,104,765,1.454894769649467,1.1390970556603721,0.31895424836601305,0.23137254901960785,0.08627450980392157,0.00130718954248366,0.7188763793665205,0.27842949227536967,0.4181072899576763,0.13846153846153847,1.603781511906536,0.004207243745520675,0.871715805958162,0.6031095582665178
0,3,raw,105,770,1.4467831636196153,1.1330245216314245,0.3194805194805195,0.24805194805194805,0.06623376623376623,0.005194805194805195,0.7460373642598245,0.31255190176497344,0.4365070554723853,0.0784313725490196,1.6127733526395995,0.003306428342768495,0.8879352439543737,0.5446157810677035
0,3,raw,106,807,1.3776754271135276,1.09966235209775,0.3333333333333333,0.26022304832713755,0.07311028500619579,0.0,0.7630272846041661,0.32682284544822526,0.45045837168060393,0.05172413793103448,1.6936742046870044,0.00019744263747205955,1.0543381012439026,0.4856183977424137
0,3,raw,107,739,1.5058113108293385,1.168115340777361,0.33288227334235454,0.23410013531799728,0.09878213802435724,0.0,0.7295770319489833,0.3084751507415042,0.448431083882961,0.1506849315068493,1.5495522689680354,0.005184616233053567,0.7665511869687833,0.6091150751674995
0,3,raw,108,798,1.3933775786152691,1.1308051144558058,0.3082706766917293,0.22932330827067668,0.07894736842105263,0.0,0.7394706714213765,0.2846821881107738,0.41853090446904107,0.14285714285714285,1.6745879718060246,0.004338811548974061,1.0136190565725065,0.4891125046733788
0,3,raw,201,808,1.3786574729418326,1.1103426331053052,0.3415841584158416,0.2623762376237624,0.07425742574257425,0.0049504950495049506,0.7555083892538167,0.3200541054891215,0.46477251699533684,0.08333333333333333,1.6924677660176,0.0032449459032572498,1.0514282488390627,0.47003799669373336
0,3,raw,202,789,1.4059759030593206,1.111992197239171,0.33460076045627374,0.26996197718631176,0.060836501901140684,0.0038022813688212928,0.7518920582784616,0.34430189335497335,0.46495624048766643,0.0625,1.659582734139424,0.0021410448488134457,0.9794506807516115,0.5355321931565705
0,3,raw,203,800,1.387398620783568,1.1082386210666044,0.32625,0.265,0.05875,0.0025,0.7502696416255269,0.32057406607078626,0.43092400178432744,0.1276595744680851,1.6818045645854292,0.003895205398885703,1.0169453825460155,0.5219078442346845
0,3,raw,204,825,1.3490704370542053,1.078086253696385,0.37696969696969695,0.296969696969697,0.07878787878787878,0.0012121212121212121,0.777570131054968,0.37536474701117195,0.4970286887936893,0.12307692307692308,1.7295859943594483,0.009582708669771059,1.126549473279117,0.41509674396864393
0,3,raw,205,832,1.3372392074698012,1.0843033650242957,0.3389423076923077,0.2704326923076923,0.0673076923076923,0.001201923076923077,0.7561270464536723,0.3410526401961558,0.4505093772406718,0.125,1.744888513812161,0.002047403763460463,1.1471028306589508,0.43350003481615607
0,3,raw,206,775,1.4368909147917155,1.1356117687924496,0.32903225806451614,0.24258064516129033,0.08516129032258064,0.0012903225806451613,0.7338667755264261,0.2925206404830159,0.4232648150293667,0.12121212121212122,1.6238764608457152,0.005782840285899966,0.9138276699320484,0.5224030788081424
0,3,raw,207,773,1.439871425009889,1.1253719929371315,0.3428201811125485,0.2574385510996119,0.08020698576972833,0.00517464424320828,0.7585376798500229,0.3381322893501831,0.4708378760307956,0.04838709677419355,1.6205150632233072,0.007687748493754424,0.904573005578241,0.49585324707436695
0,3,raw,208,795,1.3999545292949598,1.1082094030966254,0.3534591194968553,0.2779874213836478,0.0729559748427673,0.0025157232704402514,0.7555221365450692,0.3488529219333193,0.4594745430097199,0.08620689655172414,1.6667208002165887,0.004688672753700414,0.9967070255245165,0.4900507892631723
0,3,hysteresis,101,755,1.474165263314175,1.1341321990334903,0.4304635761589404,0.28211920529801326,0.1456953642384106,0.0026490066225165563,0.7998619385825266,0.4259833789137985,0.5475294623073215,0.3,1.5828166565854374,0.0020389286299726302,1.1768504332152054,0.42181994083600305
0,3,hysteresis,102,689,1.615281714555813,1.346456325944785,0.36284470246734396,0.20899854862119013,0.14513788098693758,0.008708272859216255,0.7694362707941786,0.34223015574121224,0.4886541012993996,0.21,1.44453646215823,0.005326709809616496,0.921326065680435,0.505872718615006
0,3,hysteresis,103,743,1.4965901610161232,1.1408987460981241,0.4104979811574697,0.28667563930013457,0.12113055181695828,0.0026917900403768506,0.7924922223177419,0.405354767599439,0.5346908658584114,0.12222222222222222,1.559099741608014,0.001951213779744653,1.0848938647755682,0.4649416697829422
0,3,hysteresis,104,684,1.6271849397395353,1.4746795438079614,0.36403508771929827,0.22660818713450293,0.13450292397660818,0.0029239766081871343,0.7552133529802618,0.34514693258579954,0.48117534697467423,0.24175824175824176,1.4339693518223147,0.004207243745520675,0.871715805958162,0.6031095582665178
0,3,hysteresis,105,684,1.628688649103953,1.3207128598993532,0.3611111111111111,0.2309941520467836,0.11988304093567251,0.01023391812865497,0.7770720085829995,0.38357975290094004,0.5230067189893676,0.13414634146341464,1.4326454197473846,0.003306428342768495,0.8879352439543737,0.5446157810677035
0,3,hysteresis,106,721,1.5420028705695104,1.1704530412634095,0.37725381414701803,0.2552011095700416,0.11650485436893204,0.005547850208044383,0.7935467280613389,0.39559513803972024,0.5340053042957377,0.10714285714285714,1.5131835211639781,0.00019744263747205955,1.0543381012439026,0.4856183977424137
0,3,hysteresis,107,654,1.7003699763150095,2.034515103491054,0.3577981651376147,0.20030581039755352,0.1559633027522936,0.0015290519877675841,0.7590518760271459,0.3655590503904223,0.4991419690206481,0.21782178217821782,1.3722503724689745,0.005184616233053567,0.7665511869687833,0.6091150751674995
0,3,hysteresis,108,724,1.5357946239433493,1.1938145501950417,0.3425414364640884,0.21961325966850828,0.12016574585635359,0.0027624309392265192,0.7753701030750296,0.34756191268873693,0.48858815636235714,0.1839080459770115,1.519300365397947,0.004338811548974061,1.0136190565725065,0.4891125046733788
0,3,hysteresis,201,734,1.5176501881975488,1.1668339745589922,0.3814713896457766,0.25340599455040874,0.1226158038147139,0.005449591280653951,0.785909145730005,0.3805802022696441,0.534833404032577,0.17777777777777778,1.5374645300209389,0.0032449459032572498,1.0514282488390627,0.47003799669373336
0,3,hysteresis,202,714,1.5536624474983252,1.1707953552068147,0.3907563025210084,0.26750700280112044,0.11204481792717087,0.011204481792717087,0.7835067486871272,0.41121477914186444,0.5362611090729613,0.1375,1.5018277213885283,0.0021410448488134457,0.9794506807516115,0.5355321931565705
0,3,hysteresis,203,709,1.5654709402353375,1.1991496373310246,0.35684062059238364,0.2397743300423131,0.11424541607898449,0.0028208744710860366,0.7791820347923071,0.38210679337942766,0.5171198610327395,0.2345679012345679,1.4904992953638367,0.003895205398885703,1.0169453825460155,0.5219078442346845
0,3,hysteresis,204,747,1.4899372296783393,1.1412621482040906,0.4190093708165997,0.285140562248996,0.13253012048192772,0.0013386880856760374,0.8145758447859597,0.446443374543805,0.580302578406348,0.1717171717171717,1.5660615003472822,0.009582708669771059,1.126549473279117,0.41509674396864393
0,3,hysteresis,205,759,1.4649675412801066,1.1395854942379224,0.37681159420289856,0.2621870882740448,0.11198945981554677,0.002635046113306983,0.7886481409662902,0.4015863964218854,0.5130495562655717,0.16470588235294117,1.5927542881219319,0.002047403763460463,1.1471028306589508,0.43350003481615607
0,3,hysteresis,206,699,1.5931193976589124,1.246727275782659,0.37339055793991416,0.23605150214592274,0.13447782546494993,0.002861230329041488,0.7712371824020493,0.36250070682170654,0.5116163978638615,0.1702127659574468,1.4646318014595547,0.005782840285899966,0.9138276699320484,0.5224030788081424
0,3,hysteresis,207,701,1.5877612147398632,1.2268347018121657,0.37089871611982883,0.23109843081312412,0.1326676176890157,0.007132667617689016,0.7849264530413013,0.38858383028213395,0.5251024716188604,0.11827956989247312,1.469574462250373,0.007687748493754424,0.904573005578241,0.49585324707436695
0,3,hysteresis,208,726,1.5330080589386954,1.1653864011619077,0.4049586776859504,0.2741046831955923,0.12534435261707988,0.005509641873278237,0.7780377518359817,0.40525653960112473,0.5367316215057002,0.17582417582417584,1.5220620137826963,0.004688672753700414,0.9967070255245165,0.4900507892631723
0,4,raw,101,960,1.1593779306577345,1.0281870436889704,0.409375,0.36354166666666665,0.04583333333333333,0.0,0.8173745753947459,0.4537081799203982,0.5454930426443781,0.13636363636363635,2.012573528986872,0.002266287715723542,1.6879148189808313,0.42181994584219795
0,4,raw,102,921,1.2084140863245245,1.0444557250863216,0.33767643865363733,0.2899022801302932,0.04668838219326819,0.0010857763300760044,0.796183049904669,0.38510418896843013,0.4818945715983659,0.13953488372093023,1.9309054402289612,0.0015144862376674517,1.5245536315208525,0.5058727070711936
0,4,raw,103,935,1.1892718234791442,1.032372014979246,0.39786096256684494,0.3508021390374332,0.047058823529411764,0.0,0.8126895581300134,0.4371845713652302,0.5336696346949249,0.06818181818181818,1.9619848778619042,0.00417889281166776,1.5834080754729207,0.46494164996015713
0,4,raw,104,887,1.2557133297781942,1.0562298173821654,0.37993235625704624,0.3201803833145434,0.05975197294250282,0.0,0.7862847438028343,0.37418647870809013,0.49209184733199984,0.09433962264150944,1.8581735799089483,0.004250235858531038,1.3784466613545487,0.6031095778063905
0,4,raw,105,899,1.2360003184903552,1.0478306897376097,0.3793103448275862,0.3181312569521691,0.060066740823136816,0.0011123470522803114,0.7966970781454249,0.4020505467807603,0.5206436688939985,0.05555555555555555,1.8878096537897784,0.0026098585166273057,1.4366859198996376,0.54461576158535
0,4,raw,106,919,1.20982296105247,1.0436030447421467,0.381936887921654,0.33623503808487487,0.04570184983677911,0.0,0.8197877870620418,0.4475170241848034,0.5421495080888992,0.047619047619047616,1.9286568435628633,0.0008237171590500396,1.5239069368907656,0.4856184221018378
0,4,raw,107,843,1.320123709729202,1.0751436146561153,0.3760379596678529,0.30723606168446027,0.06761565836298933,0.0011862396204033216,0.7902518048322132,0.40149894780838774,0.5130081347160274,0.12280701754385964,1.7675111174330564,0.003994787548160073,1.2021815474555533,0.6091150716713799
0,4,raw,108,928,1.1982046028071895,1.0406005225396144,0.3545258620689655,0.3017241379310345,0.052801724137931036,0.0,0.8055460384886649,0.40817611092838785,0.5169103326816482,0.08163265306122448,1.9473580120346146,0.0018057403432195644,1.5581759263807076,0.4891125402378544
0,4,raw,201,932,1.19427438738203,1.0402089272913528,0.3798283261802575,0.3272532188841202,0.05257510729613734,0.0,0.8042152815863189,0.4196711448572948,0.5198706704116486,0.14285714285714285,1.9537665363888739,0.002903756335605243,1.5708175202384358,0.47003797593752367
0,4,raw,202,904,1.229181137483333,1.0397642653728663,0.4059734513274336,0.3639380530973451,0.0420353982300885,0.0,0.8077809342995637,0.4340706893858595,0.5396586210640494,0.10526315789473684,1.8982827365140655,0.0005811666697183055,1.4612555487054806,0.5355322266993983
0,4,raw,203,902,1.2325418181813055,1.0391181023084837,0.3869179600886918,0.34035476718403546,0.04656319290465632,0.0,0.8147869560762387,0.43895352492783113,0.5312291154620241,0.16666666666666666,1.893106829248452,0.002954379665282761,1.4527353595003594,0.5219079296706374
0,4,raw,204,955,1.1654337142794253,1.0268060653370374,0.41465968586387436,0.3643979057591623,0.050261780104712044,0.0,0.8219805472229373,0.45627560127506855,0.5428466269584128,0.125,2.0021158687484917,0.006909276002820533,1.6711391136098244,0.4150967601697362
0,4,raw,205,954,1.1663949534173503,1.0301272848309928,0.3721174004192872,0.33647798742138363,0.03563941299790356,0.0,0.8127629369577019,0.4443836093793456,0.5332943925562326,0.11764705882352941,2.0004659026490472,0.0029174806304039804,1.6667754074059569,0.4335000168664167
0,4,raw,206,899,1.2387736777382148,1.0456785500284471,0.37486095661846497,0.3192436040044494,0.05561735261401557,0.0,0.7966416429348883,0.391041413272982,0.5012707967184369,0.1,1.8835832366034724,0.005240635691591324,1.4331467912996159,0.5224030425657462
0,4,raw,207,929,1.1980814402400684,1.0372129252696591,0.37244348762109797,0.3207750269106566,0.05166846071044134,0.0,0.795620260393517,0.3920863461213171,0.49198550824398196,0.0625,1.9475582001051501,0.005753424134662952,1.5622557609435286,0.49585328906647336
0,4,raw,208,923,1.2058216350380535,1.0308326919469752,0.4008667388949079,0.35861321776814736,0.04225352112676056,0.0,0.8040006855359639,0.4329549840017123,0.5224910292224664,0.05128205128205128,1.9350567824732203,0.004567966523038981,1.5371070044495068,0.49005079141703445
0,4,hysteresis,101,891,1.2491614067692765,1.0425624179214938,0.4556677890011223,0.37485970819304154,0.07968574635241302,0.001122334455667789,0.8453584995564297,0.5173260818003803,0.6120805816330586,0.15492957746478872,1.8679198065909401,0.002266287715723542,1.6879148189808313,0.42181994584219795
0,4,hysteresis,102,843,1.3202246423545514,1.075028670447433,0.3926453143534994,0.2977461447212337,0.09015421115065243,0.004744958481613286,0.8237375706783712,0.4479899270292353,0.5644011184695273,0.15789473684210525,1.767375989264945,0.0015144862376674517,1.5245536315208525,0.5058727070711936
0,4,hysteresis,103,865,1.2855134739341043,1.0540064585703275,0.45433526011560693,0.3630057803468208,0.08786127167630058,0.003468208092485549,0.8394656256773373,0.499128862225475,0.6058567321314786,0.15789473684210525,1.815098309465826,0.00417889281166776,1.5834080754729207,0.46494164996015713
0,4,hysteresis,104,812,1.370688468127439,1.086434465359459,0.4211822660098522,0.32019704433497537,0.10098522167487685,0.0,0.814897504758687,0.4380136847576056,0.5602380444261585,0.1728395061728395,1.7023075538973553,0.004250235858531038,1.3784466613545487,0.6031095778063905
0,4,hysteresis,105,822,1.3517813702224202,1.0755716462674458,0.40632603406326034,0.3150851581508516,0.09002433090024331,0.0012165450121654502,0.8270338312162946,0.4678973148255565,0.5887131202253344,0.10810810810810811,1.7261173920080064,0.0026098585166273057,1.4366859198996376,0.54461576158535
0,4,hysteresis,106,856,1.2988636696346025,1.0598833677119495,0.411214953271028,0.33060747663551404,0.08060747663551401,0.0,0.8391288123007311,0.48984225172878687,0.5866139295092876,0.13043478260869565,1.7964420653860838,0.0008237171590500396,1.5239069368907656,0.4856184221018378
0,4,hysteresis,107,769,1.4471577208084747,1.1066270871537462,0.42912873862158646,0.31209362808842656,0.11443433029908973,0.002600780234070221,0.8237568153109044,0.473762024023967,0.592055733778071,0.18181818181818182,1.6123559303748758,0.003994787548160073,1.2021815474555533,0.6091150716713799
0,4,hysteresis,108,848,1.3112427728833393,1.0654929915722668,0.39740566037735847,0.3089622641509434,0.08726415094339622,0.0011792452830188679,0.838270105231423,0.4807711833187513,0.5928950485057345,0.16216216216216217,1.7794823213419753,0.0018057403432195644,1.5581759263807076,0.4891125402378544
0,4,hysteresis,201,866,1.28529298965364,1.0599371085350877,0.43187066974595845,0.3394919168591224,0.09122401847575058,0.0011547344110854503,0.8354713356364746,0.4848382420858221,0.6087905057860594,0.12658227848101267,1.8154096786617646,0.002903756335605243,1.5708175202384358,0.47003797593752367
0,4,hysteresis,202,830,1.3387707810661844,1.0667842849568367,0.4566265060240964,0.36987951807228914,0.0855421686746988,0.0012048192771084338,0.8381859478038692,0.5015047545667315,0.6194831659916835,0.08571428571428572,1.7428923355162327,0.0005811666697183055,1.4612555487054806,0.5355322266993983
0,4,hysteresis,203,832,1.3350468462923213,1.0618430023030014,0.42427884615384615,0.33653846153846156,0.08413461538461539,0.003605769230769231,0.8422693403487143,0.49790980476284963,0.5993614718646255,0.22857142857142856,1.747753900781417,0.002954379665282761,1.4527353595003594,0.5219079296706374
0,4,hysteresis,204,870,1.2792979277435075,1.0446933771598497,0.4735632183908046,0.3724137931034483,0.09885057471264368,0.0022988505747126436,0.856043316696136,0.5371201961210569,0.6406337311416163,0.18604651162790697,1.8239170741478405,0.006909276002820533,1.6711391136098244,0.4150967601697362
0,4,hysteresis,205,882,1.2606917181367507,1.048119193811115,0.41156462585034015,0.3435374149659864,0.06802721088435375,0.0,0.8446453876098678,0.5112204538821292,0.6037586348737075,0.15,1.8508357751266118,0.0029174806304039804,1.6667754074059569,0.4335000168664167
0,4,hysteresis,206,811,1.3731905502918067,1.0852010351135972,0.44266337854500615,0.3279901356350185,0.11344019728729964,0.0012330456226880395,0.831322627724432,0.4718268308550681,0.600939444170702,0.15217391304347827,1.69920578963895,0.005240635691591324,1.4331467912996159,0.5224030425657462
0,4,hysteresis,207,846,1.3156237091997915,1.063263117144553,0.4243498817966903,0.32860520094562645,0.0933806146572104,0.002364066193853428,0.8279786274748181,0.4702501125609706,0.5823711002048999,0.1518987341772152,1.7735567678029676,0.005753424134662952,1.5622557609435286,0.49585328906647336
0,4,hysteresis,208,851,1.3078417968744103,1.0610084266033037,0.4406580493537015,0.36310223266745006,0.07755581668625147,0.0,0.8345782058692897,0.49708633303006394,0.6016647467164574,0.09090909090909091,1.78410977452298,0.004567966523038981,1.5371070044495068,0.49005079141703445
0.5,0,raw,101,483,2.302460607387184,2.2988759301577315,0.12629399585921325,0.0,0.10973084886128365,0.010351966873706004,0.01296601589172797,0.032127839361984246,0.39529612847974727,0.17307692307692307,1.01340857943328,0.02111010252043201,-0.31082783399638414,0.8690408126936673
0.5,0,raw,102,475,2.3407457606720334,2.324081940882738,0.0968421052631579,0.0,0.09052631578947369,0.00631578947368421,0.037334428329400635,0.015057372161158992,0.40437169928831657,0.023255813953488372,0.9968333052383389,0.0249989554518512,-0.34008667649258784,0.9786597313447246
0.5,0,raw,103,477,2.3312090043067513,2.3073125673739354,0.11740041928721175,0.0041928721174004195,0.0859538784067086,0.016771488469601678,0.007718789163905431,0.019102156709911288,0.40543131921938413,0.21951219512195122,1.0009112563578202,0.006823418009658773,-0.3393408539625413,0.7464936084498471
0.5,0,raw,104,483,2.3039868584704557,2.3184492017907266,0.10766045548654245,0.002070393374741201,0.09523809523809523,0.008281573498964804,0.05072677562977647,0.020697567030541524,0.4861900988576965,0.15217391304347827,1.0127372579209761,0.04151682687749968,-0.30815958764958573,1.260012092993612
0.5,0,raw,105,476,2.335566325092809,2.3265705781353088,0.11764705882352941,0.004201680672268907,0.09873949579831932,0.012605042016806723,0.026744313267080624,0.030600239938531188,0.4288996770822594,0.0851063829787234,0.999043918498274,0.021286670971158987,-0.33551349756139026,1.1287366242655774
0.5,0,raw,106,477,2.3305778102421586,2.337368714714882,0.10272536687631027,0.0020964360587002098,0.0859538784067086,0.014675052410901468,0.02780259559582061,0.035458527920724035,0.39782157784158306,0.07317073170731707,1.0011823347322133,0.03807600673990219,-0.3302367308459768,0.9143622431771705
0.5,0,raw,107,475,2.340918059702555,2.3182738898727484,0.09052631578947369,0.0,0.0863157894736842,0.004210526315789474,0.02968611695072779,0.03621543142122154,0.4871566110363465,0.04878048780487805,0.9967599351298159,0.01884216477907276,-0.33934207706306996,1.2558195078090402
0.5,0,raw,108,476,2.335768713716455,2.3237205057959516,0.10714285714285714,0.0,0.09453781512605042,0.008403361344537815,0.02509204824102837,0.07731916886064215,0.3739533961494709,0.06666666666666667,0.9989573537958529,0.021511572215418502,-0.33964817417695836,0.8830098458629962
0.5,0,raw,201,475,2.3395529444374055,2.3255960677632768,0.14105263157894737,0.002105263157894737,0.11578947368421053,0.018947368421052633,0.018317896838603773,0.03915734774442045,0.33327671656313607,0.07272727272727272,0.9973415386393114,0.022801770567479233,-0.3387867676753533,0.9090774855678204
0.5,0,raw,202,473,2.345272286797355,2.3152352270533725,0.10782241014799154,0.0021141649048625794,0.08456659619450317,0.021141649048625793,0.03440099651443836,0.04132915008262488,0.39301369460560037,0.075,0.9949093529432672,0.017460100228458418,-0.3446028623255195,1.058504679078102
0.5,0,raw,203,477,2.325926405207503,2.3133394928046593,0.10272536687631027,0.0041928721174004195,0.0859538784067086,0.010482180293501049,0.026557477867914743,0.010481533491174408,0.40692799992424095,0.175,1.0031845066590444,0.002559432848865683,-0.3284073769441349,1.1825425173309747
0.5,0,raw,204,481,2.3105906039590285,2.312618199153896,0.1288981288981289,0.004158004158004158,0.10810810810810811,0.016632016632016633,0.010105326378854553,0.022669936322905766,0.3630702560699511,0.0392156862745098,1.0098428208507975,0.015625294950662866,-0.315054235586643,0.6831786492236575
0.5,0,raw,205,468,2.3760156239697827,2.346473517387684,0.11965811965811966,0.004273504273504274,0.09188034188034189,0.017094017094017096,0.030365647992308235,0.05443946663900557,0.38038883867671774,0.11627906976744186,0.9820361910898813,0.028465453843992135,-0.36915655069197917,0.7765530408512844
0.5,0,raw,206,475,2.3439175290731087,2.3203434046294027,0.09263157894736843,0.004210526315789474,0.07578947368421053,0.010526315789473684,0.03303115424797227,0.06558247340418608,0.453636486377624,0.027777777777777776,0.9954843992553095,0.019315818877222158,-0.34656815516860795,1.2602581444674912
0.5,0,raw,207,479,2.316730491253053,2.3230042708196263,0.1336116910229645,0.0020876826722338203,0.11691022964509394,0.014613778705636743,0.03129430083564905,0.03416552817478761,0.4056683542373019,0.125,1.0071664969848522,0.025464078940965442,-0.3195313980913892,0.9360790588712892
0.5,0,raw,208,480,2.3189953339519493,2.3141008512953194,0.13333333333333333,0.0020833333333333333,0.11666666666666667,0.0125,0.023878186629126268,0.04657392252917343,0.38980787784786997,0.07142857142857142,1.006182849603647,0.014446609717494941,-0.31938850943319474,0.8683363668321911
0.5,0,hysteresis,101,452,2.4555938801222372,2.3238928706626054,0.12168141592920353,0.0,0.09955752212389381,0.008849557522123894,0.008099882966771162,0.028632189505805768,0.391293147351215,0.11363636363636363,0.9502114141191711,0.02111010252043201,-0.31082783399638414,0.8690408126936673
0.5,0,hysteresis,102,458,2.42762933694152,2.3382726237602887,0.09606986899563319,0.0,0.08296943231441048,0.006550218340611353,0.05183538098856326,0.027422468949170886,0.4331173564184893,0.02631578947368421,0.9611571658929668,0.0249989554518512,-0.34008667649258784,0.9786597313447246
0.5,0,hysteresis,103,453,2.4547167661243274,2.321484954480657,0.10816777041942605,0.0,0.0772626931567329,0.011037527593818985,0.00927934476232616,0.019647907978187825,0.41594998689207147,0.17142857142857143,0.9505509415725212,0.006823418009658773,-0.3393408539625413,0.7464936084498471
0.5,0,hysteresis,104,458,2.429750333277795,2.3320998347665722,0.09388646288209607,0.0,0.08078602620087336,0.008733624454148471,0.054993732956088226,0.024419989822420555,0.5041098806382261,0.16216216216216217,0.9603181451921471,0.04151682687749968,-0.30815958764958573,1.260012092993612
0.5,0,hysteresis,105,451,2.465032307636756,2.3367721779094195,0.12195121951219512,0.0,0.0975609756097561,0.011086474501108648,0.04045707415849516,0.03720262852625878,0.4419487991484325,0.09090909090909091,0.946573124459499,0.021286670971158987,-0.33551349756139026,1.1287366242655774
0.5,0,hysteresis,106,453,2.4540521313145915,2.355358275360379,0.11479028697571744,0.0,0.08609271523178808,0.017660044150110375,0.03247299798918351,0.030173960574906185,0.4209506818830284,0.07692307692307693,0.9508083807834224,0.03807600673990219,-0.3302367308459768,0.9143622431771705
0.5,0,hysteresis,107,459,2.422518689234671,2.3264168691320704,0.08714596949891068,0.0,0.08061002178649238,0.002178649237472767,0.028903052246493758,0.035131274823070914,0.49854436919901157,0.05405405405405406,0.9631848636307062,0.01884216477907276,-0.33934207706306996,1.2558195078090402
0.5,0,hysteresis,108,458,2.4275674841245256,2.3469442157565297,0.10043668122270742,0.0,0.08733624454148471,0.008733624454148471,0.023243711163040612,0.07950801897222937,0.4157124579186226,0.075,0.9611816555430686,0.021511572215418502,-0.33964817417695836,0.8830098458629962
0.5,0,hysteresis,201,453,2.45317361723569,2.334247882453337,0.1456953642384106,0.0,0.11920529801324503,0.01545253863134658,0.02181249178021129,0.032254805463773746,0.34774927000893446,0.07407407407407407,0.9511488779023328,0.022801770567479233,-0.3387867676753533,0.9090774855678204
0.5,0,hysteresis,202,450,2.465141759233665,2.328769687240003,0.10222222222222223,0.0,0.08,0.017777777777777778,0.029961508715457993,0.03601907368553398,0.4192057818577527,0.08333333333333333,0.9465310968804869,0.017460100228458418,-0.3446028623255195,1.058504679078102
0.5,0,hysteresis,203,449,2.470973040721557,2.340025651799857,0.0935412026726058,0.0,0.0757238307349666,0.008908685968819599,0.024714561533795778,0.021665881256764486,0.42440420122173117,0.18181818181818182,0.9442973658069411,0.002559432848865683,-0.3284073769441349,1.1825425173309747
0.5,0,hysteresis,204,458,2.4223071895643655,2.3372727483682816,0.12445414847161572,0.0,0.10043668122270742,0.015283842794759825,0.009506605766274401,0.027193229082043288,0.3659997823784144,0.043478260869565216,0.9632689624939629,0.015625294950662866,-0.315054235586643,0.6831786492236575
0.5,0,hysteresis,205,451,2.4655771885096645,2.365440112323887,0.09977827050997783,0.0,0.082039911308204,0.013303769401330377,0.017428570347589926,0.05646866524086396,0.4108500421475104,0.08108108108108109,0.9463639362853343,0.028465453843992135,-0.36915655069197917,0.7765530408512844
0.5,0,hysteresis,206,447,2.4907401036011785,2.3377860540390913,0.07606263982102908,0.0,0.06263982102908278,0.006711409395973154,0.03971562046748767,0.058662797504123856,0.47886262268493734,0.0,0.9368032136149965,0.019315818877222158,-0.34656815516860795,1.2602581444674912
0.5,0,hysteresis,207,468,2.3711835583551544,2.3320438601324796,0.12393162393162394,0.0,0.1111111111111111,0.01282051282051282,0.03023945532589244,0.02812035115424795,0.4037925968285823,0.1346153846153846,0.9840374125029454,0.025464078940965442,-0.3195313980913892,0.9360790588712892
0.5,0,hysteresis,208,446,2.4909428132326714,2.3298928872710514,0.12331838565022421,0.0,0.10762331838565023,0.008968609865470852,0.014677853203407311,0.03283705226766938,0.3956446064117637,0.020833333333333332,0.9367269778085361,0.014446609717494941,-0.31938850943319474,0.8683363668321911
0.5,1,raw,101,522,2.1304146962199466,2.206194622317357,0.1839080459770115,0.03639846743295019,0.13984674329501914,0.005747126436781609,0.389207220069869,0.0799082935557634,0.26073491280693817,0.2777777777777778,1.0952484215741802,0.013008263870674183,-0.14290204114175742,0.8479274215124031
0.5,1,raw,102,501,2.2194085121559515,2.2790623822654315,0.1656686626746507,0.033932135728542916,0.11776447105788423,0.013972055888223553,0.28823772520953883,0.029765236354385563,0.33265695714888205,0.1016949152542373,1.051331163484957,0.01809811659880514,-0.23080808409155518,0.9727899005923341
0.5,1,raw,103,520,2.138428283962816,2.228500036405303,0.21923076923076923,0.06153846153846154,0.13653846153846153,0.021153846153846155,0.40126549113934235,0.06333831480843277,0.3150239234059636,0.23943661971830985,1.091144066337044,0.004698423862146094,-0.1508068216330649,0.7770298018988343
0.5,1,raw,104,507,2.195025472837042,2.267383468251523,0.1814595660749507,0.04930966469428008,0.1242603550295858,0.007889546351084813,0.3432273521685326,0.10979275795601218,0.37180950606367114,0.20634920634920634,1.063009683581271,0.029197957006611524,-0.20872397361278505,1.3364136358858882
0.5,1,raw,105,501,2.219184842457682,2.2751620598166404,0.1656686626746507,0.029940119760479042,0.12574850299401197,0.00998003992015968,0.3127664546643105,0.052721902240009194,0.339047731729459,0.14285714285714285,1.0514371262329079,0.011540550676266057,-0.23480930550698398,1.1924157080251443
0.5,1,raw,106,512,2.1713375561318196,2.268131808362038,0.169921875,0.03515625,0.109375,0.025390625,0.3652181588409435,0.051885354191987504,0.26842003748503396,0.10714285714285714,1.074606445572703,0.013307467800231804,-0.18758518746260266,0.9397422663436014
0.5,1,raw,107,506,2.1968078846066863,2.2515983113398965,0.13438735177865613,0.019762845849802372,0.10869565217391304,0.005928853754940711,0.33242292618861286,0.02030768256162803,0.3342486599943312,0.2,1.0621471953388817,0.01974165217996679,-0.20932692437980682,1.3060661990069617
0.5,1,raw,108,511,2.1759069008962486,2.262843558194223,0.17025440313111545,0.03718199608610567,0.11741682974559686,0.015655577299412915,0.3175489698425676,0.07565125987260288,0.2858574619930232,0.18333333333333332,1.0723498015343587,0.01909320438441595,-0.1887182654818984,0.9044013572921724
0.5,1,raw,201,523,2.1253939385650593,2.2471846813619036,0.20076481835564053,0.05162523900573614,0.12810707456978968,0.021032504780114723,0.36059643606700564,0.08872085106415802,0.2397085836301434,0.1044776119402985,1.0978356957716093,0.011511293626998181,-0.13818121776220949,0.9492146333298466
0.5,1,raw,202,513,2.1623617593109437,2.24307625715309,0.17738791423001948,0.037037037037037035,0.11500974658869395,0.025341130604288498,0.3770051259972337,0.05700478508790943,0.3025964417886531,0.11864406779661017,1.079067054014529,0.013705238657529265,-0.17683752509595063,1.0545078037467037
0.5,1,raw,203,519,2.1381561060839966,2.2486732275637573,0.17533718689788053,0.05202312138728324,0.10404624277456648,0.019267822736030827,0.37041025771535435,0.03933494454449392,0.2855580304620839,0.2037037037037037,1.0912829641830042,0.0143194602739561,-0.1522136351276524,1.2143139253623607
0.5,1,raw,204,531,2.096177568259221,2.2200208869388502,0.2015065913370998,0.04519774011299435,0.13559322033898305,0.02071563088512241,0.4121303791315082,0.07435713784465432,0.2545423957364806,0.16901408450704225,1.1131372497564982,0.022027249759506953,-0.1051563199858414,0.6689507002476176
0.5,1,raw,205,522,2.1301457259206105,2.253098962913803,0.14559386973180077,0.040229885057471264,0.09578544061302682,0.009578544061302681,0.36633647726216956,0.08303685660304223,0.25277547407728623,0.08,1.0953867169462828,0.007621216638179442,-0.14329750707104827,0.7874370370059719
0.5,1,raw,206,514,2.1662351476212467,2.2608150159254423,0.1614785992217899,0.042801556420233464,0.11284046692607004,0.005836575875486381,0.3505690951219352,0.08864861778342457,0.31066442163903524,0.1724137931034483,1.077137602487698,0.012973999910299901,-0.18339497803040805,1.2732899754046652
0.5,1,raw,207,503,2.2064692874778267,2.260455842625343,0.17296222664015903,0.02186878727634195,0.14314115308151093,0.007952286282306162,0.35123855671622733,0.0577637708659881,0.2918924560168433,0.16666666666666666,1.057496402318168,0.01851169142768201,-0.2184787911350714,0.9704452550622408
0.5,1,raw,208,528,2.108181321508181,2.23535512007875,0.20075757575757575,0.058712121212121215,0.12878787878787878,0.013257575757575758,0.3524605462136889,0.06145155563384913,0.2755206517921131,0.10294117647058823,1.1067991683296385,0.010071004309377138,-0.11768823571500286,0.9136370162070411
0.5,1,hysteresis,101,479,2.3172544918831557,2.26262388257207,0.16910229645093947,0.006263048016701462,0.1419624217118998,0.016701461377870562,0.3612378439317768,0.08612191713821103,0.28323780006097904,0.2537313432835821,1.0069387464805866,0.013008263870674183,-0.14290204114175742,0.8479274215124031
0.5,1,hysteresis,102,477,2.3310768649688294,2.3122490974132184,0.15932914046121593,0.012578616352201259,0.12159329140461216,0.023060796645702306,0.271517041701875,0.0305629424142676,0.3405030176760977,0.10344827586206896,1.0009679939766953,0.01809811659880514,-0.23080808409155518,0.9727899005923341
0.5,1,hysteresis,103,481,2.3118143610408817,2.265822068711135,0.20997920997921,0.02494802494802495,0.1496881496881497,0.02286902286902287,0.37313981087687376,0.058206811898140164,0.3348580966042012,0.2777777777777778,1.0093082613617654,0.004698423862146094,-0.1508068216330649,0.7770298018988343
0.5,1,hysteresis,104,471,2.3627981204424207,2.2976092613511163,0.1464968152866242,0.004246284501061571,0.11677282377919321,0.012738853503184714,0.3066620564879736,0.07819419106854411,0.40072613057482626,0.16363636363636364,0.9875297060488731,0.029197957006611524,-0.20872397361278505,1.3364136358858882
0.5,1,hysteresis,105,468,2.3756658249386726,2.312388788698596,0.14957264957264957,0.004273504273504274,0.12606837606837606,0.014957264957264958,0.29160239074829053,0.04896308254242231,0.36366989028426366,0.1864406779661017,0.982180788576848,0.011540550676266057,-0.23480930550698398,1.1924157080251443
0.5,1,hysteresis,106,476,2.335556362898091,2.322991713629912,0.16176470588235295,0.01680672268907563,0.10714285714285714,0.029411764705882353,0.3334566226909386,0.032138648918344004,0.29945846869904413,0.11764705882352941,0.9990481798683721,0.013307467800231804,-0.18758518746260266,0.9397422663436014
0.5,1,hysteresis,107,475,2.3401785044441747,2.298085193908535,0.12421052631578948,0.004210526315789474,0.10736842105263159,0.008421052631578947,0.3110927807818346,0.010552491117316364,0.3656356673931245,0.17647058823529413,0.9970749363359068,0.01974165217996679,-0.20932692437980682,1.3060661990069617
0.5,1,hysteresis,108,478,2.3261264149748597,2.2987355749536853,0.1506276150627615,0.0020920502092050207,0.1297071129707113,0.014644351464435146,0.30093769176232976,0.07108665914131189,0.3101589367922186,0.1774193548387097,1.0030982487933922,0.01909320438441595,-0.1887182654818984,0.9044013572921724
0.5,1,hysteresis,201,480,2.3157938122281796,2.300795617051018,0.19375,0.014583333333333334,0.13541666666666666,0.0375,0.33533415915160597,0.0986679717445705,0.2613186276136395,0.09230769230769231,1.0075738699242305,0.011511293626998181,-0.13818121776220949,0.9492146333298466
0.5,1,hysteresis,202,478,2.320693687293962,2.284832603507896,0.17573221757322174,0.006276150627615063,0.13179916317991633,0.03556485355648536,0.3569423704415068,0.07552050629660138,0.3288288610754605,0.1111111111111111,1.0054464947737718,0.013705238657529265,-0.17683752509595063,1.0545078037467037
0.5,1,hysteresis,203,473,2.3460951777116157,2.2999668746207305,0.1733615221987315,0.016913319238900635,0.12050739957716702,0.02536997885835095,0.3373990596515471,0.032306713744948735,0.3244487533326985,0.2807017543859649,0.9945603893228536,0.0143194602739561,-0.1522136351276524,1.2143139253623607
0.5,1,hysteresis,204,488,2.276985316483683,2.2654916057158303,0.21106557377049182,0.014344262295081968,0.1598360655737705,0.03483606557377049,0.40066731862587945,0.07255423794732893,0.26187296331636856,0.19480519480519481,1.0247467633812708,0.022027249759506953,-0.1051563199858414,0.6689507002476176
0.5,1,hysteresis,205,470,2.3658214232565076,2.320536350337222,0.14893617021276595,0.00851063829787234,0.10212765957446808,0.031914893617021274,0.3369457968791606,0.08127259191452282,0.2733514160183959,0.10416666666666667,0.9862677336489518,0.007621216638179442,-0.14329750707104827,0.7874370370059719
0.5,1,hysteresis,206,467,2.384250248131308,2.311601580021408,0.16274089935760172,0.008565310492505354,0.13062098501070663,0.010706638115631691,0.31762093964691973,0.07478325808902618,0.3363012539586251,0.2459016393442623,0.9786444754119745,0.012973999910299901,-0.18339497803040805,1.2732899754046652
0.5,1,hysteresis,207,479,2.317023072236632,2.288412047781381,0.1732776617954071,0.0041753653444676405,0.15031315240083507,0.018789144050104383,0.33544422124043116,0.05305134231407466,0.29996556994951923,0.19444444444444445,1.0070393175157106,0.01851169142768201,-0.2184787911350714,0.9704452550622408
0.5,1,hysteresis,208,476,2.3384868440258817,2.2936935905867295,0.17857142857142858,0.014705882352941176,0.1323529411764706,0.023109243697478993,0.3211055853213585,0.0725141242656952,0.3066458911084759,0.1111111111111111,0.997796219933538,0.010071004309377138,-0.11768823571500286,0.9136370162070411
0.5,1.5,raw,101,558,1.9929592087949468,2.1503163458705945,0.25806451612903225,0.07885304659498207,0.16666666666666666,0.012544802867383513,0.5153106083358416,0.14761738309135108,0.28671885219603716,0.25,1.170788304665902,0.0077536422018253705,0.007966313426069682,0.8553672733386641
0.5,1.5,raw,102,533,2.0861917227091253,2.223026312395308,0.20075046904315197,0.0600375234521576,0.12382739212007504,0.016885553470919325,0.4236124788577073,0.060121230508485966,0.2909440086856895,0.16666666666666666,1.1184654353355745,0.015270625167946106,-0.0966818215975418,0.990358399414394
0.5,1.5,raw,103,561,1.982141728418331,2.160066996497339,0.2549019607843137,0.09982174688057041,0.14795008912655971,0.0071301247771836,0.5133816782232509,0.12682592010266838,0.32300358776045546,0.25301204819277107,1.177177847517109,0.007209545121928183,0.020968299582495575,0.8050955337936948
0.5,1.5,raw,104,536,2.076298572240192,2.21958516777425,0.20335820895522388,0.07462686567164178,0.12126865671641791,0.007462686567164179,0.4454465734961335,0.1374883638723609,0.3272190862752223,0.171875,1.1237947010751046,0.01826989385861138,-0.08743755143808452,1.3966496191272952
0.5,1.5,raw,105,534,2.0862714596992347,2.217455947832434,0.19850187265917604,0.056179775280898875,0.13295880149812733,0.009363295880149813,0.4380386961596122,0.08143989854550719,0.27460762545723383,0.16901408450704225,1.1184226877501917,0.009841498598467412,-0.0965246988739854,1.2440207150024591
0.5,1.5,raw,106,555,2.00314071810516,2.191240149368609,0.21441441441441442,0.07387387387387387,0.12072072072072072,0.01981981981981982,0.48579715648400174,0.09279127100409555,0.25658127951448817,0.13432835820895522,1.16483745362658,0.006743052568770862,-0.0031376988838025532,0.9694527652107324
0.5,1.5,raw,107,536,2.073598564036571,2.202865346641134,0.19029850746268656,0.05783582089552239,0.12313432835820895,0.009328358208955223,0.45151178938339664,0.07387073898750979,0.28678996308089144,0.12121212121212122,1.125257980884762,0.01802646927028493,-0.08364241505402825,1.354766062140163
0.5,1.5,raw,108,544,2.0439529170729824,2.1997381715586113,0.25,0.08455882352941177,0.1488970588235294,0.016544117647058824,0.45171745944425573,0.09845009732790969,0.2813569975431228,0.25925925925925924,1.141578807341,0.016548939898181667,-0.050457662772516176,0.9333147192480941
0.5,1.5,raw,201,562,1.978008773251048,2.1754925761079296,0.2402135231316726,0.09786476868327403,0.12811387900355872,0.014234875444839857,0.4939745032771661,0.11038042715260281,0.24883358627234559,0.1527777777777778,1.1796375045891607,0.01196503793537132,0.020923675878299353,0.9883020464850039
0.5,1.5,raw,202,548,2.0242259990906284,2.197129765365842,0.22262773722627738,0.07846715328467153,0.12226277372262774,0.021897810218978103,0.4934064645718938,0.11938640349204079,0.30341067370254793,0.1044776119402985,1.152703964073957,0.009508143754786747,-0.030158410908987854,1.0718731884766113
0.5,1.5,raw,203,551,2.0140874861587275,2.19553873564355,0.19600725952813067,0.08166969147005444,0.10526315789473684,0.009074410163339383,0.49184180326282595,0.09691649892114819,0.26455328098654435,0.10526315789473684,1.158506444912913,0.014202922536682075,-0.022258541824636602,1.251810352190093
0.5,1.5,raw,204,585,1.9027110576821282,2.1365564578978136,0.24786324786324787,0.09401709401709402,0.1452991452991453,0.008547008547008548,0.5362054443168306,0.12814222896097344,0.25212664565405624,0.19047619047619047,1.226320372666456,0.019837917480535,0.12115268508052157,0.6768840557086743
0.5,1.5,raw,205,569,1.9541746607274464,2.1670544310717625,0.19859402460456943,0.08611599297012303,0.10017574692442882,0.012302284710017574,0.4866818432489518,0.10319129704911481,0.23857727657841504,0.10526315789473684,1.194024966255956,0.003131923802465323,0.05348525037041929,0.8080626937968304
0.5,1.5,raw,206,537,2.073522817408618,2.2085996178055467,0.21042830540037244,0.08193668528864059,0.12476722532588454,0.0037243947858473,0.46649675763136855,0.14151195981517262,0.2892126409557604,0.1791044776119403,1.1252990870143467,0.01110422844251883,-0.0829339446474151,1.3080345805383131
0.5,1.5,raw,207,529,2.098093088970679,2.2077743542577926,0.21739130434782608,0.0661625708884688,0.14177693761814744,0.00945179584120983,0.4769742583221254,0.10980087473104114,0.26615199575694254,0.14666666666666667,1.1121209757561634,0.014867293338830346,-0.10943355600734694,1.0061261537570128
0.5,1.5,raw,208,570,1.9528344140460345,2.165322448659575,0.23684210526315788,0.08947368421052632,0.14035087719298245,0.007017543859649123,0.47867562945275993,0.1084662231039806,0.2897953524021873,0.1125,1.1948444356318733,0.007247298225719337,0.054159817713014924,0.9529654472294686
0.5,1.5,hysteresis,101,502,2.215281351608726,2.198817754576739,0.2649402390438247,0.03386454183266932,0.2051792828685259,0.025896414342629483,0.4986771115003753,0.16134120847825023,0.30646018556621035,0.3235294117647059,1.0532898368141268,0.0077536422018253705,0.007966313426069682,0.8553672733386641
0.5,1.5,hysteresis,102,493,2.255456771204795,2.268755371361411,0.1845841784989858,0.02434077079107505,0.13793103448275862,0.02231237322515213,0.40306063171695256,0.05505507144313484,0.2858630618992175,0.14705882352941177,1.0345280668300905,0.015270625167946106,-0.0966818215975418,0.990358399414394
0.5,1.5,hysteresis,103,505,2.2019435834508587,2.2082206919939313,0.24752475247524752,0.04554455445544554,0.1801980198019802,0.01782178217821782,0.5028749976553369,0.12980606820796728,0.32432025263507525,0.34065934065934067,1.0596698983888415,0.007209545121928183,0.020968299582495575,0.8050955337936948
0.5,1.5,hysteresis,104,485,2.294630999424213,2.264361881443834,0.18762886597938144,0.012371134020618556,0.15257731958762888,0.020618556701030927,0.41327285146179676,0.11169577281166897,0.3402382626750985,0.2328767123287671,1.0168664739205704,0.01826989385861138,-0.08743755143808452,1.3966496191272952
0.5,1.5,hysteresis,105,483,2.301938419017375,2.2706377941861873,0.19875776397515527,0.014492753623188406,0.16356107660455488,0.016563146997929608,0.42471771789044643,0.10565206442859165,0.288467426119068,0.25316455696202533,1.0136384683693493,0.009841498598467412,-0.0965246988739854,1.2440207150024591
0.5,1.5,hysteresis,106,504,2.2058394812467537,2.2409918445667474,0.20634920634920634,0.041666666666666664,0.13690476190476192,0.027777777777777776,0.47324714817328634,0.10615082415313716,0.2435863780111305,0.15942028985507245,1.0577983362662997,0.006743052568770862,-0.0031376988838025532,0.9694527652107324
0.5,1.5,hysteresis,107,488,2.2775590785319713,2.255168366889282,0.1885245901639344,0.014344262295081968,0.1557377049180328,0.014344262295081968,0.42853509666116746,0.07013487041878093,0.298317856486048,0.17105263157894737,1.024488609462246,0.01802646927028493,-0.08364241505402825,1.354766062140163
0.5,1.5,hysteresis,108,492,2.2599804611538667,2.248545808179874,0.22764227642276422,0.018292682926829267,0.18495934959349594,0.02032520325203252,0.4380600983035577,0.1089148388543638,0.28168493023294955,0.31868131868131866,1.0324573036981104,0.016548939898181667,-0.050457662772516176,0.9333147192480941
0.5,1.5,hysteresis,201,504,2.2056367669981927,2.2373608410116494,0.24404761904761904,0.051587301587301584,0.16666666666666666,0.021825396825396824,0.47147803989271986,0.13139261238269895,0.2599282540945355,0.20238095238095238,1.0578955557169696,0.01196503793537132,0.020923675878299353,0.9883020464850039
0.5,1.5,hysteresis,202,497,2.2319433551341334,2.230336865418356,0.22937625754527163,0.04426559356136821,0.15090543259557343,0.03420523138832998,0.48040399438909254,0.1389274983353437,0.31949943419977994,0.13333333333333333,1.0454267703371471,0.009508143754786747,-0.030158410908987854,1.0718731884766113
0.5,1.5,hysteresis,203,493,2.251038955118578,2.2435389047912704,0.20486815415821502,0.028397565922920892,0.15618661257606492,0.018255578093306288,0.4688328398845706,0.08298015955934818,0.2836039952100538,0.2631578947368421,1.0365583980799749,0.014202922536682075,-0.022258541824636602,1.251810352190093
0.5,1.5,hysteresis,204,521,2.132691792427085,2.194499005816677,0.2667946257197697,0.05182341650671785,0.18618042226487524,0.028790786948176585,0.5376343937914904,0.16235447289994812,0.27021352896162415,0.2604166666666667,1.0940790139572443,0.019837917480535,0.12115268508052157,0.6768840557086743
0.5,1.5,hysteresis,205,499,2.2283073786651646,2.2566408785440877,0.21042084168336672,0.056112224448897796,0.12024048096192384,0.03206412825651302,0.48517951776773316,0.13482481220989626,0.2352639214385646,0.15,1.047132615398457,0.003131923802465323,0.05348525037041929,0.8080626937968304
0.5,1.5,hysteresis,206,486,2.29111471800088,2.266279344272024,0.19958847736625515,0.02263374485596708,0.15843621399176955,0.018518518518518517,0.43815295626532214,0.12142107129488527,0.2976220674012413,0.2077922077922078,1.018427106683375,0.01110422844251883,-0.0829339446474151,1.3080345805383131
0.5,1.5,hysteresis,207,489,2.2697162455326967,2.243728277764196,0.2167689161554192,0.02044989775051125,0.17995910020449898,0.016359918200409,0.4584326861016845,0.10530831983551031,0.283750871003282,0.22727272727272727,1.0280286524475688,0.014867293338830346,-0.10943355600734694,1.0061261537570128
0.5,1.5,hysteresis,208,504,2.20856273017111,2.2336644610259038,0.2361111111111111,0.03571428571428571,0.1746031746031746,0.025793650793650792,0.4623714523766162,0.12138489300022873,0.3003906790920957,0.1590909090909091,1.0564940272955512,0.007247298225719337,0.054159817713014924,0.9529654472294686
0.5,2,raw,101,615,1.8082392314492857,2.0787302904345384,0.2764227642276423,0.11219512195121951,0.16097560975609757,0.0032520325203252032,0.5945620378452515,0.20763883971220412,0.3187693054642737,0.2727272727272727,1.290389729827502,0.005586684651415402,0.2383967107994942,0.8745799047847895
0.5,2,raw,102,578,1.9237914093340613,2.15035319256178,0.23875432525951557,0.10034602076124567,0.1245674740484429,0.01384083044982699,0.519536441238971,0.09634557327552928,0.29555006279499363,0.125,1.212882707559776,0.013866696886374775,0.09186769279047047,1.0214713288691866
0.5,2,raw,103,616,1.8051618238540685,2.0890063041947933,0.30194805194805197,0.15584415584415584,0.14285714285714285,0.003246753246753247,0.6020682755414191,0.17178361143008888,0.3576426149010669,0.19318181818181818,1.2925895631626003,0.0028638320163311653,0.25139455229415697,0.841642068814574
0.5,2,raw,104,570,1.9539538001857228,2.1670672757572813,0.22807017543859648,0.10701754385964912,0.11228070175438597,0.008771929824561403,0.5245064473400646,0.16117184654909542,0.317058566973121,0.1875,1.1941599300411048,0.012703885610733575,0.05069981855878147,1.472171981734974
0.5,2,raw,105,570,1.9544678519103056,2.1677450717477633,0.23333333333333334,0.09824561403508772,0.12631578947368421,0.008771929824561403,0.5280023799666437,0.1208784657015029,0.26923965060200533,0.20833333333333334,1.1938458496785829,0.009621662792107992,0.0543142558974381,1.3095707014494942
0.5,2,raw,106,600,1.8529326994985862,2.111453755684645,0.25166666666666665,0.11833333333333333,0.12,0.013333333333333334,0.5739385057412328,0.1336072130593397,0.2786387457265146,0.1388888888888889,1.259265020237781,0.004783487403423156,0.1855262010394041,1.0108040428700202
0.5,2,raw,107,566,1.9645595302267138,2.155362456129737,0.21908127208480566,0.0812720848056537,0.13250883392226148,0.00530035335689046,0.5305570917099528,0.12872660857427878,0.2968811117535448,0.13333333333333333,1.1877132239734485,0.015018086423808268,0.04202978246638489,1.4193452667475979
0.5,2,raw,108,592,1.8782285138938142,2.1360138426487696,0.2635135135135135,0.11148648648648649,0.13851351351351351,0.013513513513513514,0.5461785993672658,0.1315604935343485,0.2946767308518139,0.2682926829268293,1.2423053510650992,0.012441154804368495,0.1506239687444264,0.9742176392170769
0.5,2,raw,201,607,1.8352499546226966,2.1034540797449903,0.28171334431630973,0.1400329489291598,0.128500823723229,0.013179571663920923,0.5760439842085073,0.15388894335585268,0.2998371445118856,0.23076923076923078,1.2713981152572955,0.012764386926330862,0.20519987384258265,1.0402647581939806
0.5,2,raw,202,591,1.876917456398896,2.124978201065102,0.24873096446700507,0.10998307952622674,0.11844331641285956,0.02030456852791878,0.5769424242673702,0.16932042188172694,0.3286572557643638,0.14285714285714285,1.2431731216406976,0.005082341206622833,0.1500184476460409,1.1021599781326492
0.5,2,raw,203,607,1.8283321870617815,2.12734300318098,0.22240527182866557,0.11037891268533773,0.10543657331136738,0.006589785831960461,0.5607359000810913,0.1268038812523908,0.3046449785801285,0.14285714285714285,1.2762086396800316,0.010438666608496154,0.21658895021702484,1.3031288046770595
0.5,2,raw,204,639,1.7419284587824753,2.0461558529183614,0.28325508607198746,0.1298904538341158,0.14710485133020346,0.006259780907668232,0.6280820431839157,0.1848542671114171,0.32562398097709405,0.22580645161290322,1.3395115749840967,0.021577959718481088,0.3474202339809751,0.694676731255873
0.5,2,raw,205,623,1.7847876238558655,2.081331217849883,0.24398073836276082,0.13162118780096307,0.1043338683788122,0.008025682182985553,0.5790669264112588,0.15311188557244165,0.2653205696730258,0.15384615384615385,1.3073450880908657,0.006876317834329561,0.27128605742219714,0.8389689766863073
0.5,2,raw,206,581,1.9165448687982523,2.1401789345044557,0.2667814113597246,0.11876075731497418,0.13941480206540446,0.008605851979345954,0.5422145271410153,0.18040439343092124,0.3119350994604303,0.19753086419753085,1.2174686704811788,0.010539837705502021,0.10131557800906954,1.3619622819657045
0.5,2,raw,207,565,1.9662652134150336,2.1445957525408073,0.2584070796460177,0.09734513274336283,0.1504424778761062,0.010619469026548672,0.5609065264505871,0.15453666224319376,0.30446228808772535,0.15294117647058825,1.1866829140921287,0.012080332618726021,0.04145568043139303,1.054328335412756
0.5,2,raw,208,614,1.8128875438105148,2.091520145791804,0.26384364820846906,0.12052117263843648,0.13680781758957655,0.006514657980456026,0.5694517701618943,0.1605566645039845,0.324400684009862,0.14285714285714285,1.2870811216612432,0.006202330178802337,0.24271865875545373,1.0032210507564006
0.5,2,hysteresis,101,538,2.067039270151135,2.139555842469277,0.3104089219330855,0.0687732342007435,0.22490706319702602,0.016728624535315983,0.5959809521321864,0.23689787747776087,0.36137341763851166,0.3305785123966942,1.1288287392637335,0.005586684651415402,0.2383967107994942,0.8745799047847895
0.5,2,hysteresis,102,519,2.142488313285332,2.2085110816473787,0.23121387283236994,0.05009633911368015,0.1599229287090559,0.02119460500963391,0.5172281684570154,0.10820191799598561,0.2795282177305985,0.14457831325301204,1.089076341217169,0.013866696886374775,0.09186769279047047,1.0214713288691866
0.5,2,hysteresis,103,545,2.0403296944845986,2.1542651504529617,0.30275229357798167,0.09357798165137615,0.1889908256880734,0.02018348623853211,0.5997041059683688,0.18261499193284414,0.36414010463509405,0.34951456310679613,1.143606025850028,0.0028638320163311653,0.25139455229415697,0.841642068814574
0.5,2,hysteresis,104,508,2.190758050101788,2.2174578280597776,0.2204724409448819,0.04133858267716536,0.1594488188976378,0.01968503937007874,0.5071961115780543,0.15898992955139715,0.31165552262548635,0.2,1.0650803420418433,0.012703885610733575,0.05069981855878147,1.472171981734974
0.5,2,hysteresis,105,505,2.201692609939861,2.2261313724168743,0.2376237623762376,0.03564356435643564,0.18217821782178217,0.019801980198019802,0.5187112634694921,0.15372228066565014,0.27580409253325255,0.2608695652173913,1.0597906913976827,0.009621662792107992,0.0543142558974381,1.3095707014494942
0.5,2,hysteresis,106,543,2.0474394469597637,2.169250966582243,0.2596685082872928,0.08839779005524862,0.15285451197053407,0.01841620626151013,0.5774669306329706,0.16060460790486078,0.2827506302782929,0.14457831325301204,1.139634843315192,0.004783487403423156,0.1855262010394041,1.0108040428700202
0.5,2,hysteresis,107,510,2.180275870800627,2.2075316413032127,0.22745098039215686,0.03725490196078431,0.17647058823529413,0.011764705882352941,0.5188031672703355,0.1385293132727931,0.29830073650946176,0.23333333333333334,1.0702009615308459,0.015018086423808268,0.04202978246638489,1.4193452667475979
0.5,2,hysteresis,108,519,2.1382948270417637,2.188281537574674,0.27552986512524086,0.05009633911368015,0.20616570327552985,0.019267822736030827,0.5473233472447014,0.15538044100530785,0.30910371168150147,0.35514018691588783,1.0912121676697866,0.012441154804368495,0.1506239687444264,0.9742176392170769
0.5,2,hysteresis,201,543,2.047284297849103,2.1746279901224814,0.3020257826887661,0.10865561694290976,0.1731123388581952,0.020257826887661142,0.5716894060023675,0.18093774980115443,0.30287205913782295,0.26595744680851063,1.1397212081315509,0.012764386926330862,0.20519987384258265,1.0402647581939806
0.5,2,hysteresis,202,526,2.1088559253455275,2.1830674290072647,0.2718631178707224,0.07034220532319392,0.16730038022813687,0.034220532319391636,0.5767151947709483,0.20051285871232652,0.34022222566683075,0.20454545454545456,1.1064451133384212,0.005082341206622833,0.1500184476460409,1.1021599781326492
0.5,2,hysteresis,203,526,2.109881440202474,2.1876587049785488,0.24334600760456274,0.06463878326996197,0.15779467680608364,0.019011406844106463,0.564431703700115,0.15338048591052994,0.313918537305566,0.2289156626506024,1.1059073220291544,0.010438666608496154,0.21658895021702484,1.3031288046770595
0.5,2,hysteresis,204,569,1.9562254572267164,2.1278975726969795,0.31282952548330406,0.10193321616871705,0.19507908611599298,0.015817223198594025,0.6416235899250577,0.22925470054727437,0.34685989425134883,0.3090909090909091,1.1927732177870907,0.021577959718481088,0.3474202339809751,0.694676731255873
0.5,2,hysteresis,205,539,2.0629363444567796,2.1820203276107755,0.2560296846011132,0.08905380333951762,0.14285714285714285,0.02411873840445269,0.5904136890613315,0.20650556007265125,0.29690415052135843,0.19480519480519481,1.1310738402583895,0.006876317834329561,0.27128605742219714,0.8389689766863073
0.5,2,hysteresis,206,509,2.187647482852229,2.2199911058965918,0.25736738703339884,0.047151277013752456,0.18664047151277013,0.023575638506876228,0.5278494135097411,0.18263467992507257,0.3062798395813896,0.2631578947368421,1.066594756066988,0.010539837705502021,0.10131557800906954,1.3619622819657045
0.5,2,hysteresis,207,514,2.1593725655330402,2.1850612089181283,0.26653696498054474,0.05252918287937743,0.19649805447470817,0.017509727626459144,0.555574057080192,0.16430824749942302,0.3260182252262135,0.18811881188118812,1.0805607937124788,0.012080332618726021,0.04145568043139303,1.054328335412756
0.5,2,hysteresis,208,539,2.0651446231904567,2.1795203408666164,0.2653061224489796,0.07050092764378478,0.17810760667903525,0.016697588126159554,0.5658749803388348,0.18062890791030745,0.34366438837514135,0.15625,1.1298643722726547,0.006202330178802337,0.24271865875545373,1.0032210507564006
0.5,3,raw,101,711,1.5653751157353157,1.2309092517719982,0.33755274261603374,0.21378340365682139,0.12376933895921238,0.0,0.6995076683918876,0.30046711911447616,0.4092274505880277,0.19318181818181818,1.490590536337534,0.0006967726518879231,0.648955061487182,0.9473745588331767
0.5,3,raw,102,675,1.6485829743047304,1.9781623716742232,0.30518518518518517,0.1748148148148148,0.11851851851851852,0.011851851851851851,0.6416267182931858,0.1788172491411221,0.3504944859304638,0.15,1.4153569275561566,0.009995105817828968,0.49824258494187745,1.1238107738922598
0.5,3,raw,103,708,1.5705892620127675,1.2491094118543482,0.3559322033898305,0.2189265536723164,0.12994350282485875,0.007062146892655367,0.7087906238918934,0.2694658289692074,0.4312526809398284,0.17391304347826086,1.485641975129183,0.004725541437628843,0.6368552524581736,0.9404161148679653
0.5,3,raw,104,654,1.703079254222573,2.0478828435579395,0.28440366972477066,0.18807339449541285,0.09327217125382263,0.0030581039755351682,0.6334435913716293,0.21167026883729637,0.3457322806538277,0.13114754098360656,1.3700673809208372,0.01000067448045259,0.4066608347823846,1.6705738390256648
0.5,3,raw,105,644,1.7298414540620928,2.065133943515014,0.265527950310559,0.15062111801242237,0.11024844720496894,0.004658385093167702,0.6352618245827981,0.1880581260780886,0.3354501286739249,0.18309859154929578,1.348871208892638,0.004553739622212005,0.3601573227167636,1.4845724142361312
0.5,3,raw,106,703,1.5814864297558495,1.3407850779280412,0.26884779516358465,0.16216216216216217,0.10526315789473684,0.001422475106685633,0.6659609977324238,0.19445572927907187,0.33615230294894466,0.13513513513513514,1.4754052196916758,0.0027990725785641563,0.6175810490183253,1.1294559936208817
0.5,3,raw,107,617,1.8021754067131188,2.088066505777031,0.3047001620745543,0.1507293354943274,0.14910858995137763,0.004862236628849271,0.6386494011544903,0.2131528605721085,0.3658278758047316,0.2087912087912088,1.2947315364762202,0.010463033116774451,0.2556592525626038,1.5956429803499137
0.5,3,raw,108,679,1.6376115603333121,1.9319461371972457,0.2974963181148748,0.16642120765832105,0.12371134020618557,0.007363770250368188,0.6691573797979863,0.2112801771982789,0.37214433273793274,0.16666666666666666,1.42483931467754,0.006834877135370781,0.5150724973576053,1.0917046738479745
0.5,3,raw,201,703,1.5846445621880745,1.279305252476065,0.32147937411095306,0.20910384068278806,0.10668563300142248,0.005689900426742532,0.6739103852896984,0.23488559260155462,0.3758989445764043,0.16,1.4724647968447075,0.00963212479162088,0.6073088910769808,1.1830684060323016
0.5,3,raw,202,679,1.633613638141295,1.7525517095108218,0.3166421207658321,0.19293078055964655,0.1134020618556701,0.010309278350515464,0.6754095954157202,0.2564996810557655,0.38639591944080265,0.12987012987012986,1.4283263060831024,0.006174050837476903,0.5145348787616535,1.2010222304994849
0.5,3,raw,203,685,1.6202002816378902,1.3530034036315797,0.2832116788321168,0.18394160583941604,0.09343065693430656,0.00583941605839416,0.6722754803648829,0.23203194205638492,0.3676647640534482,0.09375,1.4401511712950232,0.00845303991155935,0.5392609967516884,1.4454925314813782
0.5,3,raw,204,736,1.5123627216098188,1.1806252642302177,0.3423913043478261,0.21195652173913043,0.12635869565217392,0.004076086956521739,0.73162121789661,0.3043303266676558,0.44723724924249453,0.17391304347826086,1.542839756622433,0.016795923564803198,0.74962787416864,0.7592293160907765
0.5,3,raw,205,723,1.5387467113156064,1.2138368254417675,0.3153526970954357,0.20193637621023514,0.11065006915629322,0.0027662517289073307,0.6865849639921596,0.25515886616760325,0.37594215261133884,0.1875,1.516385585863164,0.009788559166872693,0.6986726843280611,0.9319825662691916
0.5,3,raw,206,663,1.6795806416516212,2.0146579128545947,0.29411764705882354,0.17496229260935142,0.11613876319758673,0.0030165912518853697,0.6467181290949455,0.25096357872741354,0.3405042854216118,0.14285714285714285,1.3892356672072872,0.010854273884055429,0.4447103868407418,1.5275753035227018
0.5,3,raw,207,665,1.6737669725136477,1.997188268434563,0.28721804511278193,0.15338345864661654,0.1293233082706767,0.004511278195488722,0.6582644185450334,0.2111514503187983,0.347782840901045,0.11627906976744186,1.3940610441303878,0.00788518296735263,0.44788402013913187,1.188745740659972
0.5,3,raw,208,715,1.5567971442495074,1.237552652434761,0.2895104895104895,0.18461538461538463,0.1020979020979021,0.002797202797202797,0.6650430179946993,0.2319318718509364,0.3648139304098324,0.1232876712328767,1.4988037085963275,0.005638143445461423,0.6658544012737027,1.1363421876912603
0.5,3,hysteresis,101,632,1.759591500950898,2.039558481326723,0.3829113924050633,0.18354430379746836,0.19462025316455697,0.004746835443037975,0.7151715290282827,0.35492466942380346,0.46605608226549866,0.2845528455284553,1.3260653578244612,0.0006967726518879231,0.648955061487182,0.9473745588331767
0.5,3,hysteresis,102,585,1.9007953606211045,2.1058304497752816,0.3247863247863248,0.1264957264957265,0.1829059829059829,0.015384615384615385,0.6624518756733072,0.23188163045045757,0.4068424288787845,0.205607476635514,1.2275563070455375,0.009995105817828968,0.49824258494187745,1.1238107738922598
0.5,3,hysteresis,103,635,1.7511451929213218,2.0399964283169436,0.38110236220472443,0.1858267716535433,0.1826771653543307,0.012598425196850394,0.7247303095322558,0.3185693013923147,0.47935976980593814,0.25862068965517243,1.3324613759986315,0.004725541437628843,0.6368552524581736,0.9404161148679653
0.5,3,hysteresis,104,565,1.9697562767039654,2.1457362594210516,0.2902654867256637,0.11504424778761062,0.16460176991150444,0.010619469026548672,0.6323677231897074,0.2240233382349397,0.3654028756866217,0.22826086956521738,1.1845797172621524,0.01000067448045259,0.4066608347823846,1.6705738390256648
0.5,3,hysteresis,105,570,1.952444237544069,2.1318197226397833,0.3105263157894737,0.1280701754385965,0.17543859649122806,0.007017543859649123,0.6600609535727473,0.2585345969419857,0.3854213264588496,0.21,1.1950832133717557,0.004553739622212005,0.3601573227167636,1.4845724142361312
0.5,3,hysteresis,106,614,1.8107246907465184,2.0788247063888847,0.30618892508143325,0.14169381107491857,0.15309446254071662,0.011400651465798045,0.6975968975659975,0.27048907117805704,0.4089388170103068,0.18085106382978725,1.28861849913327,0.0027990725785641563,0.6175810490183253,1.1294559936208817
0.5,3,hysteresis,107,555,2.0034995062017917,2.1330934205366128,0.2990990990990991,0.08288288288288288,0.20540540540540542,0.010810810810810811,0.6373644540000766,0.2307496653023067,0.3759298845410373,0.26548672566371684,1.1646288537184801,0.010463033116774451,0.2556592525626038,1.5956429803499137
0.5,3,hysteresis,108,601,1.8501468377143409,2.0726927613257597,0.34608985024958405,0.13477537437603992,0.194675540765391,0.016638935108153077,0.6888840202907277,0.26705789144391995,0.43314679480078966,0.29914529914529914,1.2611611607086914,0.006834877135370781,0.5150724973576053,1.0917046738479745
0.5,3,hysteresis,201,616,1.8084498818477537,2.0697486968199446,0.3425324675324675,0.16558441558441558,0.1672077922077922,0.00974025974025974,0.6922111768732733,0.2860923730067463,0.41928526149036643,0.23300970873786409,1.2902394236932289,0.00963212479162088,0.6073088910769808,1.1830684060323016
0.5,3,hysteresis,202,606,1.8304020796995693,2.0811788203259654,0.3465346534653465,0.1551155115511551,0.17326732673267325,0.018151815181518153,0.6926118577188235,0.3075743021079875,0.4370446925054466,0.17142857142857143,1.274765451379028,0.006174050837476903,0.5145348787616535,1.2010222304994849
0.5,3,hysteresis,203,600,1.849728654869924,2.1011840231046497,0.30666666666666664,0.15166666666666667,0.14666666666666667,0.008333333333333333,0.6880956712024809,0.28460015174923836,0.411227083178413,0.17045454545454544,1.2614462814262974,0.00845303991155935,0.5392609967516884,1.4454925314813782
0.5,3,hysteresis,204,670,1.6613417359773532,1.9809164333022011,0.36716417910447763,0.18358208955223881,0.1761194029850746,0.007462686567164179,0.7528793967103089,0.35192358532538337,0.492482198565149,0.2222222222222222,1.4044872784470517,0.016795923564803198,0.74962787416864,0.7592293160907765
0.5,3,hysteresis,205,639,1.7401162687829634,2.0323348894757185,0.3364632237871675,0.17370892018779344,0.15179968701095461,0.010954616588419406,0.7086872409334708,0.3126575683009249,0.430763722305738,0.20618556701030927,1.3409065676773806,0.009788559166872693,0.6986726843280611,0.9319825662691916
0.5,3,hysteresis,206,586,1.900276391493216,2.109602943823265,0.31399317406143346,0.12798634812286688,0.17918088737201365,0.006825938566552901,0.651582016352976,0.2794211174671828,0.38113849490816304,0.21904761904761905,1.2278915550278586,0.010854273884055429,0.4447103868407418,1.5275753035227018
0.5,3,hysteresis,207,583,1.9038608831748522,2.0990958846098415,0.34133790737564323,0.11492281303602059,0.2195540308747856,0.00686106346483705,0.6792387550710838,0.2590357914149576,0.42784026076680504,0.2109375,1.22557974374803,0.00788518296735263,0.44788402013913187,1.188745740659972
0.5,3,hysteresis,208,620,1.795338642158706,2.0588576716239215,0.33225806451612905,0.14838709677419354,0.17419354838709677,0.00967741935483871,0.6878681234060804,0.29680687918023013,0.44541307614845504,0.2037037037037037,1.2996619571045076,0.005638143445461423,0.6658544012737027,1.1363421876912603
0.5,4,raw,101,792,1.405307911156656,1.1127171174680925,0.34974747474747475,0.25757575757575757,0.09217171717171717,0.0,0.7487291591414723,0.3577378932682595,0.467513331382145,0.2191780821917808,1.6603715917409545,0.0032716912120303284,0.9882791903127028,1.0641764192737797
0.5,4,raw,102,761,1.462330728414093,1.1643434182479742,0.33508541392904073,0.22470433639947437,0.1011826544021025,0.009198423127463863,0.7091219073329513,0.2551480260710125,0.37771755989433503,0.2597402597402597,1.595626275229714,0.004947530475281286,0.8543240530071725,1.2788290363188646
0.5,4,raw,103,782,1.4219636436979397,1.1277750999988534,0.3491048593350384,0.24552429667519182,0.09974424552429667,0.0038363171355498722,0.7535812087493591,0.3327197144892399,0.4638228065186949,0.14102564102564102,1.6409233412362763,0.005585932584488308,0.9427109428872238,1.0740849540145498
0.5,4,raw,104,712,1.564378930197305,1.244603697852178,0.31320224719101125,0.22752808988764045,0.08567415730337079,0.0,0.6940084378459135,0.26619396440453896,0.3853360138046034,0.19672131147540983,1.4915397339435177,0.009711791679896255,0.6453847532198758,1.933843677511476
0.5,4,raw,105,713,1.5624124073583912,1.2591721138551677,0.2973352033660589,0.19074333800841514,0.10378681626928471,0.002805049088359046,0.6958517074607502,0.2587031320034864,0.39230808383700283,0.14864864864864866,1.4934170532339521,0.0005038904730241603,0.6534135934927505,1.7209138864652915
0.5,4,raw,106,781,1.4235616890410407,1.1354096134689717,0.32778489116517284,0.23687580025608196,0.09090909090909091,0.0,0.7370379378662164,0.2856324339543584,0.4162736856198303,0.18309859154929578,1.639081292574785,0.00039084502708006656,0.9451922991354307,1.297535339307435
0.5,4,raw,107,689,1.6148661190422318,1.304559198879397,0.3178519593613933,0.19738751814223512,0.11756168359941944,0.002902757619738752,0.6924680344197627,0.2569000504328088,0.3897184356529395,0.14814814814814814,1.4449082223096121,0.011096571514147217,0.5572450878694384,1.833721249636567
0.5,4,raw,108,768,1.4478488352954748,1.146203435789138,0.3229166666666667,0.22395833333333334,0.09505208333333333,0.00390625,0.7249789508820392,0.2803376874371842,0.4261780747297144,0.18055555555555555,1.6115862902615454,0.006482329758921439,0.8878893660213834,1.2565862997000676
0.5,4,raw,201,775,1.437423334612143,1.1252910508366651,0.3419354838709677,0.24903225806451612,0.09161290322580645,0.0012903225806451613,0.7335162628945215,0.31428050052394035,0.4223517765129472,0.15492957746478872,1.6232749790185725,0.008352727084400614,0.908907967910447,1.3777250538903427
0.5,4,raw,202,757,1.4652543332911674,1.1562319062868527,0.35006605019815057,0.24702774108322326,0.09907529722589167,0.003963011889035667,0.7328427706663155,0.31465182248698864,0.43406622229114644,0.17333333333333334,1.592442540737852,0.005022299338284711,0.8455166295587251,1.3495372776607057
0.5,4,raw,203,743,1.4937550396456691,1.152106739741463,0.3243606998654105,0.23418573351278602,0.08613728129205922,0.004037685060565276,0.7358557330236843,0.3199798943923146,0.4438750258475388,0.109375,1.5620588860987668,0.00857459930965064,0.7864983828186678,1.6386417365815795
0.5,4,raw,204,828,1.3443277248187067,1.086954488970348,0.391304347826087,0.2886473429951691,0.10265700483091787,0.0,0.7755682595383047,0.36667530483294053,0.49710976117620465,0.2261904761904762,1.7356878759961616,0.011762636643226413,1.1392313856663283,0.8613502550781639
0.5,4,raw,205,807,1.3787417994029536,1.1108124770325656,0.34076827757125155,0.25154894671623296,0.08798017348203221,0.0012391573729863693,0.7376691627494435,0.3118118458670112,0.42974001280049234,0.2112676056338028,1.6923642514818606,0.007567877266907629,1.0507485410353863,1.0669463827900725
0.5,4,raw,206,745,1.4947633856656166,1.1819822401471596,0.3302013422818792,0.2348993288590604,0.09395973154362416,0.0013422818791946308,0.7032993974291286,0.28576508229017367,0.3899356678547088,0.21428571428571427,1.561005143495873,0.011592342178144434,0.7839429445044623,1.769466687779155
0.5,4,raw,207,761,1.4625844629852398,1.1797308170109682,0.32063074901445465,0.19973718791064388,0.11957950065703023,0.0,0.7123094877612742,0.2710604380956008,0.40573605923954714,0.15384615384615385,1.5953494600720923,0.007394059686434909,0.8584535201714325,1.3742776421990424
0.5,4,raw,208,770,1.4455948005259196,1.1441723927802494,0.33376623376623377,0.24675324675324675,0.08441558441558442,0.0025974025974025974,0.7321040853886144,0.32241113397800497,0.45037767609346285,0.1076923076923077,1.6140991462368617,0.0060033379237967805,0.8962708731039433,1.3132347431477573
0.5,4,hysteresis,101,717,1.552306646633294,1.187888553476699,0.398884239888424,0.24407252440725244,0.15481171548117154,0.0,0.7722105693854062,0.4164552454067545,0.5295713718333456,0.2972972972972973,1.5031394334321522,0.0032716912120303284,0.9882791903127028,1.0641764192737797
0.5,4,hysteresis,102,665,1.672138883720289,2.007836204808828,0.37593984962406013,0.19097744360902255,0.1699248120300752,0.015037593984962405,0.7363492853921937,0.31739938924708366,0.4689752663788281,0.23893805309734514,1.3954183806443001,0.004947530475281286,0.8543240530071725,1.2788290363188646
0.5,4,hysteresis,103,716,1.5530385047092023,1.201902406331273,0.4106145251396648,0.2430167597765363,0.15782122905027932,0.009776536312849162,0.77829071253593,0.3873353519856675,0.527628168761416,0.20353982300884957,1.5024310899298898,0.005585932584488308,0.9427109428872238,1.0740849540145498
0.5,4,hysteresis,104,618,1.802326534466798,2.086697814976217,0.3333333333333333,0.18446601941747573,0.14401294498381878,0.0048543689320388345,0.7141481967908934,0.3062228055777349,0.43531520880997954,0.23595505617977527,1.2946229713161432,0.009711791679896255,0.6453847532198758,1.933843677511476
0.5,4,hysteresis,105,633,1.7598736910687724,2.056095618235861,0.3617693522906793,0.1848341232227488,0.1721958925750395,0.004739336492890996,0.7316534231703778,0.3393007389055153,0.47966974623149,0.1926605504587156,1.325852727485402,0.0005038904730241603,0.6534135934927505,1.7209138864652915
0.5,4,hysteresis,106,691,1.6089749336339403,1.3038629765714478,0.3661360347322721,0.22431259044862517,0.14037626628075253,0.001447178002894356,0.7622306934317241,0.350996217243715,0.4899665244675791,0.18556701030927836,1.4501986852358213,0.00039084502708006656,0.9451922991354307,1.297535339307435
0.5,4,hysteresis,107,613,1.8139365187869942,2.078093157984398,0.3605220228384992,0.1631321370309951,0.1859706362153344,0.011419249592169658,0.712673427849531,0.3115087347208035,0.45351752601765927,0.22123893805309736,1.2863368200413472,0.011096571514147217,0.5572450878694384,1.833721249636567
0.5,4,hysteresis,108,680,1.6352175080984186,1.906824656833607,0.37058823529411766,0.21323529411764705,0.14705882352941177,0.010294117647058823,0.760557298265636,0.3623523608530828,0.5027124832858648,0.2828282828282828,1.4269253611690766,0.006482329758921439,0.8878893660213834,1.2565862997000676
0.5,4,hysteresis,201,683,1.6310440473271026,1.917061706679856,0.37920937042459735,0.21961932650073207,0.15519765739385066,0.004392386530014641,0.7552365526538197,0.3708669756908356,0.5027715283857795,0.20754716981132076,1.4305765298963677,0.008352727084400614,0.908907967910447,1.3777250538903427
0.5,4,hysteresis,202,672,1.650591562948532,1.9863408320038274,0.40029761904761907,0.23065476190476192,0.1636904761904762,0.005952380952380952,0.7587746133452454,0.38750429628063243,0.5107196115846661,0.20909090909090908,1.4136345936272607,0.005022299338284711,0.8455166295587251,1.3495372776607057
0.5,4,hysteresis,203,663,1.6739969750478616,1.9937768645767198,0.3514328808446455,0.21116138763197587,0.13273001508295626,0.007541478129713424,0.754833010383214,0.3754062026545612,0.4981021140140061,0.13636363636363635,1.393869504015454,0.00857459930965064,0.7864983828186678,1.6386417365815795
0.5,4,hysteresis,204,750,1.4841378081998522,1.1378261553484124,0.444,0.2826666666666667,0.15866666666666668,0.0026666666666666666,0.8027203836134146,0.4286032206983485,0.5564454416110258,0.2796610169491525,1.5721810470979725,0.011762636643226413,1.1392313856663283,0.8613502550781639
0.5,4,hysteresis,205,719,1.546522185575475,1.1809316179324647,0.3796940194714882,0.2517385257301808,0.12378303198887343,0.004172461752433936,0.7703233632776239,0.3886248917432133,0.5072812010225757,0.2696629213483146,1.5087616298663566,0.007567877266907629,1.0507485410353863,1.0669463827900725
0.5,4,hysteresis,206,654,1.7027503399401902,2.028701045192154,0.3746177370030581,0.20948012232415902,0.1620795107033639,0.0030581039755351682,0.7249400006427694,0.348502116216912,0.4588865248259443,0.20754716981132076,1.3703320320084578,0.011592342178144434,0.7839429445044623,1.769466687779155
0.5,4,hysteresis,207,661,1.6838529142689371,2.0207752791277005,0.3630862329803328,0.16792738275340394,0.18608169440242056,0.009077155824508321,0.7401534135244513,0.3271667626889583,0.47043428361286393,0.2032520325203252,1.3857108976447479,0.007394059686434909,0.8584535201714325,1.3742776421990424
0.5,4,hysteresis,208,688,1.6178895296583695,1.3303100551087246,0.3561046511627907,0.2136627906976744,0.1380813953488372,0.00436046511627907,0.7508087249586101,0.36895746707829213,0.4978954051253426,0.15789473684210525,1.442208068325923,0.0060033379237967805,0.8962708731039433,1.3132347431477573
