seed,delta,omega,rule,crossings,max_event_time_error,rms_error
101,0.0,1.9,raw,484,0.0,0.0
101,0.0,1.9,hysteresis,459,0.0,0.0
101,0.0,1.925,raw,484,0.0,0.0
101,0.0,1.925,hysteresis,459,0.0,0.0
101,0.0,1.95,raw,484,0.0,0.0
101,0.0,1.95,hysteresis,459,0.0,0.0
101,0.0,1.975,raw,484,0.0,0.0
101,0.0,1.975,hysteresis,459,0.0,0.0
101,0.0,2.0,raw,484,0.0,0.0
101,0.0,2.0,hysteresis,459,0.0,0.0
101,0.0,2.025,raw,484,0.0,0.0
101,0.0,2.025,hysteresis,459,0.0,0.0
101,0.0,2.05,raw,484,0.0,0.0
101,0.0,2.05,hysteresis,459,0.0,0.0
101,0.0,2.075,raw,484,0.0,0.0
101,0.0,2.075,hysteresis,459,0.0,0.0
101,0.0,2.1,raw,484,0.0,0.0
101,0.0,2.1,hysteresis,459,0.0,0.0
101,0.0,2.125,raw,484,0.0,0.0
101,0.0,2.125,hysteresis,459,0.0,0.0
101,0.0,2.15,raw,484,0.0,0.0
101,0.0,2.15,hysteresis,459,0.0,0.0
101,0.0,2.175,raw,484,0.0,0.0
101,0.0,2.175,hysteresis,459,0.0,0.0
101,0.0,2.2,raw,484,0.0,0.0
101,0.0,2.2,hysteresis,459,0.0,0.0
101,0.0,2.225,raw,484,0.0,0.0
101,0.0,2.225,hysteresis,459,0.0,0.0
101,0.0,2.25,raw,484,0.0,0.0
101,0.0,2.25,hysteresis,459,0.0,0.0
101,0.0,2.275,raw,484,0.0,0.0
101,0.0,2.275,hysteresis,459,0.0,0.0
101,0.0,2.3,raw,484,0.0,0.0
101,0.0,2.3,hysteresis,459,0.0,0.0
101,0.0,2.325,raw,484,0.0,0.0
101,0.0,2.325,hysteresis,459,0.0,0.0
101,0.0,2.3333333333333335,raw,484,0.0,0.0
101,0.0,2.3333333333333335,hysteresis,459,0.0,0.0
101,0.0,2.35,raw,484,0.0,0.0
101,0.0,2.35,hysteresis,459,0.0,0.0
101,0.0,2.375,raw,484,0.0,0.0
101,0.0,2.375,hysteresis,459,0.0,0.0
101,0.0,2.4,raw,484,0.0,0.0
101,0.0,2.4,hysteresis,459,0.0,0.0
101,0.0,2.414213562373095,raw,484,0.0,0.0
101,0.0,2.414213562373095,hysteresis,459,0.0,0.0
101,0.0,2.425,raw,484,0.0,0.0
101,0.0,2.425,hysteresis,459,0.0,0.0
101,0.0,2.45,raw,484,0.0,0.0
101,0.0,2.45,hysteresis,459,0.0,0.0
101,0.0,2.475,raw,484,0.0,0.0
101,0.0,2.475,hysteresis,459,0.0,0.0
101,0.0,2.5,raw,484,0.0,0.0
101,0.0,2.5,hysteresis,459,0.0,0.0
101,0.0,2.525,raw,484,0.0,0.0
101,0.0,2.525,hysteresis,459,0.0,0.0
101,0.0,2.55,raw,484,0.0,0.0
101,0.0,2.55,hysteresis,459,0.0,0.0
101,0.0,2.575,raw,484,0.0,0.0
101,0.0,2.575,hysteresis,459,0.0,0.0
101,0.0,2.6,raw,484,0.0,0.0
101,0.0,2.6,hysteresis,459,0.0,0.0
101,1.0,1.9,raw,578,4.547473508864641e-13,2.220446049250313e-16
101,1.0,1.9,hysteresis,527,4.547473508864641e-13,2.220446049250313e-16
101,1.0,1.925,raw,579,4.547473508864641e-13,1.1102230246251565e-16
101,1.0,1.925,hysteresis,531,4.547473508864641e-13,1.1102230246251565e-16
101,1.0,1.95,raw,574,4.547473508864641e-13,2.220446049250313e-16
101,1.0,1.95,hysteresis,527,4.547473508864641e-13,2.220446049250313e-16
101,1.0,1.975,raw,565,4.547473508864641e-13,7.771561172376096e-16
101,1.0,1.975,hysteresis,533,4.547473508864641e-13,7.771561172376096e-16
101,1.0,2.0,raw,567,4.547473508864641e-13,2.220446049250313e-16
101,1.0,2.0,hysteresis,517,4.547473508864641e-13,2.220446049250313e-16
101,1.0,2.025,raw,569,9.094947017729282e-13,1.1102230246251565e-16
101,1.0,2.025,hysteresis,530,9.094947017729282e-13,1.1102230246251565e-16
101,1.0,2.05,raw,562,4.547473508864641e-13,5.551115123125783e-16
101,1.0,2.05,hysteresis,525,4.547473508864641e-13,5.551115123125783e-16
101,1.0,2.075,raw,562,4.547473508864641e-13,0.0
101,1.0,2.075,hysteresis,527,4.547473508864641e-13,0.0
101,1.0,2.1,raw,557,4.547473508864641e-13,5.551115123125783e-16
101,1.0,2.1,hysteresis,522,4.547473508864641e-13,5.551115123125783e-16
101,1.0,2.125,raw,564,9.094947017729282e-13,2.220446049250313e-16
101,1.0,2.125,hysteresis,513,4.547473508864641e-13,2.220446049250313e-16
101,1.0,2.15,raw,559,4.547473508864641e-13,4.440892098500626e-16
101,1.0,2.15,hysteresis,520,4.547473508864641e-13,4.440892098500626e-16
101,1.0,2.175,raw,557,4.547473508864641e-13,1.1102230246251565e-16
101,1.0,2.175,hysteresis,514,4.547473508864641e-13,1.1102230246251565e-16
101,1.0,2.2,raw,557,4.547473508864641e-13,1.1102230246251565e-16
101,1.0,2.2,hysteresis,510,4.547473508864641e-13,1.1102230246251565e-16
101,1.0,2.225,raw,558,9.094947017729282e-13,3.3306690738754696e-16
101,1.0,2.225,hysteresis,507,9.094947017729282e-13,3.3306690738754696e-16
101,1.0,2.25,raw,546,4.547473508864641e-13,2.220446049250313e-16
101,1.0,2.25,hysteresis,505,4.547473508864641e-13,2.220446049250313e-16
101,1.0,2.275,raw,556,9.094947017729282e-13,1.1102230246251565e-16
101,1.0,2.275,hysteresis,513,9.094947017729282e-13,1.1102230246251565e-16
101,1.0,2.3,raw,555,9.094947017729282e-13,1.3322676295501878e-15
101,1.0,2.3,hysteresis,502,9.094947017729282e-13,1.3322676295501878e-15
101,1.0,2.325,raw,557,4.547473508864641e-13,4.440892098500626e-16
101,1.0,2.325,hysteresis,504,4.547473508864641e-13,4.440892098500626e-16
101,1.0,2.3333333333333335,raw,543,4.547473508864641e-13,5.551115123125783e-16
101,1.0,2.3333333333333335,hysteresis,501,4.547473508864641e-13,5.551115123125783e-16
101,1.0,2.35,raw,549,9.094947017729282e-13,8.881784197001252e-16
101,1.0,2.35,hysteresis,501,9.094947017729282e-13,8.881784197001252e-16
101,1.0,2.375,raw,545,9.094947017729282e-13,3.3306690738754696e-16
101,1.0,2.375,hysteresis,497,9.094947017729282e-13,3.3306690738754696e-16
101,1.0,2.4,raw,538,9.094947017729282e-13,7.771561172376096e-16
101,1.0,2.4,hysteresis,497,9.094947017729282e-13,7.771561172376096e-16
101,1.0,2.414213562373095,raw,552,4.547473508864641e-13,5.551115123125783e-16
101,1.0,2.414213562373095,hysteresis,500,4.547473508864641e-13,5.551115123125783e-16
101,1.0,2.425,raw,545,4.547473508864641e-13,1.1102230246251565e-16
101,1.0,2.425,hysteresis,504,4.547473508864641e-13,1.1102230246251565e-16
101,1.0,2.45,raw,545,4.547473508864641e-13,5.551115123125783e-16
101,1.0,2.45,hysteresis,501,4.547473508864641e-13,5.551115123125783e-16
101,1.0,2.475,raw,552,4.547473508864641e-13,0.0
101,1.0,2.475,hysteresis,497,4.547473508864641e-13,0.0
101,1.0,2.5,raw,552,9.094947017729282e-13,0.0
101,1.0,2.5,hysteresis,497,9.094947017729282e-13,0.0
101,1.0,2.525,raw,542,9.094947017729282e-13,5.551115123125783e-16
101,1.0,2.525,hysteresis,492,9.094947017729282e-13,5.551115123125783e-16
101,1.0,2.55,raw,541,9.094947017729282e-13,3.3306690738754696e-16
101,1.0,2.55,hysteresis,492,9.094947017729282e-13,3.3306690738754696e-16
101,1.0,2.575,raw,541,9.094947017729282e-13,1.1102230246251565e-16
101,1.0,2.575,hysteresis,493,9.094947017729282e-13,1.1102230246251565e-16
101,1.0,2.6,raw,535,9.094947017729282e-13,4.440892098500626e-16
101,1.0,2.6,hysteresis,494,9.094947017729282e-13,4.440892098500626e-16
101,1.5,1.9,raw,665,4.547473508864641e-13,3.3306690738754696e-16
101,1.5,1.9,hysteresis,610,4.547473508864641e-13,3.3306690738754696e-16
101,1.5,1.925,raw,660,4.547473508864641e-13,2.220446049250313e-16
101,1.5,1.925,hysteresis,612,4.547473508864641e-13,2.220446049250313e-16
101,1.5,1.95,raw,660,9.094947017729282e-13,4.440892098500626e-16
101,1.5,1.95,hysteresis,607,9.094947017729282e-13,4.440892098500626e-16
101,1.5,1.975,raw,656,4.547473508864641e-13,4.440892098500626e-16
101,1.5,1.975,hysteresis,594,4.547473508864641e-13,4.440892098500626e-16
101,1.5,2.0,raw,649,4.547473508864641e-13,3.3306690738754696e-16
101,1.5,2.0,hysteresis,591,4.547473508864641e-13,3.3306690738754696e-16
101,1.5,2.025,raw,650,4.547473508864641e-13,3.3306690738754696e-16
101,1.5,2.025,hysteresis,594,4.547473508864641e-13,3.3306690738754696e-16
101,1.5,2.05,raw,633,4.547473508864641e-13,1.1102230246251565e-16
101,1.5,2.05,hysteresis,586,4.547473508864641e-13,1.1102230246251565e-16
101,1.5,2.075,raw,639,9.094947017729282e-13,8.881784197001252e-16
101,1.5,2.075,hysteresis,580,9.094947017729282e-13,8.881784197001252e-16
101,1.5,2.1,raw,631,9.094947017729282e-13,0.0
101,1.5,2.1,hysteresis,575,4.547473508864641e-13,0.0
101,1.5,2.125,raw,634,4.547473508864641e-13,4.440892098500626e-16
101,1.5,2.125,hysteresis,576,4.547473508864641e-13,4.440892098500626e-16
101,1.5,2.15,raw,624,4.547473508864641e-13,6.661338147750939e-16
101,1.5,2.15,hysteresis,569,4.547473508864641e-13,6.661338147750939e-16
101,1.5,2.175,raw,626,9.094947017729282e-13,2.220446049250313e-16
101,1.5,2.175,hysteresis,562,9.094947017729282e-13,2.220446049250313e-16
101,1.5,2.2,raw,624,9.094947017729282e-13,0.0
101,1.5,2.2,hysteresis,565,4.547473508864641e-13,0.0
101,1.5,2.225,raw,621,4.547473508864641e-13,6.661338147750939e-16
101,1.5,2.225,hysteresis,574,4.547473508864641e-13,6.661338147750939e-16
101,1.5,2.25,raw,609,4.547473508864641e-13,2.220446049250313e-16
101,1.5,2.25,hysteresis,544,4.547473508864641e-13,2.220446049250313e-16
101,1.5,2.275,raw,607,4.547473508864641e-13,3.3306690738754696e-16
101,1.5,2.275,hysteresis,551,4.547473508864641e-13,3.3306690738754696e-16
101,1.5,2.3,raw,624,4.547473508864641e-13,7.771561172376096e-16
101,1.5,2.3,hysteresis,549,4.547473508864641e-13,7.771561172376096e-16
101,1.5,2.325,raw,622,4.547473508864641e-13,2.220446049250313e-16
101,1.5,2.325,hysteresis,556,4.547473508864641e-13,2.220446049250313e-16
101,1.5,2.3333333333333335,raw,605,9.094947017729282e-13,2.220446049250313e-16
101,1.5,2.3333333333333335,hysteresis,544,9.094947017729282e-13,2.220446049250313e-16
101,1.5,2.35,raw,609,4.547473508864641e-13,2.220446049250313e-16
101,1.5,2.35,hysteresis,548,4.547473508864641e-13,2.220446049250313e-16
101,1.5,2.375,raw,607,4.547473508864641e-13,1.1102230246251565e-16
101,1.5,2.375,hysteresis,542,4.547473508864641e-13,1.1102230246251565e-16
101,1.5,2.4,raw,592,4.547473508864641e-13,2.220446049250313e-16
101,1.5,2.4,hysteresis,537,4.547473508864641e-13,2.220446049250313e-16
101,1.5,2.414213562373095,raw,600,9.094947017729282e-13,1.1102230246251565e-16
101,1.5,2.414213562373095,hysteresis,542,9.094947017729282e-13,1.1102230246251565e-16
101,1.5,2.425,raw,596,4.547473508864641e-13,2.220446049250313e-16
101,1.5,2.425,hysteresis,539,4.547473508864641e-13,2.220446049250313e-16
101,1.5,2.45,raw,609,4.547473508864641e-13,3.3306690738754696e-16
101,1.5,2.45,hysteresis,539,4.547473508864641e-13,3.3306690738754696e-16
101,1.5,2.475,raw,601,9.094947017729282e-13,3.3306690738754696e-16
101,1.5,2.475,hysteresis,535,9.094947017729282e-13,3.3306690738754696e-16
101,1.5,2.5,raw,601,4.547473508864641e-13,5.551115123125783e-16
101,1.5,2.5,hysteresis,542,4.547473508864641e-13,5.551115123125783e-16
101,1.5,2.525,raw,598,4.547473508864641e-13,1.1102230246251565e-16
101,1.5,2.525,hysteresis,535,4.547473508864641e-13,1.1102230246251565e-16
101,1.5,2.55,raw,591,4.547473508864641e-13,4.440892098500626e-16
101,1.5,2.55,hysteresis,532,4.547473508864641e-13,4.440892098500626e-16
101,1.5,2.575,raw,588,4.547473508864641e-13,2.220446049250313e-16
101,1.5,2.575,hysteresis,523,4.547473508864641e-13,2.220446049250313e-16
101,1.5,2.6,raw,585,9.094947017729282e-13,3.3306690738754696e-16
101,1.5,2.6,hysteresis,526,9.094947017729282e-13,3.3306690738754696e-16
101,2.0,1.9,raw,754,4.547473508864641e-13,0.0
101,2.0,1.9,hysteresis,703,4.547473508864641e-13,0.0
101,2.0,1.925,raw,744,9.094947017729282e-13,3.3306690738754696e-16
101,2.0,1.925,hysteresis,687,9.094947017729282e-13,3.3306690738754696e-16
101,2.0,1.95,raw,736,4.547473508864641e-13,1.1102230246251565e-16
101,2.0,1.95,hysteresis,687,4.547473508864641e-13,1.1102230246251565e-16
101,2.0,1.975,raw,738,9.094947017729282e-13,4.440892098500626e-16
101,2.0,1.975,hysteresis,673,9.094947017729282e-13,4.440892098500626e-16
101,2.0,2.0,raw,730,9.094947017729282e-13,0.0
101,2.0,2.0,hysteresis,673,9.094947017729282e-13,0.0
101,2.0,2.025,raw,732,4.547473508864641e-13,2.220446049250313e-16
101,2.0,2.025,hysteresis,667,4.547473508864641e-13,2.220446049250313e-16
101,2.0,2.05,raw,723,4.547473508864641e-13,1.1102230246251565e-16
101,2.0,2.05,hysteresis,650,4.547473508864641e-13,1.1102230246251565e-16
101,2.0,2.075,raw,720,9.094947017729282e-13,7.771561172376096e-16
101,2.0,2.075,hysteresis,665,9.094947017729282e-13,7.771561172376096e-16
101,2.0,2.1,raw,731,4.547473508864641e-13,3.3306690738754696e-16
101,2.0,2.1,hysteresis,663,4.547473508864641e-13,3.3306690738754696e-16
101,2.0,2.125,raw,721,4.547473508864641e-13,2.220446049250313e-16
101,2.0,2.125,hysteresis,657,4.547473508864641e-13,2.220446049250313e-16
101,2.0,2.15,raw,715,4.547473508864641e-13,1.1102230246251565e-16
101,2.0,2.15,hysteresis,637,4.547473508864641e-13,1.1102230246251565e-16
101,2.0,2.175,raw,714,4.547473508864641e-13,1.1102230246251565e-16
101,2.0,2.175,hysteresis,640,4.547473508864641e-13,1.1102230246251565e-16
101,2.0,2.2,raw,714,9.094947017729282e-13,1.1102230246251565e-16
101,2.0,2.2,hysteresis,631,9.094947017729282e-13,1.1102230246251565e-16
101,2.0,2.225,raw,715,9.094947017729282e-13,0.0
101,2.0,2.225,hysteresis,636,9.094947017729282e-13,0.0
101,2.0,2.25,raw,694,4.547473508864641e-13,3.3306690738754696e-16
101,2.0,2.25,hysteresis,624,4.547473508864641e-13,3.3306690738754696e-16
101,2.0,2.275,raw,695,4.547473508864641e-13,1.1102230246251565e-16
101,2.0,2.275,hysteresis,620,4.547473508864641e-13,1.1102230246251565e-16
101,2.0,2.3,raw,704,9.094947017729282e-13,3.3306690738754696e-16
101,2.0,2.3,hysteresis,619,4.547473508864641e-13,3.3306690738754696e-16
101,2.0,2.325,raw,686,9.094947017729282e-13,7.771561172376096e-16
101,2.0,2.325,hysteresis,612,4.547473508864641e-13,7.771561172376096e-16
101,2.0,2.3333333333333335,raw,687,4.547473508864641e-13,2.220446049250313e-16
101,2.0,2.3333333333333335,hysteresis,611,4.547473508864641e-13,2.220446049250313e-16
101,2.0,2.35,raw,668,4.547473508864641e-13,1.1102230246251565e-16
101,2.0,2.35,hysteresis,610,4.547473508864641e-13,1.1102230246251565e-16
101,2.0,2.375,raw,682,9.094947017729282e-13,2.220446049250313e-16
101,2.0,2.375,hysteresis,604,9.094947017729282e-13,2.220446049250313e-16
101,2.0,2.4,raw,678,9.094947017729282e-13,1.1102230246251565e-16
101,2.0,2.4,hysteresis,589,9.094947017729282e-13,1.1102230246251565e-16
101,2.0,2.414213562373095,raw,676,9.094947017729282e-13,6.661338147750939e-16
101,2.0,2.414213562373095,hysteresis,598,4.547473508864641e-13,6.661338147750939e-16
101,2.0,2.425,raw,664,4.547473508864641e-13,3.3306690738754696e-16
101,2.0,2.425,hysteresis,594,4.547473508864641e-13,3.3306690738754696e-16
101,2.0,2.45,raw,676,9.094947017729282e-13,2.220446049250313e-16
101,2.0,2.45,hysteresis,589,4.547473508864641e-13,2.220446049250313e-16
101,2.0,2.475,raw,664,9.094947017729282e-13,1.1102230246251565e-16
101,2.0,2.475,hysteresis,592,9.094947017729282e-13,1.1102230246251565e-16
101,2.0,2.5,raw,657,4.547473508864641e-13,7.771561172376096e-16
101,2.0,2.5,hysteresis,584,4.547473508864641e-13,7.771561172376096e-16
101,2.0,2.525,raw,656,9.094947017729282e-13,0.0
101,2.0,2.525,hysteresis,579,9.094947017729282e-13,0.0
101,2.0,2.55,raw,646,4.547473508864641e-13,5.551115123125783e-16
101,2.0,2.55,hysteresis,574,4.547473508864641e-13,5.551115123125783e-16
101,2.0,2.575,raw,642,4.547473508864641e-13,4.440892098500626e-16
101,2.0,2.575,hysteresis,570,4.547473508864641e-13,4.440892098500626e-16
101,2.0,2.6,raw,647,9.094947017729282e-13,2.220446049250313e-16
101,2.0,2.6,hysteresis,574,9.094947017729282e-13,2.220446049250313e-16
101,3.0,1.9,raw,850,9.094947017729282e-13,2.220446049250313e-16
101,3.0,1.9,hysteresis,822,9.094947017729282e-13,2.220446049250313e-16
101,3.0,1.925,raw,854,9.094947017729282e-13,8.881784197001252e-16
101,3.0,1.925,hysteresis,815,9.094947017729282e-13,8.881784197001252e-16
101,3.0,1.95,raw,854,4.547473508864641e-13,2.220446049250313e-16
101,3.0,1.95,hysteresis,819,2.2737367544323206e-13,2.220446049250313e-16
101,3.0,1.975,raw,854,4.547473508864641e-13,1.3322676295501878e-15
101,3.0,1.975,hysteresis,815,4.547473508864641e-13,1.3322676295501878e-15
101,3.0,2.0,raw,863,9.094947017729282e-13,4.440892098500626e-16
101,3.0,2.0,hysteresis,809,9.094947017729282e-13,4.440892098500626e-16
101,3.0,2.025,raw,864,4.547473508864641e-13,2.220446049250313e-16
101,3.0,2.025,hysteresis,804,4.547473508864641e-13,2.220446049250313e-16
101,3.0,2.05,raw,860,4.547473508864641e-13,7.771561172376096e-16
101,3.0,2.05,hysteresis,803,4.547473508864641e-13,7.771561172376096e-16
101,3.0,2.075,raw,863,9.094947017729282e-13,3.3306690738754696e-16
101,3.0,2.075,hysteresis,793,9.094947017729282e-13,3.3306690738754696e-16
101,3.0,2.1,raw,847,9.094947017729282e-13,6.661338147750939e-16
101,3.0,2.1,hysteresis,795,9.094947017729282e-13,6.661338147750939e-16
101,3.0,2.125,raw,860,4.547473508864641e-13,3.3306690738754696e-16
101,3.0,2.125,hysteresis,802,4.547473508864641e-13,3.3306690738754696e-16
101,3.0,2.15,raw,857,4.547473508864641e-13,7.771561172376096e-16
101,3.0,2.15,hysteresis,784,2.2737367544323206e-13,7.771561172376096e-16
101,3.0,2.175,raw,858,9.094947017729282e-13,5.551115123125783e-16
101,3.0,2.175,hysteresis,795,9.094947017729282e-13,5.551115123125783e-16
101,3.0,2.2,raw,855,9.094947017729282e-13,3.3306690738754696e-16
101,3.0,2.2,hysteresis,782,9.094947017729282e-13,3.3306690738754696e-16
101,3.0,2.225,raw,862,9.094947017729282e-13,3.3306690738754696e-16
101,3.0,2.225,hysteresis,789,9.094947017729282e-13,3.3306690738754696e-16
101,3.0,2.25,raw,854,4.547473508864641e-13,5.551115123125783e-16
101,3.0,2.25,hysteresis,785,4.547473508864641e-13,5.551115123125783e-16
101,3.0,2.275,raw,851,4.547473508864641e-13,0.0
101,3.0,2.275,hysteresis,768,4.547473508864641e-13,0.0
101,3.0,2.3,raw,846,4.547473508864641e-13,4.440892098500626e-16
101,3.0,2.3,hysteresis,768,4.547473508864641e-13,4.440892098500626e-16
101,3.0,2.325,raw,839,4.547473508864641e-13,0.0
101,3.0,2.325,hysteresis,757,4.547473508864641e-13,0.0
101,3.0,2.3333333333333335,raw,838,4.547473508864641e-13,3.3306690738754696e-16
101,3.0,2.3333333333333335,hysteresis,756,4.547473508864641e-13,3.3306690738754696e-16
101,3.0,2.35,raw,840,9.094947017729282e-13,0.0
101,3.0,2.35,hysteresis,741,9.094947017729282e-13,0.0
101,3.0,2.375,raw,839,4.547473508864641e-13,0.0
101,3.0,2.375,hysteresis,745,4.547473508864641e-13,0.0
101,3.0,2.4,raw,847,4.547473508864641e-13,0.0
101,3.0,2.4,hysteresis,760,4.547473508864641e-13,0.0
101,3.0,2.414213562373095,raw,839,9.094947017729282e-13,5.551115123125783e-16
101,3.0,2.414213562373095,hysteresis,749,9.094947017729282e-13,5.551115123125783e-16
101,3.0,2.425,raw,820,9.094947017729282e-13,1.1102230246251565e-16
101,3.0,2.425,hysteresis,732,9.094947017729282e-13,1.1102230246251565e-16
101,3.0,2.45,raw,829,4.547473508864641e-13,4.440892098500626e-16
101,3.0,2.45,hysteresis,739,4.547473508864641e-13,4.440892098500626e-16
101,3.0,2.475,raw,813,9.094947017729282e-13,2.220446049250313e-16
101,3.0,2.475,hysteresis,724,9.094947017729282e-13,2.220446049250313e-16
101,3.0,2.5,raw,805,4.547473508864641e-13,2.220446049250313e-16
101,3.0,2.5,hysteresis,720,4.547473508864641e-13,2.220446049250313e-16
101,3.0,2.525,raw,814,9.094947017729282e-13,2.220446049250313e-16
101,3.0,2.525,hysteresis,725,4.547473508864641e-13,2.220446049250313e-16
101,3.0,2.55,raw,813,9.094947017729282e-13,2.220446049250313e-16
101,3.0,2.55,hysteresis,709,9.094947017729282e-13,2.220446049250313e-16
101,3.0,2.575,raw,809,4.547473508864641e-13,4.440892098500626e-16
101,3.0,2.575,hysteresis,714,4.547473508864641e-13,4.440892098500626e-16
101,3.0,2.6,raw,804,9.094947017729282e-13,6.661338147750939e-16
101,3.0,2.6,hysteresis,705,9.094947017729282e-13,6.661338147750939e-16
101,4.0,1.9,raw,892,9.094947017729282e-13,6.661338147750939e-16
101,4.0,1.9,hysteresis,871,9.094947017729282e-13,6.661338147750939e-16
101,4.0,1.925,raw,901,9.094947017729282e-13,4.440892098500626e-16
101,4.0,1.925,hysteresis,878,9.094947017729282e-13,4.440892098500626e-16
101,4.0,1.95,raw,916,4.547473508864641e-13,6.661338147750939e-16
101,4.0,1.95,hysteresis,891,4.547473508864641e-13,6.661338147750939e-16
101,4.0,1.975,raw,918,9.094947017729282e-13,6.661338147750939e-16
101,4.0,1.975,hysteresis,885,9.094947017729282e-13,6.661338147750939e-16
101,4.0,2.0,raw,923,4.547473508864641e-13,0.0
101,4.0,2.0,hysteresis,888,4.547473508864641e-13,0.0
101,4.0,2.025,raw,925,9.094947017729282e-13,0.0
101,4.0,2.025,hysteresis,896,9.094947017729282e-13,0.0
101,4.0,2.05,raw,938,4.547473508864641e-13,2.220446049250313e-16
101,4.0,2.05,hysteresis,898,4.547473508864641e-13,2.220446049250313e-16
101,4.0,2.075,raw,931,4.547473508864641e-13,6.661338147750939e-16
101,4.0,2.075,hysteresis,897,4.547473508864641e-13,6.661338147750939e-16
101,4.0,2.1,raw,942,4.547473508864641e-13,8.881784197001252e-16
101,4.0,2.1,hysteresis,896,4.547473508864641e-13,8.881784197001252e-16
101,4.0,2.125,raw,944,4.547473508864641e-13,0.0
101,4.0,2.125,hysteresis,894,4.547473508864641e-13,0.0
101,4.0,2.15,raw,949,9.094947017729282e-13,1.1102230246251565e-15
101,4.0,2.15,hysteresis,905,9.094947017729282e-13,1.1102230246251565e-15
101,4.0,2.175,raw,943,4.547473508864641e-13,3.3306690738754696e-16
101,4.0,2.175,hysteresis,910,4.547473508864641e-13,3.3306690738754696e-16
101,4.0,2.2,raw,947,9.094947017729282e-13,7.771561172376096e-16
101,4.0,2.2,hysteresis,893,9.094947017729282e-13,7.771561172376096e-16
101,4.0,2.225,raw,955,4.547473508864641e-13,1.1102230246251565e-15
101,4.0,2.225,hysteresis,909,4.547473508864641e-13,1.1102230246251565e-15
101,4.0,2.25,raw,949,4.547473508864641e-13,6.661338147750939e-16
101,4.0,2.25,hysteresis,891,4.547473508864641e-13,6.661338147750939e-16
101,4.0,2.275,raw,967,4.547473508864641e-13,3.3306690738754696e-16
101,4.0,2.275,hysteresis,903,4.547473508864641e-13,3.3306690738754696e-16
101,4.0,2.3,raw,957,9.094947017729282e-13,0.0
101,4.0,2.3,hysteresis,894,9.094947017729282e-13,0.0
101,4.0,2.325,raw,959,4.547473508864641e-13,5.551115123125783e-16
101,4.0,2.325,hysteresis,886,4.547473508864641e-13,5.551115123125783e-16
101,4.0,2.3333333333333335,raw,961,9.094947017729282e-13,0.0
101,4.0,2.3333333333333335,hysteresis,892,9.094947017729282e-13,0.0
101,4.0,2.35,raw,944,4.547473508864641e-13,1.1102230246251565e-16
101,4.0,2.35,hysteresis,886,4.547473508864641e-13,1.1102230246251565e-16
101,4.0,2.375,raw,954,9.094947017729282e-13,1.1102230246251565e-16
101,4.0,2.375,hysteresis,890,9.094947017729282e-13,1.1102230246251565e-16
101,4.0,2.4,raw,965,9.094947017729282e-13,1.1102230246251565e-16
101,4.0,2.4,hysteresis,893,9.094947017729282e-13,1.1102230246251565e-16
101,4.0,2.414213562373095,raw,947,9.094947017729282e-13,1.1102230246251565e-16
101,4.0,2.414213562373095,hysteresis,877,9.094947017729282e-13,1.1102230246251565e-16
101,4.0,2.425,raw,949,9.094947017729282e-13,1.1102230246251565e-16
101,4.0,2.425,hysteresis,869,9.094947017729282e-13,1.1102230246251565e-16
101,4.0,2.45,raw,955,9.094947017729282e-13,3.3306690738754696e-16
101,4.0,2.45,hysteresis,881,9.094947017729282e-13,3.3306690738754696e-16
101,4.0,2.475,raw,953,9.094947017729282e-13,4.440892098500626e-16
101,4.0,2.475,hysteresis,872,9.094947017729282e-13,4.440892098500626e-16
101,4.0,2.5,raw,937,9.094947017729282e-13,3.3306690738754696e-16
101,4.0,2.5,hysteresis,849,9.094947017729282e-13,3.3306690738754696e-16
101,4.0,2.525,raw,937,4.547473508864641e-13,3.3306690738754696e-16
101,4.0,2.525,hysteresis,847,4.547473508864641e-13,3.3306690738754696e-16
101,4.0,2.55,raw,955,4.547473508864641e-13,8.881784197001252e-16
101,4.0,2.55,hysteresis,860,4.547473508864641e-13,8.881784197001252e-16
101,4.0,2.575,raw,944,4.547473508864641e-13,4.440892098500626e-16
101,4.0,2.575,hysteresis,848,4.547473508864641e-13,4.440892098500626e-16
101,4.0,2.6,raw,928,9.094947017729282e-13,0.0
101,4.0,2.6,hysteresis,840,9.094947017729282e-13,0.0
102,0.0,1.9,raw,475,0.0,0.0
102,0.0,1.9,hysteresis,460,0.0,0.0
102,0.0,1.925,raw,475,0.0,0.0
102,0.0,1.925,hysteresis,460,0.0,0.0
102,0.0,1.95,raw,475,0.0,0.0
102,0.0,1.95,hysteresis,460,0.0,0.0
102,0.0,1.975,raw,475,0.0,0.0
102,0.0,1.975,hysteresis,460,0.0,0.0
102,0.0,2.0,raw,475,0.0,0.0
102,0.0,2.0,hysteresis,460,0.0,0.0
102,0.0,2.025,raw,475,0.0,0.0
102,0.0,2.025,hysteresis,460,0.0,0.0
102,0.0,2.05,raw,475,0.0,0.0
102,0.0,2.05,hysteresis,460,0.0,0.0
102,0.0,2.075,raw,475,0.0,0.0
102,0.0,2.075,hysteresis,460,0.0,0.0
102,0.0,2.1,raw,475,0.0,0.0
102,0.0,2.1,hysteresis,460,0.0,0.0
102,0.0,2.125,raw,475,0.0,0.0
102,0.0,2.125,hysteresis,460,0.0,0.0
102,0.0,2.15,raw,475,0.0,0.0
102,0.0,2.15,hysteresis,460,0.0,0.0
102,0.0,2.175,raw,475,0.0,0.0
102,0.0,2.175,hysteresis,460,0.0,0.0
102,0.0,2.2,raw,475,0.0,0.0
102,0.0,2.2,hysteresis,460,0.0,0.0
102,0.0,2.225,raw,475,0.0,0.0
102,0.0,2.225,hysteresis,460,0.0,0.0
102,0.0,2.25,raw,475,0.0,0.0
102,0.0,2.25,hysteresis,460,0.0,0.0
102,0.0,2.275,raw,475,0.0,0.0
102,0.0,2.275,hysteresis,460,0.0,0.0
102,0.0,2.3,raw,475,0.0,0.0
102,0.0,2.3,hysteresis,460,0.0,0.0
102,0.0,2.325,raw,475,0.0,0.0
102,0.0,2.325,hysteresis,460,0.0,0.0
102,0.0,2.3333333333333335,raw,475,0.0,0.0
102,0.0,2.3333333333333335,hysteresis,460,0.0,0.0
102,0.0,2.35,raw,475,0.0,0.0
102,0.0,2.35,hysteresis,460,0.0,0.0
102,0.0,2.375,raw,475,0.0,0.0
102,0.0,2.375,hysteresis,460,0.0,0.0
102,0.0,2.4,raw,475,0.0,0.0
102,0.0,2.4,hysteresis,460,0.0,0.0
102,0.0,2.414213562373095,raw,475,0.0,0.0
102,0.0,2.414213562373095,hysteresis,460,0.0,0.0
102,0.0,2.425,raw,475,0.0,0.0
102,0.0,2.425,hysteresis,460,0.0,0.0
102,0.0,2.45,raw,475,0.0,0.0
102,0.0,2.45,hysteresis,460,0.0,0.0
102,0.0,2.475,raw,475,0.0,0.0
102,0.0,2.475,hysteresis,460,0.0,0.0
102,0.0,2.5,raw,475,0.0,0.0
102,0.0,2.5,hysteresis,460,0.0,0.0
102,0.0,2.525,raw,475,0.0,0.0
102,0.0,2.525,hysteresis,460,0.0,0.0
102,0.0,2.55,raw,475,0.0,0.0
102,0.0,2.55,hysteresis,460,0.0,0.0
102,0.0,2.575,raw,475,0.0,0.0
102,0.0,2.575,hysteresis,460,0.0,0.0
102,0.0,2.6,raw,475,0.0,0.0
102,0.0,2.6,hysteresis,460,0.0,0.0
102,1.0,1.9,raw,548,4.547473508864641e-13,4.440892098500626e-16
102,1.0,1.9,hysteresis,509,4.547473508864641e-13,4.440892098500626e-16
102,1.0,1.925,raw,539,4.547473508864641e-13,4.440892098500626e-16
102,1.0,1.925,hysteresis,510,4.547473508864641e-13,4.440892098500626e-16
102,1.0,1.95,raw,547,9.094947017729282e-13,4.440892098500626e-16
102,1.0,1.95,hysteresis,508,4.547473508864641e-13,4.440892098500626e-16
102,1.0,1.975,raw,535,4.547473508864641e-13,4.440892098500626e-16
102,1.0,1.975,hysteresis,506,4.547473508864641e-13,4.440892098500626e-16
102,1.0,2.0,raw,541,9.094947017729282e-13,1.1102230246251565e-16
102,1.0,2.0,hysteresis,496,9.094947017729282e-13,1.1102230246251565e-16
102,1.0,2.025,raw,534,9.094947017729282e-13,6.661338147750939e-16
102,1.0,2.025,hysteresis,497,9.094947017729282e-13,6.661338147750939e-16
102,1.0,2.05,raw,537,9.094947017729282e-13,2.220446049250313e-16
102,1.0,2.05,hysteresis,499,9.094947017729282e-13,2.220446049250313e-16
102,1.0,2.075,raw,531,4.547473508864641e-13,1.1102230246251565e-15
102,1.0,2.075,hysteresis,498,4.547473508864641e-13,1.1102230246251565e-15
102,1.0,2.1,raw,525,9.094947017729282e-13,0.0
102,1.0,2.1,hysteresis,494,9.094947017729282e-13,0.0
102,1.0,2.125,raw,528,9.094947017729282e-13,2.220446049250313e-16
102,1.0,2.125,hysteresis,491,9.094947017729282e-13,2.220446049250313e-16
102,1.0,2.15,raw,531,4.547473508864641e-13,4.440892098500626e-16
102,1.0,2.15,hysteresis,492,4.547473508864641e-13,4.440892098500626e-16
102,1.0,2.175,raw,520,4.547473508864641e-13,3.3306690738754696e-16
102,1.0,2.175,hysteresis,481,4.547473508864641e-13,3.3306690738754696e-16
102,1.0,2.2,raw,525,9.094947017729282e-13,5.551115123125783e-16
102,1.0,2.2,hysteresis,485,9.094947017729282e-13,5.551115123125783e-16
102,1.0,2.225,raw,528,4.547473508864641e-13,3.3306690738754696e-16
102,1.0,2.225,hysteresis,488,4.547473508864641e-13,3.3306690738754696e-16
102,1.0,2.25,raw,521,9.094947017729282e-13,1.1102230246251565e-16
102,1.0,2.25,hysteresis,489,9.094947017729282e-13,1.1102230246251565e-16
102,1.0,2.275,raw,521,4.547473508864641e-13,5.551115123125783e-16
102,1.0,2.275,hysteresis,489,4.547473508864641e-13,5.551115123125783e-16
102,1.0,2.3,raw,519,9.094947017729282e-13,6.661338147750939e-16
102,1.0,2.3,hysteresis,486,9.094947017729282e-13,6.661338147750939e-16
102,1.0,2.325,raw,521,9.094947017729282e-13,5.551115123125783e-16
102,1.0,2.325,hysteresis,484,9.094947017729282e-13,5.551115123125783e-16
102,1.0,2.3333333333333335,raw,518,4.547473508864641e-13,6.661338147750939e-16
102,1.0,2.3333333333333335,hysteresis,487,4.547473508864641e-13,6.661338147750939e-16
102,1.0,2.35,raw,525,9.094947017729282e-13,4.440892098500626e-16
102,1.0,2.35,hysteresis,485,9.094947017729282e-13,4.440892098500626e-16
102,1.0,2.375,raw,511,4.547473508864641e-13,1.1102230246251565e-16
102,1.0,2.375,hysteresis,479,4.547473508864641e-13,1.1102230246251565e-16
102,1.0,2.4,raw,514,9.094947017729282e-13,0.0
102,1.0,2.4,hysteresis,483,9.094947017729282e-13,0.0
102,1.0,2.414213562373095,raw,507,4.547473508864641e-13,6.661338147750939e-16
102,1.0,2.414213562373095,hysteresis,479,4.547473508864641e-13,6.661338147750939e-16
102,1.0,2.425,raw,512,9.094947017729282e-13,2.220446049250313e-16
102,1.0,2.425,hysteresis,483,9.094947017729282e-13,2.220446049250313e-16
102,1.0,2.45,raw,511,9.094947017729282e-13,4.440892098500626e-16
102,1.0,2.45,hysteresis,477,9.094947017729282e-13,4.440892098500626e-16
102,1.0,2.475,raw,512,4.547473508864641e-13,1.1102230246251565e-16
102,1.0,2.475,hysteresis,479,4.547473508864641e-13,1.1102230246251565e-16
102,1.0,2.5,raw,515,9.094947017729282e-13,1.1102230246251565e-16
102,1.0,2.5,hysteresis,476,9.094947017729282e-13,1.1102230246251565e-16
102,1.0,2.525,raw,510,4.547473508864641e-13,6.661338147750939e-16
102,1.0,2.525,hysteresis,475,4.547473508864641e-13,6.661338147750939e-16
102,1.0,2.55,raw,508,4.547473508864641e-13,5.551115123125783e-16
102,1.0,2.55,hysteresis,480,4.547473508864641e-13,5.551115123125783e-16
102,1.0,2.575,raw,508,4.547473508864641e-13,9.992007221626409e-16
102,1.0,2.575,hysteresis,476,4.547473508864641e-13,9.992007221626409e-16
102,1.0,2.6,raw,503,4.547473508864641e-13,4.440892098500626e-16
102,1.0,2.6,hysteresis,477,4.547473508864641e-13,4.440892098500626e-16
102,1.5,1.9,raw,624,4.547473508864641e-13,8.881784197001252e-16
102,1.5,1.9,hysteresis,565,4.547473508864641e-13,8.881784197001252e-16
102,1.5,1.925,raw,621,9.094947017729282e-13,2.220446049250313e-16
102,1.5,1.925,hysteresis,562,4.547473508864641e-13,2.220446049250313e-16
102,1.5,1.95,raw,616,4.547473508864641e-13,6.661338147750939e-16
102,1.5,1.95,hysteresis,560,4.547473508864641e-13,6.661338147750939e-16
102,1.5,1.975,raw,606,4.547473508864641e-13,1.1102230246251565e-16
102,1.5,1.975,hysteresis,552,4.547473508864641e-13,1.1102230246251565e-16
102,1.5,2.0,raw,604,4.547473508864641e-13,1.2212453270876722e-15
102,1.5,2.0,hysteresis,555,4.547473508864641e-13,1.2212453270876722e-15
102,1.5,2.025,raw,605,4.547473508864641e-13,0.0
102,1.5,2.025,hysteresis,549,4.547473508864641e-13,0.0
102,1.5,2.05,raw,604,9.094947017729282e-13,2.220446049250313e-16
102,1.5,2.05,hysteresis,553,9.094947017729282e-13,2.220446049250313e-16
102,1.5,2.075,raw,596,4.547473508864641e-13,0.0
102,1.5,2.075,hysteresis,545,4.547473508864641e-13,0.0
102,1.5,2.1,raw,586,9.094947017729282e-13,2.220446049250313e-16
102,1.5,2.1,hysteresis,529,9.094947017729282e-13,2.220446049250313e-16
102,1.5,2.125,raw,593,2.2737367544323206e-13,4.440892098500626e-16
102,1.5,2.125,hysteresis,536,2.2737367544323206e-13,4.440892098500626e-16
102,1.5,2.15,raw,592,9.094947017729282e-13,0.0
102,1.5,2.15,hysteresis,537,4.547473508864641e-13,0.0
102,1.5,2.175,raw,588,9.094947017729282e-13,0.0
102,1.5,2.175,hysteresis,531,9.094947017729282e-13,0.0
102,1.5,2.2,raw,589,4.547473508864641e-13,6.661338147750939e-16
102,1.5,2.2,hysteresis,533,4.547473508864641e-13,6.661338147750939e-16
102,1.5,2.225,raw,576,4.547473508864641e-13,4.440892098500626e-16
102,1.5,2.225,hysteresis,524,4.547473508864641e-13,4.440892098500626e-16
102,1.5,2.25,raw,580,9.094947017729282e-13,5.551115123125783e-16
102,1.5,2.25,hysteresis,533,9.094947017729282e-13,5.551115123125783e-16
102,1.5,2.275,raw,573,4.547473508864641e-13,9.992007221626409e-16
102,1.5,2.275,hysteresis,523,4.547473508864641e-13,9.992007221626409e-16
102,1.5,2.3,raw,570,4.547473508864641e-13,1.1102230246251565e-16
102,1.5,2.3,hysteresis,528,4.547473508864641e-13,1.1102230246251565e-16
102,1.5,2.325,raw,565,9.094947017729282e-13,1.2212453270876722e-15
102,1.5,2.325,hysteresis,513,9.094947017729282e-13,1.2212453270876722e-15
102,1.5,2.3333333333333335,raw,576,4.547473508864641e-13,1.1102230246251565e-16
102,1.5,2.3333333333333335,hysteresis,522,4.547473508864641e-13,1.1102230246251565e-16
102,1.5,2.35,raw,569,4.547473508864641e-13,2.220446049250313e-16
102,1.5,2.35,hysteresis,516,4.547473508864641e-13,2.220446049250313e-16
102,1.5,2.375,raw,559,4.547473508864641e-13,1.1102230246251565e-16
102,1.5,2.375,hysteresis,513,4.547473508864641e-13,1.1102230246251565e-16
102,1.5,2.4,raw,558,9.094947017729282e-13,6.661338147750939e-16
102,1.5,2.4,hysteresis,514,9.094947017729282e-13,6.661338147750939e-16
102,1.5,2.414213562373095,raw,555,9.094947017729282e-13,4.440892098500626e-16
102,1.5,2.414213562373095,hysteresis,512,9.094947017729282e-13,4.440892098500626e-16
102,1.5,2.425,raw,563,9.094947017729282e-13,3.3306690738754696e-16
102,1.5,2.425,hysteresis,510,9.094947017729282e-13,3.3306690738754696e-16
102,1.5,2.45,raw,556,4.547473508864641e-13,5.551115123125783e-16
102,1.5,2.45,hysteresis,505,4.547473508864641e-13,5.551115123125783e-16
102,1.5,2.475,raw,554,4.547473508864641e-13,2.220446049250313e-16
102,1.5,2.475,hysteresis,503,4.547473508864641e-13,2.220446049250313e-16
102,1.5,2.5,raw,555,9.094947017729282e-13,3.3306690738754696e-16
102,1.5,2.5,hysteresis,505,9.094947017729282e-13,3.3306690738754696e-16
102,1.5,2.525,raw,557,4.547473508864641e-13,4.440892098500626e-16
102,1.5,2.525,hysteresis,506,4.547473508864641e-13,4.440892098500626e-16
102,1.5,2.55,raw,555,9.094947017729282e-13,3.3306690738754696e-16
102,1.5,2.55,hysteresis,506,9.094947017729282e-13,3.3306690738754696e-16
102,1.5,2.575,raw,549,9.094947017729282e-13,0.0
102,1.5,2.575,hysteresis,495,4.547473508864641e-13,0.0
102,1.5,2.6,raw,545,9.094947017729282e-13,9.992007221626409e-16
102,1.5,2.6,hysteresis,493,9.094947017729282e-13,9.992007221626409e-16
102,2.0,1.9,raw,698,4.547473508864641e-13,1.1102230246251565e-16
102,2.0,1.9,hysteresis,647,4.547473508864641e-13,1.1102230246251565e-16
102,2.0,1.925,raw,705,4.547473508864641e-13,7.771561172376096e-16
102,2.0,1.925,hysteresis,635,4.547473508864641e-13,7.771561172376096e-16
102,2.0,1.95,raw,699,4.547473508864641e-13,7.771561172376096e-16
102,2.0,1.95,hysteresis,649,4.547473508864641e-13,7.771561172376096e-16
102,2.0,1.975,raw,709,9.094947017729282e-13,1.1102230246251565e-16
102,2.0,1.975,hysteresis,638,9.094947017729282e-13,1.1102230246251565e-16
102,2.0,2.0,raw,687,4.547473508864641e-13,4.440892098500626e-16
102,2.0,2.0,hysteresis,618,4.547473508864641e-13,4.440892098500626e-16
102,2.0,2.025,raw,677,9.094947017729282e-13,7.771561172376096e-16
102,2.0,2.025,hysteresis,613,9.094947017729282e-13,7.771561172376096e-16
102,2.0,2.05,raw,683,9.094947017729282e-13,1.1102230246251565e-16
102,2.0,2.05,hysteresis,607,9.094947017729282e-13,1.1102230246251565e-16
102,2.0,2.075,raw,687,4.547473508864641e-13,4.440892098500626e-16
102,2.0,2.075,hysteresis,610,4.547473508864641e-13,4.440892098500626e-16
102,2.0,2.1,raw,668,1.1368683772161603e-12,9.992007221626409e-16
102,2.0,2.1,hysteresis,594,1.1368683772161603e-12,9.992007221626409e-16
102,2.0,2.125,raw,672,4.547473508864641e-13,4.440892098500626e-16
102,2.0,2.125,hysteresis,589,2.2737367544323206e-13,4.440892098500626e-16
102,2.0,2.15,raw,678,4.547473508864641e-13,1.1102230246251565e-16
102,2.0,2.15,hysteresis,598,4.547473508864641e-13,1.1102230246251565e-16
102,2.0,2.175,raw,657,4.547473508864641e-13,7.771561172376096e-16
102,2.0,2.175,hysteresis,578,4.547473508864641e-13,7.771561172376096e-16
102,2.0,2.2,raw,659,9.094947017729282e-13,3.3306690738754696e-16
102,2.0,2.2,hysteresis,594,9.094947017729282e-13,3.3306690738754696e-16
102,2.0,2.225,raw,651,9.094947017729282e-13,6.661338147750939e-16
102,2.0,2.225,hysteresis,579,4.547473508864641e-13,6.661338147750939e-16
102,2.0,2.25,raw,651,4.547473508864641e-13,1.1102230246251565e-16
102,2.0,2.25,hysteresis,584,4.547473508864641e-13,1.1102230246251565e-16
102,2.0,2.275,raw,650,4.547473508864641e-13,0.0
102,2.0,2.275,hysteresis,581,4.547473508864641e-13,0.0
102,2.0,2.3,raw,642,9.094947017729282e-13,5.551115123125783e-16
102,2.0,2.3,hysteresis,565,9.094947017729282e-13,5.551115123125783e-16
102,2.0,2.325,raw,629,9.094947017729282e-13,1.1102230246251565e-16
102,2.0,2.325,hysteresis,568,4.547473508864641e-13,1.1102230246251565e-16
102,2.0,2.3333333333333335,raw,633,4.547473508864641e-13,3.3306690738754696e-16
102,2.0,2.3333333333333335,hysteresis,563,4.547473508864641e-13,3.3306690738754696e-16
102,2.0,2.35,raw,632,9.094947017729282e-13,1.1102230246251565e-16
102,2.0,2.35,hysteresis,563,4.547473508864641e-13,1.1102230246251565e-16
102,2.0,2.375,raw,624,9.094947017729282e-13,3.3306690738754696e-16
102,2.0,2.375,hysteresis,559,4.547473508864641e-13,3.3306690738754696e-16
102,2.0,2.4,raw,615,9.094947017729282e-13,3.3306690738754696e-16
102,2.0,2.4,hysteresis,556,2.2737367544323206e-13,3.3306690738754696e-16
102,2.0,2.414213562373095,raw,612,4.547473508864641e-13,2.220446049250313e-16
102,2.0,2.414213562373095,hysteresis,548,4.547473508864641e-13,2.220446049250313e-16
102,2.0,2.425,raw,622,4.547473508864641e-13,9.992007221626409e-16
102,2.0,2.425,hysteresis,555,4.547473508864641e-13,9.992007221626409e-16
102,2.0,2.45,raw,624,4.547473508864641e-13,2.220446049250313e-16
102,2.0,2.45,hysteresis,559,4.547473508864641e-13,2.220446049250313e-16
102,2.0,2.475,raw,622,4.547473508864641e-13,2.220446049250313e-16
102,2.0,2.475,hysteresis,560,4.547473508864641e-13,2.220446049250313e-16
102,2.0,2.5,raw,609,4.547473508864641e-13,4.440892098500626e-16
102,2.0,2.5,hysteresis,542,4.547473508864641e-13,4.440892098500626e-16
102,2.0,2.525,raw,601,4.547473508864641e-13,2.220446049250313e-16
102,2.0,2.525,hysteresis,537,4.547473508864641e-13,2.220446049250313e-16
102,2.0,2.55,raw,614,4.547473508864641e-13,4.440892098500626e-16
102,2.0,2.55,hysteresis,547,4.547473508864641e-13,4.440892098500626e-16
102,2.0,2.575,raw,608,9.094947017729282e-13,4.440892098500626e-16
102,2.0,2.575,hysteresis,541,4.547473508864641e-13,4.440892098500626e-16
102,2.0,2.6,raw,603,4.547473508864641e-13,2.220446049250313e-16
102,2.0,2.6,hysteresis,527,4.547473508864641e-13,2.220446049250313e-16
102,3.0,1.9,raw,827,4.547473508864641e-13,6.661338147750939e-16
102,3.0,1.9,hysteresis,779,4.547473508864641e-13,6.661338147750939e-16
102,3.0,1.925,raw,825,9.094947017729282e-13,0.0
102,3.0,1.925,hysteresis,779,9.094947017729282e-13,0.0
102,3.0,1.95,raw,845,4.547473508864641e-13,2.220446049250313e-16
102,3.0,1.95,hysteresis,788,4.547473508864641e-13,2.220446049250313e-16
102,3.0,1.975,raw,826,9.094947017729282e-13,8.881784197001252e-16
102,3.0,1.975,hysteresis,794,9.094947017729282e-13,8.881784197001252e-16
102,3.0,2.0,raw,836,4.547473508864641e-13,2.220446049250313e-16
102,3.0,2.0,hysteresis,784,4.547473508864641e-13,2.220446049250313e-16
102,3.0,2.025,raw,824,4.547473508864641e-13,4.440892098500626e-16
102,3.0,2.025,hysteresis,766,4.547473508864641e-13,4.440892098500626e-16
102,3.0,2.05,raw,829,4.547473508864641e-13,8.881784197001252e-16
102,3.0,2.05,hysteresis,770,4.547473508864641e-13,8.881784197001252e-16
102,3.0,2.075,raw,827,9.094947017729282e-13,0.0
102,3.0,2.075,hysteresis,770,9.094947017729282e-13,0.0
102,3.0,2.1,raw,830,4.547473508864641e-13,0.0
102,3.0,2.1,hysteresis,757,4.547473508864641e-13,0.0
102,3.0,2.125,raw,811,9.094947017729282e-13,6.661338147750939e-16
102,3.0,2.125,hysteresis,743,9.094947017729282e-13,6.661338147750939e-16
102,3.0,2.15,raw,821,9.094947017729282e-13,1.1102230246251565e-16
102,3.0,2.15,hysteresis,763,9.094947017729282e-13,1.1102230246251565e-16
102,3.0,2.175,raw,811,4.547473508864641e-13,7.771561172376096e-16
102,3.0,2.175,hysteresis,738,2.2737367544323206e-13,7.771561172376096e-16
102,3.0,2.2,raw,812,9.094947017729282e-13,5.551115123125783e-16
102,3.0,2.2,hysteresis,722,9.094947017729282e-13,5.551115123125783e-16
102,3.0,2.225,raw,806,4.547473508864641e-13,4.440892098500626e-16
102,3.0,2.225,hysteresis,726,4.547473508864641e-13,4.440892098500626e-16
102,3.0,2.25,raw,799,4.547473508864641e-13,9.992007221626409e-16
102,3.0,2.25,hysteresis,713,4.547473508864641e-13,9.992007221626409e-16
102,3.0,2.275,raw,805,4.547473508864641e-13,1.1102230246251565e-16
102,3.0,2.275,hysteresis,721,4.547473508864641e-13,1.1102230246251565e-16
102,3.0,2.3,raw,806,4.547473508864641e-13,1.1102230246251565e-16
102,3.0,2.3,hysteresis,714,4.547473508864641e-13,1.1102230246251565e-16
102,3.0,2.325,raw,788,9.094947017729282e-13,1.1102230246251565e-15
102,3.0,2.325,hysteresis,702,9.094947017729282e-13,1.1102230246251565e-15
102,3.0,2.3333333333333335,raw,778,4.547473508864641e-13,1.9984014443252818e-15
102,3.0,2.3333333333333335,hysteresis,690,4.547473508864641e-13,1.9984014443252818e-15
102,3.0,2.35,raw,795,4.547473508864641e-13,9.992007221626409e-16
102,3.0,2.35,hysteresis,702,4.547473508864641e-13,9.992007221626409e-16
102,3.0,2.375,raw,783,9.094947017729282e-13,1.1102230246251565e-16
102,3.0,2.375,hysteresis,682,9.094947017729282e-13,1.1102230246251565e-16
102,3.0,2.4,raw,774,4.547473508864641e-13,0.0
102,3.0,2.4,hysteresis,670,2.2737367544323206e-13,0.0
102,3.0,2.414213562373095,raw,777,4.547473508864641e-13,0.0
102,3.0,2.414213562373095,hysteresis,672,4.547473508864641e-13,0.0
102,3.0,2.425,raw,766,9.094947017729282e-13,1.2212453270876722e-15
102,3.0,2.425,hysteresis,674,9.094947017729282e-13,1.2212453270876722e-15
102,3.0,2.45,raw,760,4.547473508864641e-13,4.440892098500626e-16
102,3.0,2.45,hysteresis,678,4.547473508864641e-13,4.440892098500626e-16
102,3.0,2.475,raw,754,9.094947017729282e-13,3.3306690738754696e-16
102,3.0,2.475,hysteresis,661,9.094947017729282e-13,3.3306690738754696e-16
102,3.0,2.5,raw,753,9.094947017729282e-13,8.881784197001252e-16
102,3.0,2.5,hysteresis,668,9.094947017729282e-13,8.881784197001252e-16
102,3.0,2.525,raw,750,4.547473508864641e-13,1.1102230246251565e-16
102,3.0,2.525,hysteresis,644,4.547473508864641e-13,1.1102230246251565e-16
102,3.0,2.55,raw,748,9.094947017729282e-13,5.551115123125783e-16
102,3.0,2.55,hysteresis,652,9.094947017729282e-13,5.551115123125783e-16
102,3.0,2.575,raw,745,9.094947017729282e-13,3.3306690738754696e-16
102,3.0,2.575,hysteresis,644,9.094947017729282e-13,3.3306690738754696e-16
102,3.0,2.6,raw,735,4.547473508864641e-13,3.3306690738754696e-16
102,3.0,2.6,hysteresis,632,4.547473508864641e-13,3.3306690738754696e-16
102,4.0,1.9,raw,888,9.094947017729282e-13,0.0
102,4.0,1.9,hysteresis,863,9.094947017729282e-13,0.0
102,4.0,1.925,raw,883,9.094947017729282e-13,0.0
102,4.0,1.925,hysteresis,851,4.547473508864641e-13,0.0
102,4.0,1.95,raw,894,9.094947017729282e-13,1.1102230246251565e-15
102,4.0,1.95,hysteresis,872,9.094947017729282e-13,1.1102230246251565e-15
102,4.0,1.975,raw,902,4.547473508864641e-13,1.1102230246251565e-15
102,4.0,1.975,hysteresis,884,4.547473508864641e-13,1.1102230246251565e-15
102,4.0,2.0,raw,893,4.547473508864641e-13,2.220446049250313e-16
102,4.0,2.0,hysteresis,869,4.547473508864641e-13,2.220446049250313e-16
102,4.0,2.025,raw,912,4.547473508864641e-13,1.1102230246251565e-15
102,4.0,2.025,hysteresis,867,4.547473508864641e-13,1.1102230246251565e-15
102,4.0,2.05,raw,910,9.094947017729282e-13,0.0
102,4.0,2.05,hysteresis,877,9.094947017729282e-13,0.0
102,4.0,2.075,raw,918,9.094947017729282e-13,2.220446049250313e-16
102,4.0,2.075,hysteresis,876,9.094947017729282e-13,2.220446049250313e-16
102,4.0,2.1,raw,913,2.2737367544323206e-12,6.661338147750939e-16
102,4.0,2.1,hysteresis,867,2.2737367544323206e-12,6.661338147750939e-16
102,4.0,2.125,raw,926,9.094947017729282e-13,6.661338147750939e-16
102,4.0,2.125,hysteresis,871,9.094947017729282e-13,6.661338147750939e-16
102,4.0,2.15,raw,926,9.094947017729282e-13,2.220446049250313e-16
102,4.0,2.15,hysteresis,870,4.547473508864641e-13,2.220446049250313e-16
102,4.0,2.175,raw,929,4.547473508864641e-13,1.5543122344752192e-15
102,4.0,2.175,hysteresis,876,4.547473508864641e-13,1.5543122344752192e-15
102,4.0,2.2,raw,930,9.094947017729282e-13,6.661338147750939e-16
102,4.0,2.2,hysteresis,872,9.094947017729282e-13,6.661338147750939e-16
102,4.0,2.225,raw,916,4.547473508864641e-13,6.661338147750939e-16
102,4.0,2.225,hysteresis,854,4.547473508864641e-13,6.661338147750939e-16
102,4.0,2.25,raw,921,4.547473508864641e-13,8.881784197001252e-16
102,4.0,2.25,hysteresis,860,4.547473508864641e-13,8.881784197001252e-16
102,4.0,2.275,raw,917,9.094947017729282e-13,4.440892098500626e-16
102,4.0,2.275,hysteresis,852,9.094947017729282e-13,4.440892098500626e-16
102,4.0,2.3,raw,930,9.094947017729282e-13,3.3306690738754696e-16
102,4.0,2.3,hysteresis,861,9.094947017729282e-13,3.3306690738754696e-16
102,4.0,2.325,raw,913,9.094947017729282e-13,2.220446049250313e-16
102,4.0,2.325,hysteresis,838,9.094947017729282e-13,2.220446049250313e-16
102,4.0,2.3333333333333335,raw,922,9.094947017729282e-13,9.992007221626409e-16
102,4.0,2.3333333333333335,hysteresis,844,9.094947017729282e-13,9.992007221626409e-16
102,4.0,2.35,raw,928,9.094947017729282e-13,5.551115123125783e-16
102,4.0,2.35,hysteresis,843,9.094947017729282e-13,5.551115123125783e-16
102,4.0,2.375,raw,919,9.094947017729282e-13,5.551115123125783e-16
102,4.0,2.375,hysteresis,831,9.094947017729282e-13,5.551115123125783e-16
102,4.0,2.4,raw,904,4.547473508864641e-13,2.220446049250313e-16
102,4.0,2.4,hysteresis,827,4.547473508864641e-13,2.220446049250313e-16
102,4.0,2.414213562373095,raw,914,4.547473508864641e-13,4.440892098500626e-16
102,4.0,2.414213562373095,hysteresis,810,4.547473508864641e-13,4.440892098500626e-16
102,4.0,2.425,raw,910,4.547473508864641e-13,8.881784197001252e-16
102,4.0,2.425,hysteresis,825,4.547473508864641e-13,8.881784197001252e-16
102,4.0,2.45,raw,906,9.094947017729282e-13,3.3306690738754696e-16
102,4.0,2.45,hysteresis,815,9.094947017729282e-13,3.3306690738754696e-16
102,4.0,2.475,raw,895,4.547473508864641e-13,2.220446049250313e-16
102,4.0,2.475,hysteresis,805,4.547473508864641e-13,2.220446049250313e-16
102,4.0,2.5,raw,899,9.094947017729282e-13,5.551115123125783e-16
102,4.0,2.5,hysteresis,805,9.094947017729282e-13,5.551115123125783e-16
102,4.0,2.525,raw,890,4.547473508864641e-13,7.771561172376096e-16
102,4.0,2.525,hysteresis,794,4.547473508864641e-13,7.771561172376096e-16
102,4.0,2.55,raw,894,4.547473508864641e-13,7.771561172376096e-16
102,4.0,2.55,hysteresis,785,4.547473508864641e-13,7.771561172376096e-16
102,4.0,2.575,raw,894,9.094947017729282e-13,6.661338147750939e-16
102,4.0,2.575,hysteresis,790,9.094947017729282e-13,6.661338147750939e-16
102,4.0,2.6,raw,888,9.094947017729282e-13,1.1102230246251565e-16
102,4.0,2.6,hysteresis,779,4.547473508864641e-13,1.1102230246251565e-16
103,0.0,1.9,raw,479,0.0,0.0
103,0.0,1.9,hysteresis,459,0.0,0.0
103,0.0,1.925,raw,479,0.0,0.0
103,0.0,1.925,hysteresis,459,0.0,0.0
103,0.0,1.95,raw,479,0.0,0.0
103,0.0,1.95,hysteresis,459,0.0,0.0
103,0.0,1.975,raw,479,0.0,0.0
103,0.0,1.975,hysteresis,459,0.0,0.0
103,0.0,2.0,raw,479,0.0,0.0
103,0.0,2.0,hysteresis,459,0.0,0.0
103,0.0,2.025,raw,479,0.0,0.0
103,0.0,2.025,hysteresis,459,0.0,0.0
103,0.0,2.05,raw,479,0.0,0.0
103,0.0,2.05,hysteresis,459,0.0,0.0
103,0.0,2.075,raw,479,0.0,0.0
103,0.0,2.075,hysteresis,459,0.0,0.0
103,0.0,2.1,raw,479,0.0,0.0
103,0.0,2.1,hysteresis,459,0.0,0.0
103,0.0,2.125,raw,479,0.0,0.0
103,0.0,2.125,hysteresis,459,0.0,0.0
103,0.0,2.15,raw,479,0.0,0.0
103,0.0,2.15,hysteresis,459,0.0,0.0
103,0.0,2.175,raw,479,0.0,0.0
103,0.0,2.175,hysteresis,459,0.0,0.0
103,0.0,2.2,raw,479,0.0,0.0
103,0.0,2.2,hysteresis,459,0.0,0.0
103,0.0,2.225,raw,479,0.0,0.0
103,0.0,2.225,hysteresis,459,0.0,0.0
103,0.0,2.25,raw,479,0.0,0.0
103,0.0,2.25,hysteresis,459,0.0,0.0
103,0.0,2.275,raw,479,0.0,0.0
103,0.0,2.275,hysteresis,459,0.0,0.0
103,0.0,2.3,raw,479,0.0,0.0
103,0.0,2.3,hysteresis,459,0.0,0.0
103,0.0,2.325,raw,479,0.0,0.0
103,0.0,2.325,hysteresis,459,0.0,0.0
103,0.0,2.3333333333333335,raw,479,0.0,0.0
103,0.0,2.3333333333333335,hysteresis,459,0.0,0.0
103,0.0,2.35,raw,479,0.0,0.0
103,0.0,2.35,hysteresis,459,0.0,0.0
103,0.0,2.375,raw,479,0.0,0.0
103,0.0,2.375,hysteresis,459,0.0,0.0
103,0.0,2.4,raw,479,0.0,0.0
103,0.0,2.4,hysteresis,459,0.0,0.0
103,0.0,2.414213562373095,raw,479,0.0,0.0
103,0.0,2.414213562373095,hysteresis,459,0.0,0.0
103,0.0,2.425,raw,479,0.0,0.0
103,0.0,2.425,hysteresis,459,0.0,0.0
103,0.0,2.45,raw,479,0.0,0.0
103,0.0,2.45,hysteresis,459,0.0,0.0
103,0.0,2.475,raw,479,0.0,0.0
103,0.0,2.475,hysteresis,459,0.0,0.0
103,0.0,2.5,raw,479,0.0,0.0
103,0.0,2.5,hysteresis,459,0.0,0.0
103,0.0,2.525,raw,479,0.0,0.0
103,0.0,2.525,hysteresis,459,0.0,0.0
103,0.0,2.55,raw,479,0.0,0.0
103,0.0,2.55,hysteresis,459,0.0,0.0
103,0.0,2.575,raw,479,0.0,0.0
103,0.0,2.575,hysteresis,459,0.0,0.0
103,0.0,2.6,raw,479,0.0,0.0
103,0.0,2.6,hysteresis,459,0.0,0.0
103,1.0,1.9,raw,577,9.094947017729282e-13,1.1102230246251565e-16
103,1.0,1.9,hysteresis,524,4.547473508864641e-13,1.1102230246251565e-16
103,1.0,1.925,raw,565,9.094947017729282e-13,2.220446049250313e-16
103,1.0,1.925,hysteresis,522,9.094947017729282e-13,2.220446049250313e-16
103,1.0,1.95,raw,568,4.547473508864641e-13,3.3306690738754696e-16
103,1.0,1.95,hysteresis,513,4.547473508864641e-13,3.3306690738754696e-16
103,1.0,1.975,raw,563,4.547473508864641e-13,1.1102230246251565e-16
103,1.0,1.975,hysteresis,521,4.547473508864641e-13,1.1102230246251565e-16
103,1.0,2.0,raw,564,4.547473508864641e-13,1.1102230246251565e-16
103,1.0,2.0,hysteresis,519,4.547473508864641e-13,1.1102230246251565e-16
103,1.0,2.025,raw,567,4.547473508864641e-13,2.220446049250313e-16
103,1.0,2.025,hysteresis,510,4.547473508864641e-13,2.220446049250313e-16
103,1.0,2.05,raw,561,9.094947017729282e-13,1.1102230246251565e-16
103,1.0,2.05,hysteresis,510,9.094947017729282e-13,1.1102230246251565e-16
103,1.0,2.075,raw,556,9.094947017729282e-13,7.771561172376096e-16
103,1.0,2.075,hysteresis,510,9.094947017729282e-13,7.771561172376096e-16
103,1.0,2.1,raw,553,9.094947017729282e-13,3.3306690738754696e-16
103,1.0,2.1,hysteresis,507,9.094947017729282e-13,3.3306690738754696e-16
103,1.0,2.125,raw,547,9.094947017729282e-13,1.1102230246251565e-16
103,1.0,2.125,hysteresis,494,4.547473508864641e-13,1.1102230246251565e-16
103,1.0,2.15,raw,538,4.547473508864641e-13,1.1102230246251565e-16
103,1.0,2.15,hysteresis,498,2.2737367544323206e-13,1.1102230246251565e-16
103,1.0,2.175,raw,546,9.094947017729282e-13,4.440892098500626e-16
103,1.0,2.175,hysteresis,502,9.094947017729282e-13,4.440892098500626e-16
103,1.0,2.2,raw,554,9.094947017729282e-13,7.771561172376096e-16
103,1.0,2.2,hysteresis,501,9.094947017729282e-13,7.771561172376096e-16
103,1.0,2.225,raw,547,4.547473508864641e-13,1.887379141862766e-15
103,1.0,2.225,hysteresis,496,4.547473508864641e-13,1.887379141862766e-15
103,1.0,2.25,raw,547,4.547473508864641e-13,7.771561172376096e-16
103,1.0,2.25,hysteresis,496,4.547473508864641e-13,7.771561172376096e-16
103,1.0,2.275,raw,543,2.2737367544323206e-13,4.440892098500626e-16
103,1.0,2.275,hysteresis,497,2.2737367544323206e-13,4.440892098500626e-16
103,1.0,2.3,raw,533,4.547473508864641e-13,3.3306690738754696e-16
103,1.0,2.3,hysteresis,493,4.547473508864641e-13,3.3306690738754696e-16
103,1.0,2.325,raw,539,9.094947017729282e-13,3.3306690738754696e-16
103,1.0,2.325,hysteresis,492,9.094947017729282e-13,3.3306690738754696e-16
103,1.0,2.3333333333333335,raw,536,9.094947017729282e-13,2.220446049250313e-16
103,1.0,2.3333333333333335,hysteresis,493,9.094947017729282e-13,2.220446049250313e-16
103,1.0,2.35,raw,537,9.094947017729282e-13,0.0
103,1.0,2.35,hysteresis,490,9.094947017729282e-13,0.0
103,1.0,2.375,raw,534,4.547473508864641e-13,2.220446049250313e-16
103,1.0,2.375,hysteresis,495,4.547473508864641e-13,2.220446049250313e-16
103,1.0,2.4,raw,530,9.094947017729282e-13,0.0
103,1.0,2.4,hysteresis,490,4.547473508864641e-13,0.0
103,1.0,2.414213562373095,raw,528,9.094947017729282e-13,7.771561172376096e-16
103,1.0,2.414213562373095,hysteresis,487,9.094947017729282e-13,7.771561172376096e-16
103,1.0,2.425,raw,545,9.094947017729282e-13,1.1102230246251565e-16
103,1.0,2.425,hysteresis,494,9.094947017729282e-13,1.1102230246251565e-16
103,1.0,2.45,raw,530,4.547473508864641e-13,1.1102230246251565e-16
103,1.0,2.45,hysteresis,485,4.547473508864641e-13,1.1102230246251565e-16
103,1.0,2.475,raw,532,4.547473508864641e-13,2.220446049250313e-16
103,1.0,2.475,hysteresis,490,4.547473508864641e-13,2.220446049250313e-16
103,1.0,2.5,raw,534,9.094947017729282e-13,0.0
103,1.0,2.5,hysteresis,492,9.094947017729282e-13,0.0
103,1.0,2.525,raw,525,4.547473508864641e-13,0.0
103,1.0,2.525,hysteresis,481,4.547473508864641e-13,0.0
103,1.0,2.55,raw,529,4.547473508864641e-13,2.220446049250313e-16
103,1.0,2.55,hysteresis,485,4.547473508864641e-13,2.220446049250313e-16
103,1.0,2.575,raw,522,9.094947017729282e-13,4.440892098500626e-16
103,1.0,2.575,hysteresis,480,9.094947017729282e-13,4.440892098500626e-16
103,1.0,2.6,raw,526,4.547473508864641e-13,4.440892098500626e-16
103,1.0,2.6,hysteresis,482,2.2737367544323206e-13,4.440892098500626e-16
103,1.5,1.9,raw,661,9.094947017729282e-13,7.771561172376096e-16
103,1.5,1.9,hysteresis,605,9.094947017729282e-13,7.771561172376096e-16
103,1.5,1.925,raw,646,4.547473508864641e-13,8.881784197001252e-16
103,1.5,1.925,hysteresis,594,4.547473508864641e-13,8.881784197001252e-16
103,1.5,1.95,raw,645,4.547473508864641e-13,0.0
103,1.5,1.95,hysteresis,594,4.547473508864641e-13,0.0
103,1.5,1.975,raw,643,9.094947017729282e-13,5.551115123125783e-16
103,1.5,1.975,hysteresis,584,9.094947017729282e-13,5.551115123125783e-16
103,1.5,2.0,raw,633,9.094947017729282e-13,1.2212453270876722e-15
103,1.5,2.0,hysteresis,572,9.094947017729282e-13,1.2212453270876722e-15
103,1.5,2.025,raw,643,9.094947017729282e-13,1.2212453270876722e-15
103,1.5,2.025,hysteresis,575,9.094947017729282e-13,1.2212453270876722e-15
103,1.5,2.05,raw,626,4.547473508864641e-13,1.1102230246251565e-16
103,1.5,2.05,hysteresis,570,4.547473508864641e-13,1.1102230246251565e-16
103,1.5,2.075,raw,631,4.547473508864641e-13,3.3306690738754696e-16
103,1.5,2.075,hysteresis,568,4.547473508864641e-13,3.3306690738754696e-16
103,1.5,2.1,raw,619,9.094947017729282e-13,8.881784197001252e-16
103,1.5,2.1,hysteresis,567,9.094947017729282e-13,8.881784197001252e-16
103,1.5,2.125,raw,620,9.094947017729282e-13,8.881784197001252e-16
103,1.5,2.125,hysteresis,560,9.094947017729282e-13,8.881784197001252e-16
103,1.5,2.15,raw,612,4.547473508864641e-13,1.1102230246251565e-16
103,1.5,2.15,hysteresis,560,4.547473508864641e-13,1.1102230246251565e-16
103,1.5,2.175,raw,624,4.547473508864641e-13,1.1102230246251565e-16
103,1.5,2.175,hysteresis,553,4.547473508864641e-13,1.1102230246251565e-16
103,1.5,2.2,raw,616,9.094947017729282e-13,2.220446049250313e-16
103,1.5,2.2,hysteresis,553,9.094947017729282e-13,2.220446049250313e-16
103,1.5,2.225,raw,604,9.094947017729282e-13,4.440892098500626e-16
103,1.5,2.225,hysteresis,542,9.094947017729282e-13,4.440892098500626e-16
103,1.5,2.25,raw,605,9.094947017729282e-13,1.1102230246251565e-16
103,1.5,2.25,hysteresis,544,2.2737367544323206e-13,1.1102230246251565e-16
103,1.5,2.275,raw,603,9.094947017729282e-13,1.5543122344752192e-15
103,1.5,2.275,hysteresis,542,9.094947017729282e-13,1.5543122344752192e-15
103,1.5,2.3,raw,602,9.094947017729282e-13,2.220446049250313e-16
103,1.5,2.3,hysteresis,538,9.094947017729282e-13,2.220446049250313e-16
103,1.5,2.325,raw,601,4.547473508864641e-13,3.3306690738754696e-16
103,1.5,2.325,hysteresis,536,4.547473508864641e-13,3.3306690738754696e-16
103,1.5,2.3333333333333335,raw,604,4.547473508864641e-13,3.3306690738754696e-16
103,1.5,2.3333333333333335,hysteresis,537,4.547473508864641e-13,3.3306690738754696e-16
103,1.5,2.35,raw,594,9.094947017729282e-13,0.0
103,1.5,2.35,hysteresis,532,9.094947017729282e-13,0.0
103,1.5,2.375,raw,589,4.547473508864641e-13,8.881784197001252e-16
103,1.5,2.375,hysteresis,533,4.547473508864641e-13,8.881784197001252e-16
103,1.5,2.4,raw,584,9.094947017729282e-13,9.992007221626409e-16
103,1.5,2.4,hysteresis,529,9.094947017729282e-13,9.992007221626409e-16
103,1.5,2.414213562373095,raw,602,9.094947017729282e-13,1.1102230246251565e-16
103,1.5,2.414213562373095,hysteresis,526,9.094947017729282e-13,1.1102230246251565e-16
103,1.5,2.425,raw,608,9.094947017729282e-13,1.1102230246251565e-16
103,1.5,2.425,hysteresis,533,9.094947017729282e-13,1.1102230246251565e-16
103,1.5,2.45,raw,587,4.547473508864641e-13,4.440892098500626e-16
103,1.5,2.45,hysteresis,521,2.2737367544323206e-13,4.440892098500626e-16
103,1.5,2.475,raw,585,9.094947017729282e-13,2.220446049250313e-16
103,1.5,2.475,hysteresis,522,2.2737367544323206e-13,2.220446049250313e-16
103,1.5,2.5,raw,587,9.094947017729282e-13,1.1102230246251565e-16
103,1.5,2.5,hysteresis,517,9.094947017729282e-13,1.1102230246251565e-16
103,1.5,2.525,raw,579,9.094947017729282e-13,0.0
103,1.5,2.525,hysteresis,513,9.094947017729282e-13,0.0
103,1.5,2.55,raw,589,4.547473508864641e-13,2.220446049250313e-16
103,1.5,2.55,hysteresis,519,4.547473508864641e-13,2.220446049250313e-16
103,1.5,2.575,raw,579,4.547473508864641e-13,1.1102230246251565e-16
103,1.5,2.575,hysteresis,512,4.547473508864641e-13,1.1102230246251565e-16
103,1.5,2.6,raw,577,9.094947017729282e-13,9.992007221626409e-16
103,1.5,2.6,hysteresis,507,9.094947017729282e-13,9.992007221626409e-16
103,2.0,1.9,raw,730,4.547473508864641e-13,2.220446049250313e-16
103,2.0,1.9,hysteresis,685,4.547473508864641e-13,2.220446049250313e-16
103,2.0,1.925,raw,723,9.094947017729282e-13,8.881784197001252e-16
103,2.0,1.925,hysteresis,663,9.094947017729282e-13,8.881784197001252e-16
103,2.0,1.95,raw,732,4.547473508864641e-13,1.1102230246251565e-16
103,2.0,1.95,hysteresis,684,4.547473508864641e-13,1.1102230246251565e-16
103,2.0,1.975,raw,724,4.547473508864641e-13,6.661338147750939e-16
103,2.0,1.975,hysteresis,675,4.547473508864641e-13,6.661338147750939e-16
103,2.0,2.0,raw,709,4.547473508864641e-13,6.661338147750939e-16
103,2.0,2.0,hysteresis,635,4.547473508864641e-13,6.661338147750939e-16
103,2.0,2.025,raw,716,9.094947017729282e-13,0.0
103,2.0,2.025,hysteresis,663,9.094947017729282e-13,0.0
103,2.0,2.05,raw,703,9.094947017729282e-13,1.1102230246251565e-16
103,2.0,2.05,hysteresis,649,9.094947017729282e-13,1.1102230246251565e-16
103,2.0,2.075,raw,710,9.094947017729282e-13,2.220446049250313e-16
103,2.0,2.075,hysteresis,646,9.094947017729282e-13,2.220446049250313e-16
103,2.0,2.1,raw,703,4.547473508864641e-13,5.551115123125783e-16
103,2.0,2.1,hysteresis,638,4.547473508864641e-13,5.551115123125783e-16
103,2.0,2.125,raw,702,9.094947017729282e-13,6.661338147750939e-16
103,2.0,2.125,hysteresis,633,9.094947017729282e-13,6.661338147750939e-16
103,2.0,2.15,raw,694,4.547473508864641e-13,1.3322676295501878e-15
103,2.0,2.15,hysteresis,635,4.547473508864641e-13,1.3322676295501878e-15
103,2.0,2.175,raw,705,9.094947017729282e-13,3.3306690738754696e-16
103,2.0,2.175,hysteresis,636,9.094947017729282e-13,3.3306690738754696e-16
103,2.0,2.2,raw,691,9.094947017729282e-13,1.1102230246251565e-16
103,2.0,2.2,hysteresis,620,9.094947017729282e-13,1.1102230246251565e-16
103,2.0,2.225,raw,688,4.547473508864641e-13,1.1102230246251565e-15
103,2.0,2.225,hysteresis,613,4.547473508864641e-13,1.1102230246251565e-15
103,2.0,2.25,raw,685,9.094947017729282e-13,9.992007221626409e-16
103,2.0,2.25,hysteresis,611,9.094947017729282e-13,9.992007221626409e-16
103,2.0,2.275,raw,683,4.547473508864641e-13,9.992007221626409e-16
103,2.0,2.275,hysteresis,604,4.547473508864641e-13,9.992007221626409e-16
103,2.0,2.3,raw,674,2.2737367544323206e-13,1.1102230246251565e-16
103,2.0,2.3,hysteresis,604,0.0,1.1102230246251565e-16
103,2.0,2.325,raw,675,4.547473508864641e-13,2.220446049250313e-16
103,2.0,2.325,hysteresis,605,4.547473508864641e-13,2.220446049250313e-16
103,2.0,2.3333333333333335,raw,670,9.094947017729282e-13,2.220446049250313e-16
103,2.0,2.3333333333333335,hysteresis,589,9.094947017729282e-13,2.220446049250313e-16
103,2.0,2.35,raw,670,4.547473508864641e-13,1.1102230246251565e-16
103,2.0,2.35,hysteresis,600,4.547473508864641e-13,1.1102230246251565e-16
103,2.0,2.375,raw,667,4.547473508864641e-13,4.440892098500626e-16
103,2.0,2.375,hysteresis,587,4.547473508864641e-13,4.440892098500626e-16
103,2.0,2.4,raw,662,9.094947017729282e-13,4.440892098500626e-16
103,2.0,2.4,hysteresis,583,9.094947017729282e-13,4.440892098500626e-16
103,2.0,2.414213562373095,raw,664,4.547473508864641e-13,2.220446049250313e-16
103,2.0,2.414213562373095,hysteresis,588,2.2737367544323206e-13,2.220446049250313e-16
103,2.0,2.425,raw,654,4.547473508864641e-13,5.551115123125783e-16
103,2.0,2.425,hysteresis,590,4.547473508864641e-13,5.551115123125783e-16
103,2.0,2.45,raw,653,9.094947017729282e-13,5.551115123125783e-16
103,2.0,2.45,hysteresis,575,9.094947017729282e-13,5.551115123125783e-16
103,2.0,2.475,raw,653,9.094947017729282e-13,1.1102230246251565e-16
103,2.0,2.475,hysteresis,573,9.094947017729282e-13,1.1102230246251565e-16
103,2.0,2.5,raw,650,4.547473508864641e-13,6.661338147750939e-16
103,2.0,2.5,hysteresis,567,4.547473508864641e-13,6.661338147750939e-16
103,2.0,2.525,raw,645,4.547473508864641e-13,8.881784197001252e-16
103,2.0,2.525,hysteresis,567,4.547473508864641e-13,8.881784197001252e-16
103,2.0,2.55,raw,656,4.547473508864641e-13,7.771561172376096e-16
103,2.0,2.55,hysteresis,568,4.547473508864641e-13,7.771561172376096e-16
103,2.0,2.575,raw,638,4.547473508864641e-13,6.661338147750939e-16
103,2.0,2.575,hysteresis,563,4.547473508864641e-13,6.661338147750939e-16
103,2.0,2.6,raw,661,9.094947017729282e-13,7.771561172376096e-16
103,2.0,2.6,hysteresis,557,9.094947017729282e-13,7.771561172376096e-16
103,3.0,1.9,raw,847,4.547473508864641e-13,8.881784197001252e-16
103,3.0,1.9,hysteresis,801,4.547473508864641e-13,8.881784197001252e-16
103,3.0,1.925,raw,839,9.094947017729282e-13,2.220446049250313e-16
103,3.0,1.925,hysteresis,795,9.094947017729282e-13,2.220446049250313e-16
103,3.0,1.95,raw,852,9.094947017729282e-13,8.881784197001252e-16
103,3.0,1.95,hysteresis,813,9.094947017729282e-13,8.881784197001252e-16
103,3.0,1.975,raw,842,4.547473508864641e-13,5.551115123125783e-16
103,3.0,1.975,hysteresis,798,4.547473508864641e-13,5.551115123125783e-16
103,3.0,2.0,raw,831,4.547473508864641e-13,1.1102230246251565e-16
103,3.0,2.0,hysteresis,768,4.547473508864641e-13,1.1102230246251565e-16
103,3.0,2.025,raw,848,9.094947017729282e-13,6.661338147750939e-16
103,3.0,2.025,hysteresis,786,9.094947017729282e-13,6.661338147750939e-16
103,3.0,2.05,raw,850,4.547473508864641e-13,0.0
103,3.0,2.05,hysteresis,792,4.547473508864641e-13,0.0
103,3.0,2.075,raw,848,9.094947017729282e-13,9.992007221626409e-16
103,3.0,2.075,hysteresis,786,9.094947017729282e-13,9.992007221626409e-16
103,3.0,2.1,raw,848,9.094947017729282e-13,8.881784197001252e-16
103,3.0,2.1,hysteresis,787,9.094947017729282e-13,8.881784197001252e-16
103,3.0,2.125,raw,839,9.094947017729282e-13,6.661338147750939e-16
103,3.0,2.125,hysteresis,776,9.094947017729282e-13,6.661338147750939e-16
103,3.0,2.15,raw,838,9.094947017729282e-13,5.551115123125783e-16
103,3.0,2.15,hysteresis,773,9.094947017729282e-13,5.551115123125783e-16
103,3.0,2.175,raw,848,9.094947017729282e-13,3.3306690738754696e-16
103,3.0,2.175,hysteresis,782,9.094947017729282e-13,3.3306690738754696e-16
103,3.0,2.2,raw,842,9.094947017729282e-13,1.1102230246251565e-16
103,3.0,2.2,hysteresis,763,9.094947017729282e-13,1.1102230246251565e-16
103,3.0,2.225,raw,849,4.547473508864641e-13,1.2212453270876722e-15
103,3.0,2.225,hysteresis,771,4.547473508864641e-13,1.2212453270876722e-15
103,3.0,2.25,raw,837,9.094947017729282e-13,3.3306690738754696e-16
103,3.0,2.25,hysteresis,764,9.094947017729282e-13,3.3306690738754696e-16
103,3.0,2.275,raw,836,4.547473508864641e-13,9.992007221626409e-16
103,3.0,2.275,hysteresis,758,4.547473508864641e-13,9.992007221626409e-16
103,3.0,2.3,raw,811,4.547473508864641e-13,1.1102230246251565e-16
103,3.0,2.3,hysteresis,743,4.547473508864641e-13,1.1102230246251565e-16
103,3.0,2.325,raw,813,4.547473508864641e-13,1.1102230246251565e-16
103,3.0,2.325,hysteresis,748,4.547473508864641e-13,1.1102230246251565e-16
103,3.0,2.3333333333333335,raw,816,4.547473508864641e-13,1.1102230246251565e-16
103,3.0,2.3333333333333335,hysteresis,744,4.547473508864641e-13,1.1102230246251565e-16
103,3.0,2.35,raw,820,4.547473508864641e-13,1.2212453270876722e-15
103,3.0,2.35,hysteresis,743,4.547473508864641e-13,1.2212453270876722e-15
103,3.0,2.375,raw,813,4.547473508864641e-13,2.220446049250313e-16
103,3.0,2.375,hysteresis,727,4.547473508864641e-13,2.220446049250313e-16
103,3.0,2.4,raw,820,9.094947017729282e-13,4.440892098500626e-16
103,3.0,2.4,hysteresis,736,9.094947017729282e-13,4.440892098500626e-16
103,3.0,2.414213562373095,raw,807,4.547473508864641e-13,1.1102230246251565e-16
103,3.0,2.414213562373095,hysteresis,721,4.547473508864641e-13,1.1102230246251565e-16
103,3.0,2.425,raw,794,4.547473508864641e-13,5.551115123125783e-16
103,3.0,2.425,hysteresis,720,4.547473508864641e-13,5.551115123125783e-16
103,3.0,2.45,raw,800,9.094947017729282e-13,1.1102230246251565e-16
103,3.0,2.45,hysteresis,713,9.094947017729282e-13,1.1102230246251565e-16
103,3.0,2.475,raw,805,9.094947017729282e-13,5.551115123125783e-16
103,3.0,2.475,hysteresis,713,9.094947017729282e-13,5.551115123125783e-16
103,3.0,2.5,raw,795,9.094947017729282e-13,5.551115123125783e-16
103,3.0,2.5,hysteresis,712,9.094947017729282e-13,5.551115123125783e-16
103,3.0,2.525,raw,803,4.547473508864641e-13,2.220446049250313e-16
103,3.0,2.525,hysteresis,704,2.2737367544323206e-13,2.220446049250313e-16
103,3.0,2.55,raw,803,9.094947017729282e-13,4.440892098500626e-16
103,3.0,2.55,hysteresis,711,9.094947017729282e-13,4.440892098500626e-16
103,3.0,2.575,raw,771,9.094947017729282e-13,4.440892098500626e-16
103,3.0,2.575,hysteresis,688,9.094947017729282e-13,4.440892098500626e-16
103,3.0,2.6,raw,790,9.094947017729282e-13,1.1102230246251565e-16
103,3.0,2.6,hysteresis,699,9.094947017729282e-13,1.1102230246251565e-16
103,4.0,1.9,raw,885,9.094947017729282e-13,1.1102230246251565e-15
103,4.0,1.9,hysteresis,868,9.094947017729282e-13,1.1102230246251565e-15
103,4.0,1.925,raw,891,9.094947017729282e-13,4.440892098500626e-16
103,4.0,1.925,hysteresis,864,9.094947017729282e-13,4.440892098500626e-16
103,4.0,1.95,raw,892,4.547473508864641e-13,1.1102230246251565e-15
103,4.0,1.95,hysteresis,878,4.547473508864641e-13,1.1102230246251565e-15
103,4.0,1.975,raw,900,9.094947017729282e-13,2.220446049250313e-16
103,4.0,1.975,hysteresis,879,9.094947017729282e-13,2.220446049250313e-16
103,4.0,2.0,raw,905,4.547473508864641e-13,6.661338147750939e-16
103,4.0,2.0,hysteresis,856,4.547473508864641e-13,6.661338147750939e-16
103,4.0,2.025,raw,917,9.094947017729282e-13,2.220446049250313e-16
103,4.0,2.025,hysteresis,881,9.094947017729282e-13,2.220446049250313e-16
103,4.0,2.05,raw,917,9.094947017729282e-13,8.881784197001252e-16
103,4.0,2.05,hysteresis,886,9.094947017729282e-13,8.881784197001252e-16
103,4.0,2.075,raw,926,4.547473508864641e-13,4.440892098500626e-16
103,4.0,2.075,hysteresis,887,4.547473508864641e-13,4.440892098500626e-16
103,4.0,2.1,raw,931,4.547473508864641e-13,1.9984014443252818e-15
103,4.0,2.1,hysteresis,882,4.547473508864641e-13,1.9984014443252818e-15
103,4.0,2.125,raw,929,4.547473508864641e-13,4.440892098500626e-16
103,4.0,2.125,hysteresis,880,4.547473508864641e-13,4.440892098500626e-16
103,4.0,2.15,raw,931,4.547473508864641e-13,2.220446049250313e-16
103,4.0,2.15,hysteresis,890,4.547473508864641e-13,2.220446049250313e-16
103,4.0,2.175,raw,944,9.094947017729282e-13,4.440892098500626e-16
103,4.0,2.175,hysteresis,888,9.094947017729282e-13,4.440892098500626e-16
103,4.0,2.2,raw,937,4.547473508864641e-13,1.3322676295501878e-15
103,4.0,2.2,hysteresis,889,4.547473508864641e-13,1.3322676295501878e-15
103,4.0,2.225,raw,934,4.547473508864641e-13,2.220446049250313e-16
103,4.0,2.225,hysteresis,887,4.547473508864641e-13,2.220446049250313e-16
103,4.0,2.25,raw,937,4.547473508864641e-13,1.1102230246251565e-16
103,4.0,2.25,hysteresis,880,4.547473508864641e-13,1.1102230246251565e-16
103,4.0,2.275,raw,938,4.547473508864641e-13,0.0
103,4.0,2.275,hysteresis,885,4.547473508864641e-13,0.0
103,4.0,2.3,raw,940,9.094947017729282e-13,4.440892098500626e-16
103,4.0,2.3,hysteresis,867,9.094947017729282e-13,4.440892098500626e-16
103,4.0,2.325,raw,946,4.547473508864641e-13,7.771561172376096e-16
103,4.0,2.325,hysteresis,881,4.547473508864641e-13,7.771561172376096e-16
103,4.0,2.3333333333333335,raw,936,9.094947017729282e-13,3.3306690738754696e-16
103,4.0,2.3333333333333335,hysteresis,866,9.094947017729282e-13,3.3306690738754696e-16
103,4.0,2.35,raw,936,9.094947017729282e-13,2.220446049250313e-16
103,4.0,2.35,hysteresis,866,9.094947017729282e-13,2.220446049250313e-16
103,4.0,2.375,raw,937,4.547473508864641e-13,6.661338147750939e-16
103,4.0,2.375,hysteresis,863,4.547473508864641e-13,6.661338147750939e-16
103,4.0,2.4,raw,934,9.094947017729282e-13,4.440892098500626e-16
103,4.0,2.4,hysteresis,855,9.094947017729282e-13,4.440892098500626e-16
103,4.0,2.414213562373095,raw,937,9.094947017729282e-13,5.551115123125783e-16
103,4.0,2.414213562373095,hysteresis,856,9.094947017729282e-13,5.551115123125783e-16
103,4.0,2.425,raw,919,9.094947017729282e-13,8.881784197001252e-16
103,4.0,2.425,hysteresis,843,4.547473508864641e-13,8.881784197001252e-16
103,4.0,2.45,raw,930,9.094947017729282e-13,6.661338147750939e-16
103,4.0,2.45,hysteresis,845,9.094947017729282e-13,6.661338147750939e-16
103,4.0,2.475,raw,933,9.094947017729282e-13,7.771561172376096e-16
103,4.0,2.475,hysteresis,867,9.094947017729282e-13,7.771561172376096e-16
103,4.0,2.5,raw,918,9.094947017729282e-13,1.1102230246251565e-16
103,4.0,2.5,hysteresis,837,9.094947017729282e-13,1.1102230246251565e-16
103,4.0,2.525,raw,938,9.094947017729282e-13,4.440892098500626e-16
103,4.0,2.525,hysteresis,853,9.094947017729282e-13,4.440892098500626e-16
103,4.0,2.55,raw,928,9.094947017729282e-13,1.1102230246251565e-16
103,4.0,2.55,hysteresis,852,9.094947017729282e-13,1.1102230246251565e-16
103,4.0,2.575,raw,912,4.547473508864641e-13,7.771561172376096e-16
103,4.0,2.575,hysteresis,829,4.547473508864641e-13,7.771561172376096e-16
103,4.0,2.6,raw,918,9.094947017729282e-13,7.771561172376096e-16
103,4.0,2.6,hysteresis,835,9.094947017729282e-13,7.771561172376096e-16
104,0.0,1.9,raw,483,0.0,0.0
104,0.0,1.9,hysteresis,466,0.0,0.0
104,0.0,1.925,raw,483,0.0,0.0
104,0.0,1.925,hysteresis,466,0.0,0.0
104,0.0,1.95,raw,483,0.0,0.0
104,0.0,1.95,hysteresis,466,0.0,0.0
104,0.0,1.975,raw,483,0.0,0.0
104,0.0,1.975,hysteresis,466,0.0,0.0
104,0.0,2.0,raw,483,0.0,0.0
104,0.0,2.0,hysteresis,466,0.0,0.0
104,0.0,2.025,raw,483,0.0,0.0
104,0.0,2.025,hysteresis,466,0.0,0.0
104,0.0,2.05,raw,483,0.0,0.0
104,0.0,2.05,hysteresis,466,0.0,0.0
104,0.0,2.075,raw,483,0.0,0.0
104,0.0,2.075,hysteresis,466,0.0,0.0
104,0.0,2.1,raw,483,0.0,0.0
104,0.0,2.1,hysteresis,466,0.0,0.0
104,0.0,2.125,raw,483,0.0,0.0
104,0.0,2.125,hysteresis,466,0.0,0.0
104,0.0,2.15,raw,483,0.0,0.0
104,0.0,2.15,hysteresis,466,0.0,0.0
104,0.0,2.175,raw,483,0.0,0.0
104,0.0,2.175,hysteresis,466,0.0,0.0
104,0.0,2.2,raw,483,0.0,0.0
104,0.0,2.2,hysteresis,466,0.0,0.0
104,0.0,2.225,raw,483,0.0,0.0
104,0.0,2.225,hysteresis,466,0.0,0.0
104,0.0,2.25,raw,483,0.0,0.0
104,0.0,2.25,hysteresis,466,0.0,0.0
104,0.0,2.275,raw,483,0.0,0.0
104,0.0,2.275,hysteresis,466,0.0,0.0
104,0.0,2.3,raw,483,0.0,0.0
104,0.0,2.3,hysteresis,466,0.0,0.0
104,0.0,2.325,raw,483,0.0,0.0
104,0.0,2.325,hysteresis,466,0.0,0.0
104,0.0,2.3333333333333335,raw,483,0.0,0.0
104,0.0,2.3333333333333335,hysteresis,466,0.0,0.0
104,0.0,2.35,raw,483,0.0,0.0
104,0.0,2.35,hysteresis,466,0.0,0.0
104,0.0,2.375,raw,483,0.0,0.0
104,0.0,2.375,hysteresis,466,0.0,0.0
104,0.0,2.4,raw,483,0.0,0.0
104,0.0,2.4,hysteresis,466,0.0,0.0
104,0.0,2.414213562373095,raw,483,0.0,0.0
104,0.0,2.414213562373095,hysteresis,466,0.0,0.0
104,0.0,2.425,raw,483,0.0,0.0
104,0.0,2.425,hysteresis,466,0.0,0.0
104,0.0,2.45,raw,483,0.0,0.0
104,0.0,2.45,hysteresis,466,0.0,0.0
104,0.0,2.475,raw,483,0.0,0.0
104,0.0,2.475,hysteresis,466,0.0,0.0
104,0.0,2.5,raw,483,0.0,0.0
104,0.0,2.5,hysteresis,466,0.0,0.0
104,0.0,2.525,raw,483,0.0,0.0
104,0.0,2.525,hysteresis,466,0.0,0.0
104,0.0,2.55,raw,483,0.0,0.0
104,0.0,2.55,hysteresis,466,0.0,0.0
104,0.0,2.575,raw,483,0.0,0.0
104,0.0,2.575,hysteresis,466,0.0,0.0
104,0.0,2.6,raw,483,0.0,0.0
104,0.0,2.6,hysteresis,466,0.0,0.0
104,1.0,1.9,raw,544,4.547473508864641e-13,0.0
104,1.0,1.9,hysteresis,512,4.547473508864641e-13,0.0
104,1.0,1.925,raw,541,9.094947017729282e-13,5.551115123125783e-16
104,1.0,1.925,hysteresis,506,9.094947017729282e-13,5.551115123125783e-16
104,1.0,1.95,raw,544,4.547473508864641e-13,5.551115123125783e-16
104,1.0,1.95,hysteresis,502,4.547473508864641e-13,5.551115123125783e-16
104,1.0,1.975,raw,536,4.547473508864641e-13,7.771561172376096e-16
104,1.0,1.975,hysteresis,500,4.547473508864641e-13,7.771561172376096e-16
104,1.0,2.0,raw,539,4.547473508864641e-13,2.220446049250313e-16
104,1.0,2.0,hysteresis,502,4.547473508864641e-13,2.220446049250313e-16
104,1.0,2.025,raw,536,9.094947017729282e-13,6.661338147750939e-16
104,1.0,2.025,hysteresis,501,9.094947017729282e-13,6.661338147750939e-16
104,1.0,2.05,raw,530,4.547473508864641e-13,3.3306690738754696e-16
104,1.0,2.05,hysteresis,495,2.2737367544323206e-13,3.3306690738754696e-16
104,1.0,2.075,raw,533,4.547473508864641e-13,3.3306690738754696e-16
104,1.0,2.075,hysteresis,496,4.547473508864641e-13,3.3306690738754696e-16
104,1.0,2.1,raw,533,4.547473508864641e-13,2.220446049250313e-16
104,1.0,2.1,hysteresis,497,4.547473508864641e-13,2.220446049250313e-16
104,1.0,2.125,raw,527,4.547473508864641e-13,1.1102230246251565e-16
104,1.0,2.125,hysteresis,492,4.547473508864641e-13,1.1102230246251565e-16
104,1.0,2.15,raw,531,4.547473508864641e-13,6.661338147750939e-16
104,1.0,2.15,hysteresis,488,4.547473508864641e-13,6.661338147750939e-16
104,1.0,2.175,raw,527,4.547473508864641e-13,4.440892098500626e-16
104,1.0,2.175,hysteresis,491,4.547473508864641e-13,4.440892098500626e-16
104,1.0,2.2,raw,528,4.547473508864641e-13,0.0
104,1.0,2.2,hysteresis,487,4.547473508864641e-13,0.0
104,1.0,2.225,raw,523,4.547473508864641e-13,4.440892098500626e-16
104,1.0,2.225,hysteresis,492,4.547473508864641e-13,4.440892098500626e-16
104,1.0,2.25,raw,519,4.547473508864641e-13,1.3322676295501878e-15
104,1.0,2.25,hysteresis,486,4.547473508864641e-13,1.3322676295501878e-15
104,1.0,2.275,raw,523,4.547473508864641e-13,1.1102230246251565e-16
104,1.0,2.275,hysteresis,485,4.547473508864641e-13,1.1102230246251565e-16
104,1.0,2.3,raw,524,4.547473508864641e-13,6.661338147750939e-16
104,1.0,2.3,hysteresis,488,4.547473508864641e-13,6.661338147750939e-16
104,1.0,2.325,raw,519,9.094947017729282e-13,4.440892098500626e-16
104,1.0,2.325,hysteresis,487,4.547473508864641e-13,4.440892098500626e-16
104,1.0,2.3333333333333335,raw,519,9.094947017729282e-13,0.0
104,1.0,2.3333333333333335,hysteresis,482,9.094947017729282e-13,0.0
104,1.0,2.35,raw,521,4.547473508864641e-13,6.661338147750939e-16
104,1.0,2.35,hysteresis,487,4.547473508864641e-13,6.661338147750939e-16
104,1.0,2.375,raw,517,4.547473508864641e-13,8.881784197001252e-16
104,1.0,2.375,hysteresis,486,4.547473508864641e-13,8.881784197001252e-16
104,1.0,2.4,raw,521,4.547473508864641e-13,3.3306690738754696e-16
104,1.0,2.4,hysteresis,482,4.547473508864641e-13,3.3306690738754696e-16
104,1.0,2.414213562373095,raw,515,4.547473508864641e-13,4.440892098500626e-16
104,1.0,2.414213562373095,hysteresis,481,2.2737367544323206e-13,4.440892098500626e-16
104,1.0,2.425,raw,517,4.547473508864641e-13,1.1102230246251565e-16
104,1.0,2.425,hysteresis,488,4.547473508864641e-13,1.1102230246251565e-16
104,1.0,2.45,raw,514,9.094947017729282e-13,4.440892098500626e-16
104,1.0,2.45,hysteresis,483,9.094947017729282e-13,4.440892098500626e-16
104,1.0,2.475,raw,519,9.094947017729282e-13,2.220446049250313e-16
104,1.0,2.475,hysteresis,482,9.094947017729282e-13,2.220446049250313e-16
104,1.0,2.5,raw,509,4.547473508864641e-13,5.551115123125783e-16
104,1.0,2.5,hysteresis,485,4.547473508864641e-13,5.551115123125783e-16
104,1.0,2.525,raw,513,4.547473508864641e-13,8.881784197001252e-16
104,1.0,2.525,hysteresis,479,4.547473508864641e-13,8.881784197001252e-16
104,1.0,2.55,raw,515,4.547473508864641e-13,3.3306690738754696e-16
104,1.0,2.55,hysteresis,480,4.547473508864641e-13,3.3306690738754696e-16
104,1.0,2.575,raw,514,9.094947017729282e-13,8.881784197001252e-16
104,1.0,2.575,hysteresis,480,9.094947017729282e-13,8.881784197001252e-16
104,1.0,2.6,raw,510,4.547473508864641e-13,3.3306690738754696e-16
104,1.0,2.6,hysteresis,480,4.547473508864641e-13,3.3306690738754696e-16
104,1.5,1.9,raw,614,4.547473508864641e-13,1.1102230246251565e-15
104,1.5,1.9,hysteresis,564,4.547473508864641e-13,1.1102230246251565e-15
104,1.5,1.925,raw,604,4.547473508864641e-13,2.220446049250313e-16
104,1.5,1.925,hysteresis,552,4.547473508864641e-13,2.220446049250313e-16
104,1.5,1.95,raw,601,9.094947017729282e-13,0.0
104,1.5,1.95,hysteresis,558,9.094947017729282e-13,0.0
104,1.5,1.975,raw,596,9.094947017729282e-13,1.1102230246251565e-16
104,1.5,1.975,hysteresis,545,9.094947017729282e-13,1.1102230246251565e-16
104,1.5,2.0,raw,607,9.094947017729282e-13,4.440892098500626e-16
104,1.5,2.0,hysteresis,553,9.094947017729282e-13,4.440892098500626e-16
104,1.5,2.025,raw,593,9.094947017729282e-13,2.220446049250313e-16
104,1.5,2.025,hysteresis,540,9.094947017729282e-13,2.220446049250313e-16
104,1.5,2.05,raw,595,4.547473508864641e-13,1.1102230246251565e-16
104,1.5,2.05,hysteresis,542,4.547473508864641e-13,1.1102230246251565e-16
104,1.5,2.075,raw,582,9.094947017729282e-13,1.1102230246251565e-16
104,1.5,2.075,hysteresis,537,4.547473508864641e-13,1.1102230246251565e-16
104,1.5,2.1,raw,587,9.094947017729282e-13,6.661338147750939e-16
104,1.5,2.1,hysteresis,530,9.094947017729282e-13,6.661338147750939e-16
104,1.5,2.125,raw,581,4.547473508864641e-13,0.0
104,1.5,2.125,hysteresis,537,4.547473508864641e-13,0.0
104,1.5,2.15,raw,591,9.094947017729282e-13,7.771561172376096e-16
104,1.5,2.15,hysteresis,532,9.094947017729282e-13,7.771561172376096e-16
104,1.5,2.175,raw,584,4.547473508864641e-13,1.1102230246251565e-16
104,1.5,2.175,hysteresis,524,4.547473508864641e-13,1.1102230246251565e-16
104,1.5,2.2,raw,575,9.094947017729282e-13,6.661338147750939e-16
104,1.5,2.2,hysteresis,525,9.094947017729282e-13,6.661338147750939e-16
104,1.5,2.225,raw,578,4.547473508864641e-13,7.771561172376096e-16
104,1.5,2.225,hysteresis,527,4.547473508864641e-13,7.771561172376096e-16
104,1.5,2.25,raw,573,2.2737367544323206e-13,6.661338147750939e-16
104,1.5,2.25,hysteresis,520,2.2737367544323206e-13,6.661338147750939e-16
104,1.5,2.275,raw,573,4.547473508864641e-13,8.881784197001252e-16
104,1.5,2.275,hysteresis,516,4.547473508864641e-13,8.881784197001252e-16
104,1.5,2.3,raw,576,4.547473508864641e-13,1.2212453270876722e-15
104,1.5,2.3,hysteresis,515,4.547473508864641e-13,1.2212453270876722e-15
104,1.5,2.325,raw,564,9.094947017729282e-13,9.992007221626409e-16
104,1.5,2.325,hysteresis,514,9.094947017729282e-13,9.992007221626409e-16
104,1.5,2.3333333333333335,raw,568,4.547473508864641e-13,9.992007221626409e-16
104,1.5,2.3333333333333335,hysteresis,515,4.547473508864641e-13,9.992007221626409e-16
104,1.5,2.35,raw,560,9.094947017729282e-13,1.1102230246251565e-16
104,1.5,2.35,hysteresis,508,9.094947017729282e-13,1.1102230246251565e-16
104,1.5,2.375,raw,564,9.094947017729282e-13,0.0
104,1.5,2.375,hysteresis,509,4.547473508864641e-13,0.0
104,1.5,2.4,raw,565,4.547473508864641e-13,6.661338147750939e-16
104,1.5,2.4,hysteresis,510,4.547473508864641e-13,6.661338147750939e-16
104,1.5,2.414213562373095,raw,555,4.547473508864641e-13,7.771561172376096e-16
104,1.5,2.414213562373095,hysteresis,512,4.547473508864641e-13,7.771561172376096e-16
104,1.5,2.425,raw,561,9.094947017729282e-13,3.3306690738754696e-16
104,1.5,2.425,hysteresis,512,9.094947017729282e-13,3.3306690738754696e-16
104,1.5,2.45,raw,564,4.547473508864641e-13,1.1102230246251565e-16
104,1.5,2.45,hysteresis,508,4.547473508864641e-13,1.1102230246251565e-16
104,1.5,2.475,raw,558,9.094947017729282e-13,2.220446049250313e-16
104,1.5,2.475,hysteresis,501,9.094947017729282e-13,2.220446049250313e-16
104,1.5,2.5,raw,547,4.547473508864641e-13,1.1102230246251565e-16
104,1.5,2.5,hysteresis,506,4.547473508864641e-13,1.1102230246251565e-16
104,1.5,2.525,raw,544,4.547473508864641e-13,6.661338147750939e-16
104,1.5,2.525,hysteresis,500,4.547473508864641e-13,6.661338147750939e-16
104,1.5,2.55,raw,546,4.547473508864641e-13,3.3306690738754696e-16
104,1.5,2.55,hysteresis,503,4.547473508864641e-13,3.3306690738754696e-16
104,1.5,2.575,raw,542,4.547473508864641e-13,2.220446049250313e-16
104,1.5,2.575,hysteresis,502,4.547473508864641e-13,2.220446049250313e-16
104,1.5,2.6,raw,551,0.0,2.220446049250313e-16
104,1.5,2.6,hysteresis,500,0.0,2.220446049250313e-16
104,2.0,1.9,raw,685,9.094947017729282e-13,6.661338147750939e-16
104,2.0,1.9,hysteresis,625,9.094947017729282e-13,6.661338147750939e-16
104,2.0,1.925,raw,694,4.547473508864641e-13,5.551115123125783e-16
104,2.0,1.925,hysteresis,630,2.2737367544323206e-13,5.551115123125783e-16
104,2.0,1.95,raw,670,9.094947017729282e-13,2.220446049250313e-16
104,2.0,1.95,hysteresis,619,9.094947017729282e-13,2.220446049250313e-16
104,2.0,1.975,raw,668,9.094947017729282e-13,7.771561172376096e-16
104,2.0,1.975,hysteresis,620,9.094947017729282e-13,7.771561172376096e-16
104,2.0,2.0,raw,677,4.547473508864641e-13,8.881784197001252e-16
104,2.0,2.0,hysteresis,626,4.547473508864641e-13,8.881784197001252e-16
104,2.0,2.025,raw,667,4.547473508864641e-13,4.440892098500626e-16
104,2.0,2.025,hysteresis,599,4.547473508864641e-13,4.440892098500626e-16
104,2.0,2.05,raw,655,4.547473508864641e-13,1.1102230246251565e-16
104,2.0,2.05,hysteresis,599,4.547473508864641e-13,1.1102230246251565e-16
104,2.0,2.075,raw,655,4.547473508864641e-13,2.220446049250313e-16
104,2.0,2.075,hysteresis,594,4.547473508864641e-13,2.220446049250313e-16
104,2.0,2.1,raw,651,4.547473508864641e-13,2.220446049250313e-16
104,2.0,2.1,hysteresis,593,4.547473508864641e-13,2.220446049250313e-16
104,2.0,2.125,raw,644,4.547473508864641e-13,1.1102230246251565e-16
104,2.0,2.125,hysteresis,590,4.547473508864641e-13,1.1102230246251565e-16
104,2.0,2.15,raw,648,4.547473508864641e-13,4.440892098500626e-16
104,2.0,2.15,hysteresis,587,4.547473508864641e-13,4.440892098500626e-16
104,2.0,2.175,raw,642,4.547473508864641e-13,9.992007221626409e-16
104,2.0,2.175,hysteresis,574,4.547473508864641e-13,9.992007221626409e-16
104,2.0,2.2,raw,649,9.094947017729282e-13,0.0
104,2.0,2.2,hysteresis,575,2.2737367544323206e-13,0.0
104,2.0,2.225,raw,637,9.094947017729282e-13,2.220446049250313e-16
104,2.0,2.225,hysteresis,576,9.094947017729282e-13,2.220446049250313e-16
104,2.0,2.25,raw,638,4.547473508864641e-13,6.661338147750939e-16
104,2.0,2.25,hysteresis,570,2.2737367544323206e-13,6.661338147750939e-16
104,2.0,2.275,raw,636,4.547473508864641e-13,4.440892098500626e-16
104,2.0,2.275,hysteresis,563,4.547473508864641e-13,4.440892098500626e-16
104,2.0,2.3,raw,630,4.547473508864641e-13,0.0
104,2.0,2.3,hysteresis,556,4.547473508864641e-13,0.0
104,2.0,2.325,raw,622,9.094947017729282e-13,0.0
104,2.0,2.325,hysteresis,554,4.547473508864641e-13,0.0
104,2.0,2.3333333333333335,raw,630,9.094947017729282e-13,2.220446049250313e-16
104,2.0,2.3333333333333335,hysteresis,558,9.094947017729282e-13,2.220446049250313e-16
104,2.0,2.35,raw,619,9.094947017729282e-13,3.3306690738754696e-16
104,2.0,2.35,hysteresis,551,9.094947017729282e-13,3.3306690738754696e-16
104,2.0,2.375,raw,625,9.094947017729282e-13,3.3306690738754696e-16
104,2.0,2.375,hysteresis,550,9.094947017729282e-13,3.3306690738754696e-16
104,2.0,2.4,raw,623,4.547473508864641e-13,5.551115123125783e-16
104,2.0,2.4,hysteresis,555,2.2737367544323206e-13,5.551115123125783e-16
104,2.0,2.414213562373095,raw,627,4.547473508864641e-13,3.3306690738754696e-16
104,2.0,2.414213562373095,hysteresis,556,4.547473508864641e-13,3.3306690738754696e-16
104,2.0,2.425,raw,617,2.2737367544323206e-13,1.1102230246251565e-16
104,2.0,2.425,hysteresis,543,0.0,1.1102230246251565e-16
104,2.0,2.45,raw,621,9.094947017729282e-13,1.1102230246251565e-16
104,2.0,2.45,hysteresis,543,9.094947017729282e-13,1.1102230246251565e-16
104,2.0,2.475,raw,613,9.094947017729282e-13,3.3306690738754696e-16
104,2.0,2.475,hysteresis,532,9.094947017729282e-13,3.3306690738754696e-16
104,2.0,2.5,raw,596,2.2737367544323206e-13,0.0
104,2.0,2.5,hysteresis,534,2.2737367544323206e-13,0.0
104,2.0,2.525,raw,593,9.094947017729282e-13,7.771561172376096e-16
104,2.0,2.525,hysteresis,534,9.094947017729282e-13,7.771561172376096e-16
104,2.0,2.55,raw,593,9.094947017729282e-13,2.220446049250313e-16
104,2.0,2.55,hysteresis,533,9.094947017729282e-13,2.220446049250313e-16
104,2.0,2.575,raw,595,9.094947017729282e-13,1.1102230246251565e-16
104,2.0,2.575,hysteresis,532,9.094947017729282e-13,1.1102230246251565e-16
104,2.0,2.6,raw,597,4.547473508864641e-13,1.1102230246251565e-16
104,2.0,2.6,hysteresis,524,4.547473508864641e-13,1.1102230246251565e-16
104,3.0,1.9,raw,808,4.547473508864641e-13,8.881784197001252e-16
104,3.0,1.9,hysteresis,759,4.547473508864641e-13,8.881784197001252e-16
104,3.0,1.925,raw,810,4.547473508864641e-13,8.881784197001252e-16
104,3.0,1.925,hysteresis,772,4.547473508864641e-13,8.881784197001252e-16
104,3.0,1.95,raw,807,9.094947017729282e-13,1.3322676295501878e-15
104,3.0,1.95,hysteresis,741,4.547473508864641e-13,1.3322676295501878e-15
104,3.0,1.975,raw,805,9.094947017729282e-13,0.0
104,3.0,1.975,hysteresis,751,9.094947017729282e-13,0.0
104,3.0,2.0,raw,804,9.094947017729282e-13,1.1102230246251565e-15
104,3.0,2.0,hysteresis,762,9.094947017729282e-13,1.1102230246251565e-15
104,3.0,2.025,raw,799,4.547473508864641e-13,8.881784197001252e-16
104,3.0,2.025,hysteresis,746,2.2737367544323206e-13,8.881784197001252e-16
104,3.0,2.05,raw,797,9.094947017729282e-13,6.661338147750939e-16
104,3.0,2.05,hysteresis,731,4.547473508864641e-13,6.661338147750939e-16
104,3.0,2.075,raw,784,4.547473508864641e-13,8.881784197001252e-16
104,3.0,2.075,hysteresis,731,4.547473508864641e-13,8.881784197001252e-16
104,3.0,2.1,raw,795,2.2737367544323206e-13,3.3306690738754696e-16
104,3.0,2.1,hysteresis,722,2.2737367544323206e-13,3.3306690738754696e-16
104,3.0,2.125,raw,794,9.094947017729282e-13,6.661338147750939e-16
104,3.0,2.125,hysteresis,717,4.547473508864641e-13,6.661338147750939e-16
104,3.0,2.15,raw,784,4.547473508864641e-13,2.220446049250313e-16
104,3.0,2.15,hysteresis,722,4.547473508864641e-13,2.220446049250313e-16
104,3.0,2.175,raw,783,4.547473508864641e-13,4.440892098500626e-16
104,3.0,2.175,hysteresis,721,4.547473508864641e-13,4.440892098500626e-16
104,3.0,2.2,raw,780,4.547473508864641e-13,7.771561172376096e-16
104,3.0,2.2,hysteresis,717,4.547473508864641e-13,7.771561172376096e-16
104,3.0,2.225,raw,779,9.094947017729282e-13,3.3306690738754696e-16
104,3.0,2.225,hysteresis,701,9.094947017729282e-13,3.3306690738754696e-16
104,3.0,2.25,raw,777,4.547473508864641e-13,0.0
104,3.0,2.25,hysteresis,694,4.547473508864641e-13,0.0
104,3.0,2.275,raw,769,9.094947017729282e-13,4.440892098500626e-16
104,3.0,2.275,hysteresis,686,9.094947017729282e-13,4.440892098500626e-16
104,3.0,2.3,raw,755,4.547473508864641e-13,4.440892098500626e-16
104,3.0,2.3,hysteresis,683,4.547473508864641e-13,4.440892098500626e-16
104,3.0,2.325,raw,762,9.094947017729282e-13,5.551115123125783e-16
104,3.0,2.325,hysteresis,682,9.094947017729282e-13,5.551115123125783e-16
104,3.0,2.3333333333333335,raw,766,4.547473508864641e-13,5.551115123125783e-16
104,3.0,2.3333333333333335,hysteresis,685,4.547473508864641e-13,5.551115123125783e-16
104,3.0,2.35,raw,747,9.094947017729282e-13,1.4432899320127035e-15
104,3.0,2.35,hysteresis,676,4.547473508864641e-13,1.4432899320127035e-15
104,3.0,2.375,raw,735,4.547473508864641e-13,0.0
104,3.0,2.375,hysteresis,664,4.547473508864641e-13,0.0
104,3.0,2.4,raw,753,4.547473508864641e-13,2.220446049250313e-16
104,3.0,2.4,hysteresis,670,4.547473508864641e-13,2.220446049250313e-16
104,3.0,2.414213562373095,raw,750,9.094947017729282e-13,2.220446049250313e-16
104,3.0,2.414213562373095,hysteresis,674,9.094947017729282e-13,2.220446049250313e-16
104,3.0,2.425,raw,742,4.547473508864641e-13,1.7763568394002505e-15
104,3.0,2.425,hysteresis,652,4.547473508864641e-13,1.7763568394002505e-15
104,3.0,2.45,raw,744,9.094947017729282e-13,8.881784197001252e-16
104,3.0,2.45,hysteresis,650,4.547473508864641e-13,8.881784197001252e-16
104,3.0,2.475,raw,740,4.547473508864641e-13,3.3306690738754696e-16
104,3.0,2.475,hysteresis,648,4.547473508864641e-13,3.3306690738754696e-16
104,3.0,2.5,raw,728,9.094947017729282e-13,2.220446049250313e-16
104,3.0,2.5,hysteresis,633,4.547473508864641e-13,2.220446049250313e-16
104,3.0,2.525,raw,725,9.094947017729282e-13,4.440892098500626e-16
104,3.0,2.525,hysteresis,634,9.094947017729282e-13,4.440892098500626e-16
104,3.0,2.55,raw,724,4.547473508864641e-13,6.661338147750939e-16
104,3.0,2.55,hysteresis,631,4.547473508864641e-13,6.661338147750939e-16
104,3.0,2.575,raw,715,9.094947017729282e-13,1.1102230246251565e-15
104,3.0,2.575,hysteresis,619,9.094947017729282e-13,1.1102230246251565e-15
104,3.0,2.6,raw,711,4.547473508864641e-13,1.1102230246251565e-16
104,3.0,2.6,hysteresis,630,4.547473508864641e-13,1.1102230246251565e-16
104,4.0,1.9,raw,869,9.094947017729282e-13,1.9984014443252818e-15
104,4.0,1.9,hysteresis,838,9.094947017729282e-13,1.9984014443252818e-15
104,4.0,1.925,raw,884,9.094947017729282e-13,2.220446049250313e-16
104,4.0,1.925,hysteresis,847,9.094947017729282e-13,2.220446049250313e-16
104,4.0,1.95,raw,881,4.547473508864641e-13,2.220446049250313e-16
104,4.0,1.95,hysteresis,840,4.547473508864641e-13,2.220446049250313e-16
104,4.0,1.975,raw,887,4.547473508864641e-13,4.440892098500626e-16
104,4.0,1.975,hysteresis,852,4.547473508864641e-13,4.440892098500626e-16
104,4.0,2.0,raw,892,9.094947017729282e-13,4.440892098500626e-16
104,4.0,2.0,hysteresis,859,9.094947017729282e-13,4.440892098500626e-16
104,4.0,2.025,raw,883,4.547473508864641e-13,6.661338147750939e-16
104,4.0,2.025,hysteresis,844,4.547473508864641e-13,6.661338147750939e-16
104,4.0,2.05,raw,888,9.094947017729282e-13,6.661338147750939e-16
104,4.0,2.05,hysteresis,836,9.094947017729282e-13,6.661338147750939e-16
104,4.0,2.075,raw,886,9.094947017729282e-13,8.881784197001252e-16
104,4.0,2.075,hysteresis,834,9.094947017729282e-13,8.881784197001252e-16
104,4.0,2.1,raw,890,9.094947017729282e-13,6.661338147750939e-16
104,4.0,2.1,hysteresis,844,9.094947017729282e-13,6.661338147750939e-16
104,4.0,2.125,raw,895,9.094947017729282e-13,2.220446049250313e-16
104,4.0,2.125,hysteresis,834,4.547473508864641e-13,2.220446049250313e-16
104,4.0,2.15,raw,886,4.547473508864641e-13,2.220446049250313e-16
104,4.0,2.15,hysteresis,836,4.547473508864641e-13,2.220446049250313e-16
104,4.0,2.175,raw,894,4.547473508864641e-13,4.440892098500626e-16
104,4.0,2.175,hysteresis,827,4.547473508864641e-13,4.440892098500626e-16
104,4.0,2.2,raw,897,9.094947017729282e-13,4.440892098500626e-16
104,4.0,2.2,hysteresis,831,9.094947017729282e-13,4.440892098500626e-16
104,4.0,2.225,raw,891,9.094947017729282e-13,8.881784197001252e-16
104,4.0,2.225,hysteresis,816,9.094947017729282e-13,8.881784197001252e-16
104,4.0,2.25,raw,895,4.547473508864641e-13,6.661338147750939e-16
104,4.0,2.25,hysteresis,821,4.547473508864641e-13,6.661338147750939e-16
104,4.0,2.275,raw,898,9.094947017729282e-13,2.220446049250313e-16
104,4.0,2.275,hysteresis,814,9.094947017729282e-13,2.220446049250313e-16
104,4.0,2.3,raw,885,6.821210263296962e-13,2.220446049250313e-16
104,4.0,2.3,hysteresis,792,2.2737367544323206e-13,2.220446049250313e-16
104,4.0,2.325,raw,890,9.094947017729282e-13,6.661338147750939e-16
104,4.0,2.325,hysteresis,805,9.094947017729282e-13,6.661338147750939e-16
104,4.0,2.3333333333333335,raw,888,9.094947017729282e-13,4.440892098500626e-16
104,4.0,2.3333333333333335,hysteresis,813,9.094947017729282e-13,4.440892098500626e-16
104,4.0,2.35,raw,877,9.094947017729282e-13,4.440892098500626e-16
104,4.0,2.35,hysteresis,802,9.094947017729282e-13,4.440892098500626e-16
104,4.0,2.375,raw,882,9.094947017729282e-13,6.661338147750939e-16
104,4.0,2.375,hysteresis,794,9.094947017729282e-13,6.661338147750939e-16
104,4.0,2.4,raw,872,4.547473508864641e-13,4.440892098500626e-16
104,4.0,2.4,hysteresis,800,4.547473508864641e-13,4.440892098500626e-16
104,4.0,2.414213562373095,raw,857,4.547473508864641e-13,1.1102230246251565e-16
104,4.0,2.414213562373095,hysteresis,781,4.547473508864641e-13,1.1102230246251565e-16
104,4.0,2.425,raw,879,9.094947017729282e-13,2.220446049250313e-16
104,4.0,2.425,hysteresis,793,9.094947017729282e-13,2.220446049250313e-16
104,4.0,2.45,raw,861,9.094947017729282e-13,5.551115123125783e-16
104,4.0,2.45,hysteresis,783,9.094947017729282e-13,5.551115123125783e-16
104,4.0,2.475,raw,870,4.547473508864641e-13,3.3306690738754696e-16
104,4.0,2.475,hysteresis,790,4.547473508864641e-13,3.3306690738754696e-16
104,4.0,2.5,raw,865,9.094947017729282e-13,0.0
104,4.0,2.5,hysteresis,770,4.547473508864641e-13,0.0
104,4.0,2.525,raw,859,9.094947017729282e-13,2.220446049250313e-16
104,4.0,2.525,hysteresis,762,4.547473508864641e-13,2.220446049250313e-16
104,4.0,2.55,raw,844,4.547473508864641e-13,4.440892098500626e-16
104,4.0,2.55,hysteresis,761,4.547473508864641e-13,4.440892098500626e-16
104,4.0,2.575,raw,848,9.094947017729282e-13,2.220446049250313e-16
104,4.0,2.575,hysteresis,747,4.547473508864641e-13,2.220446049250313e-16
104,4.0,2.6,raw,851,9.094947017729282e-13,2.220446049250313e-16
104,4.0,2.6,hysteresis,751,9.094947017729282e-13,2.220446049250313e-16
105,0.0,1.9,raw,475,0.0,0.0
105,0.0,1.9,hysteresis,461,0.0,0.0
105,0.0,1.925,raw,475,0.0,0.0
105,0.0,1.925,hysteresis,461,0.0,0.0
105,0.0,1.95,raw,475,0.0,0.0
105,0.0,1.95,hysteresis,461,0.0,0.0
105,0.0,1.975,raw,475,0.0,0.0
105,0.0,1.975,hysteresis,461,0.0,0.0
105,0.0,2.0,raw,475,0.0,0.0
105,0.0,2.0,hysteresis,461,0.0,0.0
105,0.0,2.025,raw,475,0.0,0.0
105,0.0,2.025,hysteresis,461,0.0,0.0
105,0.0,2.05,raw,475,0.0,0.0
105,0.0,2.05,hysteresis,461,0.0,0.0
105,0.0,2.075,raw,475,0.0,0.0
105,0.0,2.075,hysteresis,461,0.0,0.0
105,0.0,2.1,raw,475,0.0,0.0
105,0.0,2.1,hysteresis,461,0.0,0.0
105,0.0,2.125,raw,475,0.0,0.0
105,0.0,2.125,hysteresis,461,0.0,0.0
105,0.0,2.15,raw,475,0.0,0.0
105,0.0,2.15,hysteresis,461,0.0,0.0
105,0.0,2.175,raw,475,0.0,0.0
105,0.0,2.175,hysteresis,461,0.0,0.0
105,0.0,2.2,raw,475,0.0,0.0
105,0.0,2.2,hysteresis,461,0.0,0.0
105,0.0,2.225,raw,475,0.0,0.0
105,0.0,2.225,hysteresis,461,0.0,0.0
105,0.0,2.25,raw,475,0.0,0.0
105,0.0,2.25,hysteresis,461,0.0,0.0
105,0.0,2.275,raw,475,0.0,0.0
105,0.0,2.275,hysteresis,461,0.0,0.0
105,0.0,2.3,raw,475,0.0,0.0
105,0.0,2.3,hysteresis,461,0.0,0.0
105,0.0,2.325,raw,475,0.0,0.0
105,0.0,2.325,hysteresis,461,0.0,0.0
105,0.0,2.3333333333333335,raw,475,0.0,0.0
105,0.0,2.3333333333333335,hysteresis,461,0.0,0.0
105,0.0,2.35,raw,475,0.0,0.0
105,0.0,2.35,hysteresis,461,0.0,0.0
105,0.0,2.375,raw,475,0.0,0.0
105,0.0,2.375,hysteresis,461,0.0,0.0
105,0.0,2.4,raw,475,0.0,0.0
105,0.0,2.4,hysteresis,461,0.0,0.0
105,0.0,2.414213562373095,raw,475,0.0,0.0
105,0.0,2.414213562373095,hysteresis,461,0.0,0.0
105,0.0,2.425,raw,475,0.0,0.0
105,0.0,2.425,hysteresis,461,0.0,0.0
105,0.0,2.45,raw,475,0.0,0.0
105,0.0,2.45,hysteresis,461,0.0,0.0
105,0.0,2.475,raw,475,0.0,0.0
105,0.0,2.475,hysteresis,461,0.0,0.0
105,0.0,2.5,raw,475,0.0,0.0
105,0.0,2.5,hysteresis,461,0.0,0.0
105,0.0,2.525,raw,475,0.0,0.0
105,0.0,2.525,hysteresis,461,0.0,0.0
105,0.0,2.55,raw,475,0.0,0.0
105,0.0,2.55,hysteresis,461,0.0,0.0
105,0.0,2.575,raw,475,0.0,0.0
105,0.0,2.575,hysteresis,461,0.0,0.0
105,0.0,2.6,raw,475,0.0,0.0
105,0.0,2.6,hysteresis,461,0.0,0.0
105,1.0,1.9,raw,558,9.094947017729282e-13,6.661338147750939e-16
105,1.0,1.9,hysteresis,512,9.094947017729282e-13,6.661338147750939e-16
105,1.0,1.925,raw,548,4.547473508864641e-13,6.661338147750939e-16
105,1.0,1.925,hysteresis,509,4.547473508864641e-13,6.661338147750939e-16
105,1.0,1.95,raw,547,4.547473508864641e-13,4.440892098500626e-16
105,1.0,1.95,hysteresis,505,2.2737367544323206e-13,4.440892098500626e-16
105,1.0,1.975,raw,542,4.547473508864641e-13,1.1102230246251565e-16
105,1.0,1.975,hysteresis,500,4.547473508864641e-13,1.1102230246251565e-16
105,1.0,2.0,raw,538,4.547473508864641e-13,1.2212453270876722e-15
105,1.0,2.0,hysteresis,494,4.547473508864641e-13,1.2212453270876722e-15
105,1.0,2.025,raw,538,4.547473508864641e-13,1.1102230246251565e-16
105,1.0,2.025,hysteresis,495,4.547473508864641e-13,1.1102230246251565e-16
105,1.0,2.05,raw,541,9.094947017729282e-13,1.1102230246251565e-16
105,1.0,2.05,hysteresis,497,9.094947017729282e-13,1.1102230246251565e-16
105,1.0,2.075,raw,533,9.094947017729282e-13,0.0
105,1.0,2.075,hysteresis,492,4.547473508864641e-13,0.0
105,1.0,2.1,raw,534,9.094947017729282e-13,8.881784197001252e-16
105,1.0,2.1,hysteresis,494,4.547473508864641e-13,8.881784197001252e-16
105,1.0,2.125,raw,531,9.094947017729282e-13,2.220446049250313e-16
105,1.0,2.125,hysteresis,489,9.094947017729282e-13,2.220446049250313e-16
105,1.0,2.15,raw,530,9.094947017729282e-13,5.551115123125783e-16
105,1.0,2.15,hysteresis,491,9.094947017729282e-13,5.551115123125783e-16
105,1.0,2.175,raw,524,9.094947017729282e-13,1.1102230246251565e-16
105,1.0,2.175,hysteresis,492,9.094947017729282e-13,1.1102230246251565e-16
105,1.0,2.2,raw,525,4.547473508864641e-13,4.440892098500626e-16
105,1.0,2.2,hysteresis,487,4.547473508864641e-13,4.440892098500626e-16
105,1.0,2.225,raw,526,2.2737367544323206e-13,7.771561172376096e-16
105,1.0,2.225,hysteresis,492,2.2737367544323206e-13,7.771561172376096e-16
105,1.0,2.25,raw,513,4.547473508864641e-13,5.551115123125783e-16
105,1.0,2.25,hysteresis,484,4.547473508864641e-13,5.551115123125783e-16
105,1.0,2.275,raw,521,9.094947017729282e-13,4.440892098500626e-16
105,1.0,2.275,hysteresis,480,9.094947017729282e-13,4.440892098500626e-16
105,1.0,2.3,raw,526,4.547473508864641e-13,6.661338147750939e-16
105,1.0,2.3,hysteresis,487,4.547473508864641e-13,6.661338147750939e-16
105,1.0,2.325,raw,506,9.094947017729282e-13,0.0
105,1.0,2.325,hysteresis,482,9.094947017729282e-13,0.0
105,1.0,2.3333333333333335,raw,514,4.547473508864641e-13,3.3306690738754696e-16
105,1.0,2.3333333333333335,hysteresis,484,4.547473508864641e-13,3.3306690738754696e-16
105,1.0,2.35,raw,512,9.094947017729282e-13,7.771561172376096e-16
105,1.0,2.35,hysteresis,478,9.094947017729282e-13,7.771561172376096e-16
105,1.0,2.375,raw,524,4.547473508864641e-13,1.1102230246251565e-16
105,1.0,2.375,hysteresis,483,4.547473508864641e-13,1.1102230246251565e-16
105,1.0,2.4,raw,518,4.547473508864641e-13,1.2212453270876722e-15
105,1.0,2.4,hysteresis,477,4.547473508864641e-13,1.2212453270876722e-15
105,1.0,2.414213562373095,raw,517,4.547473508864641e-13,4.440892098500626e-16
105,1.0,2.414213562373095,hysteresis,478,4.547473508864641e-13,4.440892098500626e-16
105,1.0,2.425,raw,522,4.547473508864641e-13,8.881784197001252e-16
105,1.0,2.425,hysteresis,475,4.547473508864641e-13,8.881784197001252e-16
105,1.0,2.45,raw,520,4.547473508864641e-13,5.551115123125783e-16
105,1.0,2.45,hysteresis,478,4.547473508864641e-13,5.551115123125783e-16
105,1.0,2.475,raw,520,9.094947017729282e-13,4.440892098500626e-16
105,1.0,2.475,hysteresis,476,9.094947017729282e-13,4.440892098500626e-16
105,1.0,2.5,raw,508,4.547473508864641e-13,3.3306690738754696e-16
105,1.0,2.5,hysteresis,476,4.547473508864641e-13,3.3306690738754696e-16
105,1.0,2.525,raw,516,9.094947017729282e-13,3.3306690738754696e-16
105,1.0,2.525,hysteresis,472,9.094947017729282e-13,3.3306690738754696e-16
105,1.0,2.55,raw,515,9.094947017729282e-13,3.3306690738754696e-16
105,1.0,2.55,hysteresis,477,9.094947017729282e-13,3.3306690738754696e-16
105,1.0,2.575,raw,508,9.094947017729282e-13,1.1102230246251565e-16
105,1.0,2.575,hysteresis,476,9.094947017729282e-13,1.1102230246251565e-16
105,1.0,2.6,raw,503,4.547473508864641e-13,8.881784197001252e-16
105,1.0,2.6,hysteresis,472,4.547473508864641e-13,8.881784197001252e-16
105,1.5,1.9,raw,614,9.094947017729282e-13,3.3306690738754696e-16
105,1.5,1.9,hysteresis,570,4.547473508864641e-13,3.3306690738754696e-16
105,1.5,1.925,raw,604,4.547473508864641e-13,4.440892098500626e-16
105,1.5,1.925,hysteresis,563,4.547473508864641e-13,4.440892098500626e-16
105,1.5,1.95,raw,606,9.094947017729282e-13,8.881784197001252e-16
105,1.5,1.95,hysteresis,560,9.094947017729282e-13,8.881784197001252e-16
105,1.5,1.975,raw,610,4.547473508864641e-13,3.3306690738754696e-16
105,1.5,1.975,hysteresis,557,4.547473508864641e-13,3.3306690738754696e-16
105,1.5,2.0,raw,611,4.547473508864641e-13,1.1102230246251565e-16
105,1.5,2.0,hysteresis,556,4.547473508864641e-13,1.1102230246251565e-16
105,1.5,2.025,raw,597,4.547473508864641e-13,0.0
105,1.5,2.025,hysteresis,545,4.547473508864641e-13,0.0
105,1.5,2.05,raw,595,4.547473508864641e-13,6.661338147750939e-16
105,1.5,2.05,hysteresis,554,4.547473508864641e-13,6.661338147750939e-16
105,1.5,2.075,raw,598,9.094947017729282e-13,2.220446049250313e-16
105,1.5,2.075,hysteresis,550,9.094947017729282e-13,2.220446049250313e-16
105,1.5,2.1,raw,589,2.2737367544323206e-13,4.440892098500626e-16
105,1.5,2.1,hysteresis,544,2.2737367544323206e-13,4.440892098500626e-16
105,1.5,2.125,raw,595,2.2737367544323206e-13,3.3306690738754696e-16
105,1.5,2.125,hysteresis,537,2.2737367544323206e-13,3.3306690738754696e-16
105,1.5,2.15,raw,598,4.547473508864641e-13,2.220446049250313e-16
105,1.5,2.15,hysteresis,532,4.547473508864641e-13,2.220446049250313e-16
105,1.5,2.175,raw,584,4.547473508864641e-13,5.551115123125783e-16
105,1.5,2.175,hysteresis,532,4.547473508864641e-13,5.551115123125783e-16
105,1.5,2.2,raw,585,9.094947017729282e-13,4.440892098500626e-16
105,1.5,2.2,hysteresis,536,9.094947017729282e-13,4.440892098500626e-16
105,1.5,2.225,raw,574,9.094947017729282e-13,1.3322676295501878e-15
105,1.5,2.225,hysteresis,518,9.094947017729282e-13,1.3322676295501878e-15
105,1.5,2.25,raw,580,9.094947017729282e-13,3.3306690738754696e-16
105,1.5,2.25,hysteresis,516,9.094947017729282e-13,3.3306690738754696e-16
105,1.5,2.275,raw,573,4.547473508864641e-13,2.220446049250313e-16
105,1.5,2.275,hysteresis,518,4.547473508864641e-13,2.220446049250313e-16
105,1.5,2.3,raw,582,4.547473508864641e-13,3.3306690738754696e-16
105,1.5,2.3,hysteresis,523,4.547473508864641e-13,3.3306690738754696e-16
105,1.5,2.325,raw,564,9.094947017729282e-13,1.1102230246251565e-16
105,1.5,2.325,hysteresis,512,9.094947017729282e-13,1.1102230246251565e-16
105,1.5,2.3333333333333335,raw,566,4.547473508864641e-13,4.440892098500626e-16
105,1.5,2.3333333333333335,hysteresis,508,4.547473508864641e-13,4.440892098500626e-16
105,1.5,2.35,raw,556,9.094947017729282e-13,0.0
105,1.5,2.35,hysteresis,508,9.094947017729282e-13,0.0
105,1.5,2.375,raw,562,9.094947017729282e-13,9.992007221626409e-16
105,1.5,2.375,hysteresis,511,9.094947017729282e-13,9.992007221626409e-16
105,1.5,2.4,raw,563,9.094947017729282e-13,4.440892098500626e-16
105,1.5,2.4,hysteresis,509,9.094947017729282e-13,4.440892098500626e-16
105,1.5,2.414213562373095,raw,564,4.547473508864641e-13,7.771561172376096e-16
105,1.5,2.414213562373095,hysteresis,505,4.547473508864641e-13,7.771561172376096e-16
105,1.5,2.425,raw,557,9.094947017729282e-13,0.0
105,1.5,2.425,hysteresis,509,4.547473508864641e-13,0.0
105,1.5,2.45,raw,565,4.547473508864641e-13,2.220446049250313e-16
105,1.5,2.45,hysteresis,505,4.547473508864641e-13,2.220446049250313e-16
105,1.5,2.475,raw,555,9.094947017729282e-13,1.1102230246251565e-16
105,1.5,2.475,hysteresis,506,9.094947017729282e-13,1.1102230246251565e-16
105,1.5,2.5,raw,557,4.547473508864641e-13,7.771561172376096e-16
105,1.5,2.5,hysteresis,502,4.547473508864641e-13,7.771561172376096e-16
105,1.5,2.525,raw,561,4.547473508864641e-13,3.3306690738754696e-16
105,1.5,2.525,hysteresis,500,4.547473508864641e-13,3.3306690738754696e-16
105,1.5,2.55,raw,560,9.094947017729282e-13,5.551115123125783e-16
105,1.5,2.55,hysteresis,495,4.547473508864641e-13,5.551115123125783e-16
105,1.5,2.575,raw,556,9.094947017729282e-13,8.881784197001252e-16
105,1.5,2.575,hysteresis,502,9.094947017729282e-13,8.881784197001252e-16
105,1.5,2.6,raw,541,9.094947017729282e-13,2.220446049250313e-16
105,1.5,2.6,hysteresis,492,9.094947017729282e-13,2.220446049250313e-16
105,2.0,1.9,raw,705,9.094947017729282e-13,1.3322676295501878e-15
105,2.0,1.9,hysteresis,643,9.094947017729282e-13,1.3322676295501878e-15
105,2.0,1.925,raw,683,4.547473508864641e-13,2.220446049250313e-16
105,2.0,1.925,hysteresis,634,4.547473508864641e-13,2.220446049250313e-16
105,2.0,1.95,raw,681,9.094947017729282e-13,7.771561172376096e-16
105,2.0,1.95,hysteresis,625,9.094947017729282e-13,7.771561172376096e-16
105,2.0,1.975,raw,683,4.547473508864641e-13,3.3306690738754696e-16
105,2.0,1.975,hysteresis,634,4.547473508864641e-13,3.3306690738754696e-16
105,2.0,2.0,raw,694,4.547473508864641e-13,6.661338147750939e-16
105,2.0,2.0,hysteresis,634,4.547473508864641e-13,6.661338147750939e-16
105,2.0,2.025,raw,678,4.547473508864641e-13,0.0
105,2.0,2.025,hysteresis,613,4.547473508864641e-13,0.0
105,2.0,2.05,raw,663,9.094947017729282e-13,1.1102230246251565e-16
105,2.0,2.05,hysteresis,618,4.547473508864641e-13,1.1102230246251565e-16
105,2.0,2.075,raw,676,4.547473508864641e-13,4.440892098500626e-16
105,2.0,2.075,hysteresis,613,4.547473508864641e-13,4.440892098500626e-16
105,2.0,2.1,raw,663,4.547473508864641e-13,1.1102230246251565e-16
105,2.0,2.1,hysteresis,606,4.547473508864641e-13,1.1102230246251565e-16
105,2.0,2.125,raw,663,4.547473508864641e-13,4.440892098500626e-16
105,2.0,2.125,hysteresis,594,4.547473508864641e-13,4.440892098500626e-16
105,2.0,2.15,raw,653,9.094947017729282e-13,3.3306690738754696e-16
105,2.0,2.15,hysteresis,598,9.094947017729282e-13,3.3306690738754696e-16
105,2.0,2.175,raw,662,4.547473508864641e-13,7.771561172376096e-16
105,2.0,2.175,hysteresis,598,4.547473508864641e-13,7.771561172376096e-16
105,2.0,2.2,raw,645,4.547473508864641e-13,9.992007221626409e-16
105,2.0,2.2,hysteresis,588,4.547473508864641e-13,9.992007221626409e-16
105,2.0,2.225,raw,641,9.094947017729282e-13,0.0
105,2.0,2.225,hysteresis,578,9.094947017729282e-13,0.0
105,2.0,2.25,raw,641,9.094947017729282e-13,0.0
105,2.0,2.25,hysteresis,576,9.094947017729282e-13,0.0
105,2.0,2.275,raw,640,9.094947017729282e-13,1.3322676295501878e-15
105,2.0,2.275,hysteresis,565,4.547473508864641e-13,1.3322676295501878e-15
105,2.0,2.3,raw,638,9.094947017729282e-13,6.661338147750939e-16
105,2.0,2.3,hysteresis,575,9.094947017729282e-13,6.661338147750939e-16
105,2.0,2.325,raw,636,9.094947017729282e-13,1.1102230246251565e-15
105,2.0,2.325,hysteresis,564,9.094947017729282e-13,1.1102230246251565e-15
105,2.0,2.3333333333333335,raw,636,9.094947017729282e-13,6.661338147750939e-16
105,2.0,2.3333333333333335,hysteresis,563,9.094947017729282e-13,6.661338147750939e-16
105,2.0,2.35,raw,625,4.547473508864641e-13,7.771561172376096e-16
105,2.0,2.35,hysteresis,563,4.547473508864641e-13,7.771561172376096e-16
105,2.0,2.375,raw,621,9.094947017729282e-13,8.881784197001252e-16
105,2.0,2.375,hysteresis,567,9.094947017729282e-13,8.881784197001252e-16
105,2.0,2.4,raw,627,9.094947017729282e-13,2.220446049250313e-16
105,2.0,2.4,hysteresis,554,9.094947017729282e-13,2.220446049250313e-16
105,2.0,2.414213562373095,raw,621,4.547473508864641e-13,2.220446049250313e-16
105,2.0,2.414213562373095,hysteresis,548,4.547473508864641e-13,2.220446049250313e-16
105,2.0,2.425,raw,615,9.094947017729282e-13,6.661338147750939e-16
105,2.0,2.425,hysteresis,558,9.094947017729282e-13,6.661338147750939e-16
105,2.0,2.45,raw,610,4.547473508864641e-13,3.3306690738754696e-16
105,2.0,2.45,hysteresis,549,2.2737367544323206e-13,3.3306690738754696e-16
105,2.0,2.475,raw,614,9.094947017729282e-13,2.220446049250313e-16
105,2.0,2.475,hysteresis,543,9.094947017729282e-13,2.220446049250313e-16
105,2.0,2.5,raw,618,9.094947017729282e-13,9.992007221626409e-16
105,2.0,2.5,hysteresis,542,9.094947017729282e-13,9.992007221626409e-16
105,2.0,2.525,raw,613,9.094947017729282e-13,3.3306690738754696e-16
105,2.0,2.525,hysteresis,542,9.094947017729282e-13,3.3306690738754696e-16
105,2.0,2.55,raw,599,4.547473508864641e-13,9.992007221626409e-16
105,2.0,2.55,hysteresis,529,2.2737367544323206e-13,9.992007221626409e-16
105,2.0,2.575,raw,620,9.094947017729282e-13,1.3322676295501878e-15
105,2.0,2.575,hysteresis,530,9.094947017729282e-13,1.3322676295501878e-15
105,2.0,2.6,raw,598,4.547473508864641e-13,2.220446049250313e-16
105,2.0,2.6,hysteresis,537,4.547473508864641e-13,2.220446049250313e-16
105,3.0,1.9,raw,809,4.547473508864641e-13,2.220446049250313e-16
105,3.0,1.9,hysteresis,772,4.547473508864641e-13,2.220446049250313e-16
105,3.0,1.925,raw,833,9.094947017729282e-13,1.1102230246251565e-15
105,3.0,1.925,hysteresis,772,9.094947017729282e-13,1.1102230246251565e-15
105,3.0,1.95,raw,810,4.547473508864641e-13,0.0
105,3.0,1.95,hysteresis,752,4.547473508864641e-13,0.0
105,3.0,1.975,raw,819,9.094947017729282e-13,2.220446049250313e-16
105,3.0,1.975,hysteresis,773,9.094947017729282e-13,2.220446049250313e-16
105,3.0,2.0,raw,834,9.094947017729282e-13,6.661338147750939e-16
105,3.0,2.0,hysteresis,773,9.094947017729282e-13,6.661338147750939e-16
105,3.0,2.025,raw,819,4.547473508864641e-13,0.0
105,3.0,2.025,hysteresis,753,4.547473508864641e-13,0.0
105,3.0,2.05,raw,817,4.547473508864641e-13,1.1102230246251565e-16
105,3.0,2.05,hysteresis,764,4.547473508864641e-13,1.1102230246251565e-16
105,3.0,2.075,raw,820,4.547473508864641e-13,2.220446049250313e-16
105,3.0,2.075,hysteresis,750,4.547473508864641e-13,2.220446049250313e-16
105,3.0,2.1,raw,808,9.094947017729282e-13,1.1102230246251565e-16
105,3.0,2.1,hysteresis,744,4.547473508864641e-13,1.1102230246251565e-16
105,3.0,2.125,raw,810,1.1368683772161603e-12,4.440892098500626e-16
105,3.0,2.125,hysteresis,737,1.1368683772161603e-12,4.440892098500626e-16
105,3.0,2.15,raw,797,9.094947017729282e-13,9.992007221626409e-16
105,3.0,2.15,hysteresis,726,4.547473508864641e-13,9.992007221626409e-16
105,3.0,2.175,raw,793,4.547473508864641e-13,1.1102230246251565e-16
105,3.0,2.175,hysteresis,725,4.547473508864641e-13,1.1102230246251565e-16
105,3.0,2.2,raw,801,9.094947017729282e-13,1.1102230246251565e-16
105,3.0,2.2,hysteresis,712,9.094947017729282e-13,1.1102230246251565e-16
105,3.0,2.225,raw,792,9.094947017729282e-13,0.0
105,3.0,2.225,hysteresis,717,9.094947017729282e-13,0.0
105,3.0,2.25,raw,794,4.547473508864641e-13,4.440892098500626e-16
105,3.0,2.25,hysteresis,712,4.547473508864641e-13,4.440892098500626e-16
105,3.0,2.275,raw,782,9.094947017729282e-13,2.220446049250313e-16
105,3.0,2.275,hysteresis,706,4.547473508864641e-13,2.220446049250313e-16
105,3.0,2.3,raw,779,4.547473508864641e-13,6.661338147750939e-16
105,3.0,2.3,hysteresis,701,4.547473508864641e-13,6.661338147750939e-16
105,3.0,2.325,raw,778,4.547473508864641e-13,7.771561172376096e-16
105,3.0,2.325,hysteresis,699,4.547473508864641e-13,7.771561172376096e-16
105,3.0,2.3333333333333335,raw,771,4.547473508864641e-13,6.661338147750939e-16
105,3.0,2.3333333333333335,hysteresis,685,4.547473508864641e-13,6.661338147750939e-16
105,3.0,2.35,raw,762,4.547473508864641e-13,7.771561172376096e-16
105,3.0,2.35,hysteresis,687,4.547473508864641e-13,7.771561172376096e-16
105,3.0,2.375,raw,773,4.547473508864641e-13,5.551115123125783e-16
105,3.0,2.375,hysteresis,685,4.547473508864641e-13,5.551115123125783e-16
105,3.0,2.4,raw,764,4.547473508864641e-13,2.220446049250313e-16
105,3.0,2.4,hysteresis,671,4.547473508864641e-13,2.220446049250313e-16
105,3.0,2.414213562373095,raw,761,9.094947017729282e-13,8.881784197001252e-16
105,3.0,2.414213562373095,hysteresis,676,4.547473508864641e-13,8.881784197001252e-16
105,3.0,2.425,raw,748,9.094947017729282e-13,7.771561172376096e-16
105,3.0,2.425,hysteresis,672,9.094947017729282e-13,7.771561172376096e-16
105,3.0,2.45,raw,732,9.094947017729282e-13,7.771561172376096e-16
105,3.0,2.45,hysteresis,658,9.094947017729282e-13,7.771561172376096e-16
105,3.0,2.475,raw,739,4.547473508864641e-13,2.220446049250313e-16
105,3.0,2.475,hysteresis,669,4.547473508864641e-13,2.220446049250313e-16
105,3.0,2.5,raw,737,9.094947017729282e-13,7.771561172376096e-16
105,3.0,2.5,hysteresis,658,9.094947017729282e-13,7.771561172376096e-16
105,3.0,2.525,raw,741,9.094947017729282e-13,6.661338147750939e-16
105,3.0,2.525,hysteresis,653,9.094947017729282e-13,6.661338147750939e-16
105,3.0,2.55,raw,736,4.547473508864641e-13,1.3322676295501878e-15
105,3.0,2.55,hysteresis,652,4.547473508864641e-13,1.3322676295501878e-15
105,3.0,2.575,raw,727,4.547473508864641e-13,2.220446049250313e-16
105,3.0,2.575,hysteresis,652,4.547473508864641e-13,2.220446049250313e-16
105,3.0,2.6,raw,719,4.547473508864641e-13,2.220446049250313e-16
105,3.0,2.6,hysteresis,633,4.547473508864641e-13,2.220446049250313e-16
105,4.0,1.9,raw,881,9.094947017729282e-13,2.220446049250313e-16
105,4.0,1.9,hysteresis,853,4.547473508864641e-13,2.220446049250313e-16
105,4.0,1.925,raw,884,9.094947017729282e-13,2.220446049250313e-16
105,4.0,1.925,hysteresis,857,9.094947017729282e-13,2.220446049250313e-16
105,4.0,1.95,raw,892,4.547473508864641e-13,8.881784197001252e-16
105,4.0,1.95,hysteresis,849,4.547473508864641e-13,8.881784197001252e-16
105,4.0,1.975,raw,905,9.094947017729282e-13,2.220446049250313e-16
105,4.0,1.975,hysteresis,865,9.094947017729282e-13,2.220446049250313e-16
105,4.0,2.0,raw,909,9.094947017729282e-13,6.661338147750939e-16
105,4.0,2.0,hysteresis,872,4.547473508864641e-13,6.661338147750939e-16
105,4.0,2.025,raw,906,4.547473508864641e-13,4.440892098500626e-16
105,4.0,2.025,hysteresis,858,4.547473508864641e-13,4.440892098500626e-16
105,4.0,2.05,raw,912,9.094947017729282e-13,6.661338147750939e-16
105,4.0,2.05,hysteresis,865,9.094947017729282e-13,6.661338147750939e-16
105,4.0,2.075,raw,910,4.547473508864641e-13,0.0
105,4.0,2.075,hysteresis,869,4.547473508864641e-13,0.0
105,4.0,2.1,raw,918,4.547473508864641e-13,8.881784197001252e-16
105,4.0,2.1,hysteresis,882,4.547473508864641e-13,8.881784197001252e-16
105,4.0,2.125,raw,909,9.094947017729282e-13,1.1102230246251565e-15
105,4.0,2.125,hysteresis,862,9.094947017729282e-13,1.1102230246251565e-15
105,4.0,2.15,raw,919,4.547473508864641e-13,1.1102230246251565e-15
105,4.0,2.15,hysteresis,847,4.547473508864641e-13,1.1102230246251565e-15
105,4.0,2.175,raw,909,9.094947017729282e-13,6.661338147750939e-16
105,4.0,2.175,hysteresis,844,4.547473508864641e-13,6.661338147750939e-16
105,4.0,2.2,raw,909,9.094947017729282e-13,6.661338147750939e-16
105,4.0,2.2,hysteresis,844,9.094947017729282e-13,6.661338147750939e-16
105,4.0,2.225,raw,911,4.547473508864641e-13,2.220446049250313e-16
105,4.0,2.225,hysteresis,846,4.547473508864641e-13,2.220446049250313e-16
105,4.0,2.25,raw,912,4.547473508864641e-13,8.881784197001252e-16
105,4.0,2.25,hysteresis,847,4.547473508864641e-13,8.881784197001252e-16
105,4.0,2.275,raw,914,4.547473508864641e-13,4.440892098500626e-16
105,4.0,2.275,hysteresis,836,4.547473508864641e-13,4.440892098500626e-16
105,4.0,2.3,raw,887,9.094947017729282e-13,3.3306690738754696e-16
105,4.0,2.3,hysteresis,823,9.094947017729282e-13,3.3306690738754696e-16
105,4.0,2.325,raw,911,4.547473508864641e-13,3.3306690738754696e-16
105,4.0,2.325,hysteresis,839,4.547473508864641e-13,3.3306690738754696e-16
105,4.0,2.3333333333333335,raw,900,4.547473508864641e-13,1.887379141862766e-15
105,4.0,2.3333333333333335,hysteresis,823,4.547473508864641e-13,1.887379141862766e-15
105,4.0,2.35,raw,889,9.094947017729282e-13,6.661338147750939e-16
105,4.0,2.35,hysteresis,809,9.094947017729282e-13,6.661338147750939e-16
105,4.0,2.375,raw,900,9.094947017729282e-13,4.440892098500626e-16
105,4.0,2.375,hysteresis,814,9.094947017729282e-13,4.440892098500626e-16
105,4.0,2.4,raw,909,4.547473508864641e-13,3.3306690738754696e-16
105,4.0,2.4,hysteresis,802,4.547473508864641e-13,3.3306690738754696e-16
105,4.0,2.414213562373095,raw,900,9.094947017729282e-13,1.1102230246251565e-15
105,4.0,2.414213562373095,hysteresis,797,9.094947017729282e-13,1.1102230246251565e-15
105,4.0,2.425,raw,882,9.094947017729282e-13,6.661338147750939e-16
105,4.0,2.425,hysteresis,797,9.094947017729282e-13,6.661338147750939e-16
105,4.0,2.45,raw,877,4.547473508864641e-13,4.440892098500626e-16
105,4.0,2.45,hysteresis,768,4.547473508864641e-13,4.440892098500626e-16
105,4.0,2.475,raw,896,9.094947017729282e-13,3.3306690738754696e-16
105,4.0,2.475,hysteresis,798,9.094947017729282e-13,3.3306690738754696e-16
105,4.0,2.5,raw,883,9.094947017729282e-13,4.440892098500626e-16
105,4.0,2.5,hysteresis,788,4.547473508864641e-13,4.440892098500626e-16
105,4.0,2.525,raw,866,9.094947017729282e-13,4.440892098500626e-16
105,4.0,2.525,hysteresis,777,9.094947017729282e-13,4.440892098500626e-16
105,4.0,2.55,raw,857,9.094947017729282e-13,3.3306690738754696e-16
105,4.0,2.55,hysteresis,757,4.547473508864641e-13,3.3306690738754696e-16
105,4.0,2.575,raw,849,4.547473508864641e-13,3.3306690738754696e-16
105,4.0,2.575,hysteresis,767,4.547473508864641e-13,3.3306690738754696e-16
105,4.0,2.6,raw,842,9.094947017729282e-13,1.1102230246251565e-16
105,4.0,2.6,hysteresis,752,9.094947017729282e-13,1.1102230246251565e-16
106,0.0,1.9,raw,481,0.0,0.0
106,0.0,1.9,hysteresis,455,0.0,0.0
106,0.0,1.925,raw,481,0.0,0.0
106,0.0,1.925,hysteresis,455,0.0,0.0
106,0.0,1.95,raw,481,0.0,0.0
106,0.0,1.95,hysteresis,455,0.0,0.0
106,0.0,1.975,raw,481,0.0,0.0
106,0.0,1.975,hysteresis,455,0.0,0.0
106,0.0,2.0,raw,481,0.0,0.0
106,0.0,2.0,hysteresis,455,0.0,0.0
106,0.0,2.025,raw,481,0.0,0.0
106,0.0,2.025,hysteresis,455,0.0,0.0
106,0.0,2.05,raw,481,0.0,0.0
106,0.0,2.05,hysteresis,455,0.0,0.0
106,0.0,2.075,raw,481,0.0,0.0
106,0.0,2.075,hysteresis,455,0.0,0.0
106,0.0,2.1,raw,481,0.0,0.0
106,0.0,2.1,hysteresis,455,0.0,0.0
106,0.0,2.125,raw,481,0.0,0.0
106,0.0,2.125,hysteresis,455,0.0,0.0
106,0.0,2.15,raw,481,0.0,0.0
106,0.0,2.15,hysteresis,455,0.0,0.0
106,0.0,2.175,raw,481,0.0,0.0
106,0.0,2.175,hysteresis,455,0.0,0.0
106,0.0,2.2,raw,481,0.0,0.0
106,0.0,2.2,hysteresis,455,0.0,0.0
106,0.0,2.225,raw,481,0.0,0.0
106,0.0,2.225,hysteresis,455,0.0,0.0
106,0.0,2.25,raw,481,0.0,0.0
106,0.0,2.25,hysteresis,455,0.0,0.0
106,0.0,2.275,raw,481,0.0,0.0
106,0.0,2.275,hysteresis,455,0.0,0.0
106,0.0,2.3,raw,481,0.0,0.0
106,0.0,2.3,hysteresis,455,0.0,0.0
106,0.0,2.325,raw,481,0.0,0.0
106,0.0,2.325,hysteresis,455,0.0,0.0
106,0.0,2.3333333333333335,raw,481,0.0,0.0
106,0.0,2.3333333333333335,hysteresis,455,0.0,0.0
106,0.0,2.35,raw,481,0.0,0.0
106,0.0,2.35,hysteresis,455,0.0,0.0
106,0.0,2.375,raw,481,0.0,0.0
106,0.0,2.375,hysteresis,455,0.0,0.0
106,0.0,2.4,raw,481,0.0,0.0
106,0.0,2.4,hysteresis,455,0.0,0.0
106,0.0,2.414213562373095,raw,481,0.0,0.0
106,0.0,2.414213562373095,hysteresis,455,0.0,0.0
106,0.0,2.425,raw,481,0.0,0.0
106,0.0,2.425,hysteresis,455,0.0,0.0
106,0.0,2.45,raw,481,0.0,0.0
106,0.0,2.45,hysteresis,455,0.0,0.0
106,0.0,2.475,raw,481,0.0,0.0
106,0.0,2.475,hysteresis,455,0.0,0.0
106,0.0,2.5,raw,481,0.0,0.0
106,0.0,2.5,hysteresis,455,0.0,0.0
106,0.0,2.525,raw,481,0.0,0.0
106,0.0,2.525,hysteresis,455,0.0,0.0
106,0.0,2.55,raw,481,0.0,0.0
106,0.0,2.55,hysteresis,455,0.0,0.0
106,0.0,2.575,raw,481,0.0,0.0
106,0.0,2.575,hysteresis,455,0.0,0.0
106,0.0,2.6,raw,481,0.0,0.0
106,0.0,2.6,hysteresis,455,0.0,0.0
106,1.0,1.9,raw,563,9.094947017729282e-13,2.220446049250313e-16
106,1.0,1.9,hysteresis,523,9.094947017729282e-13,2.220446049250313e-16
106,1.0,1.925,raw,565,9.094947017729282e-13,6.661338147750939e-16
106,1.0,1.925,hysteresis,515,9.094947017729282e-13,6.661338147750939e-16
106,1.0,1.95,raw,562,4.547473508864641e-13,4.440892098500626e-16
106,1.0,1.95,hysteresis,522,4.547473508864641e-13,4.440892098500626e-16
106,1.0,1.975,raw,568,4.547473508864641e-13,1.5543122344752192e-15
106,1.0,1.975,hysteresis,517,4.547473508864641e-13,1.5543122344752192e-15
106,1.0,2.0,raw,563,4.547473508864641e-13,5.551115123125783e-16
106,1.0,2.0,hysteresis,514,4.547473508864641e-13,5.551115123125783e-16
106,1.0,2.025,raw,552,9.094947017729282e-13,7.771561172376096e-16
106,1.0,2.025,hysteresis,508,9.094947017729282e-13,7.771561172376096e-16
106,1.0,2.05,raw,545,9.094947017729282e-13,6.661338147750939e-16
106,1.0,2.05,hysteresis,506,9.094947017729282e-13,6.661338147750939e-16
106,1.0,2.075,raw,551,4.547473508864641e-13,1.2212453270876722e-15
106,1.0,2.075,hysteresis,511,4.547473508864641e-13,1.2212453270876722e-15
106,1.0,2.1,raw,554,4.547473508864641e-13,7.771561172376096e-16
106,1.0,2.1,hysteresis,504,4.547473508864641e-13,7.771561172376096e-16
106,1.0,2.125,raw,541,4.547473508864641e-13,9.992007221626409e-16
106,1.0,2.125,hysteresis,511,4.547473508864641e-13,9.992007221626409e-16
106,1.0,2.15,raw,552,4.547473508864641e-13,0.0
106,1.0,2.15,hysteresis,509,4.547473508864641e-13,0.0
106,1.0,2.175,raw,539,9.094947017729282e-13,9.992007221626409e-16
106,1.0,2.175,hysteresis,498,9.094947017729282e-13,9.992007221626409e-16
106,1.0,2.2,raw,549,4.547473508864641e-13,2.220446049250313e-16
106,1.0,2.2,hysteresis,500,4.547473508864641e-13,2.220446049250313e-16
106,1.0,2.225,raw,547,4.547473508864641e-13,4.440892098500626e-16
106,1.0,2.225,hysteresis,497,4.547473508864641e-13,4.440892098500626e-16
106,1.0,2.25,raw,545,4.547473508864641e-13,3.3306690738754696e-16
106,1.0,2.25,hysteresis,495,4.547473508864641e-13,3.3306690738754696e-16
106,1.0,2.275,raw,540,4.547473508864641e-13,2.220446049250313e-16
106,1.0,2.275,hysteresis,495,4.547473508864641e-13,2.220446049250313e-16
106,1.0,2.3,raw,537,4.547473508864641e-13,4.440892098500626e-16
106,1.0,2.3,hysteresis,496,4.547473508864641e-13,4.440892098500626e-16
106,1.0,2.325,raw,535,4.547473508864641e-13,0.0
106,1.0,2.325,hysteresis,493,4.547473508864641e-13,0.0
106,1.0,2.3333333333333335,raw,542,9.094947017729282e-13,7.771561172376096e-16
106,1.0,2.3333333333333335,hysteresis,499,9.094947017729282e-13,7.771561172376096e-16
106,1.0,2.35,raw,544,9.094947017729282e-13,4.440892098500626e-16
106,1.0,2.35,hysteresis,492,9.094947017729282e-13,4.440892098500626e-16
106,1.0,2.375,raw,532,9.094947017729282e-13,2.220446049250313e-16
106,1.0,2.375,hysteresis,489,9.094947017729282e-13,2.220446049250313e-16
106,1.0,2.4,raw,533,1.3642420526593924e-12,6.661338147750939e-16
106,1.0,2.4,hysteresis,490,1.3642420526593924e-12,6.661338147750939e-16
106,1.0,2.414213562373095,raw,533,4.547473508864641e-13,4.440892098500626e-16
106,1.0,2.414213562373095,hysteresis,490,4.547473508864641e-13,4.440892098500626e-16
106,1.0,2.425,raw,532,9.094947017729282e-13,3.3306690738754696e-16
106,1.0,2.425,hysteresis,488,9.094947017729282e-13,3.3306690738754696e-16
106,1.0,2.45,raw,535,4.547473508864641e-13,5.551115123125783e-16
106,1.0,2.45,hysteresis,487,4.547473508864641e-13,5.551115123125783e-16
106,1.0,2.475,raw,541,9.094947017729282e-13,5.551115123125783e-16
106,1.0,2.475,hysteresis,488,9.094947017729282e-13,5.551115123125783e-16
106,1.0,2.5,raw,529,4.547473508864641e-13,2.220446049250313e-16
106,1.0,2.5,hysteresis,484,4.547473508864641e-13,2.220446049250313e-16
106,1.0,2.525,raw,527,4.547473508864641e-13,7.771561172376096e-16
106,1.0,2.525,hysteresis,483,4.547473508864641e-13,7.771561172376096e-16
106,1.0,2.55,raw,537,4.547473508864641e-13,9.992007221626409e-16
106,1.0,2.55,hysteresis,480,4.547473508864641e-13,9.992007221626409e-16
106,1.0,2.575,raw,530,4.547473508864641e-13,4.440892098500626e-16
106,1.0,2.575,hysteresis,477,4.547473508864641e-13,4.440892098500626e-16
106,1.0,2.6,raw,529,4.547473508864641e-13,2.220446049250313e-16
106,1.0,2.6,hysteresis,480,4.547473508864641e-13,2.220446049250313e-16
106,1.5,1.9,raw,651,9.094947017729282e-13,5.551115123125783e-16
106,1.5,1.9,hysteresis,598,9.094947017729282e-13,5.551115123125783e-16
106,1.5,1.925,raw,649,4.547473508864641e-13,4.440892098500626e-16
106,1.5,1.925,hysteresis,588,4.547473508864641e-13,4.440892098500626e-16
106,1.5,1.95,raw,641,9.094947017729282e-13,4.440892098500626e-16
106,1.5,1.95,hysteresis,590,9.094947017729282e-13,4.440892098500626e-16
106,1.5,1.975,raw,634,4.547473508864641e-13,3.3306690738754696e-16
106,1.5,1.975,hysteresis,572,4.547473508864641e-13,3.3306690738754696e-16
106,1.5,2.0,raw,639,4.547473508864641e-13,4.440892098500626e-16
106,1.5,2.0,hysteresis,588,4.547473508864641e-13,4.440892098500626e-16
106,1.5,2.025,raw,625,9.094947017729282e-13,3.3306690738754696e-16
106,1.5,2.025,hysteresis,579,9.094947017729282e-13,3.3306690738754696e-16
106,1.5,2.05,raw,625,9.094947017729282e-13,6.661338147750939e-16
106,1.5,2.05,hysteresis,570,4.547473508864641e-13,6.661338147750939e-16
106,1.5,2.075,raw,615,4.547473508864641e-13,1.1102230246251565e-15
106,1.5,2.075,hysteresis,563,4.547473508864641e-13,1.1102230246251565e-15
106,1.5,2.1,raw,615,4.547473508864641e-13,7.771561172376096e-16
106,1.5,2.1,hysteresis,562,4.547473508864641e-13,7.771561172376096e-16
106,1.5,2.125,raw,608,9.094947017729282e-13,6.661338147750939e-16
106,1.5,2.125,hysteresis,565,4.547473508864641e-13,6.661338147750939e-16
106,1.5,2.15,raw,613,9.094947017729282e-13,4.440892098500626e-16
106,1.5,2.15,hysteresis,561,4.547473508864641e-13,4.440892098500626e-16
106,1.5,2.175,raw,618,4.547473508864641e-13,3.3306690738754696e-16
106,1.5,2.175,hysteresis,555,4.547473508864641e-13,3.3306690738754696e-16
106,1.5,2.2,raw,614,4.547473508864641e-13,2.220446049250313e-16
106,1.5,2.2,hysteresis,560,4.547473508864641e-13,2.220446049250313e-16
106,1.5,2.225,raw,604,4.547473508864641e-13,8.881784197001252e-16
106,1.5,2.225,hysteresis,548,4.547473508864641e-13,8.881784197001252e-16
106,1.5,2.25,raw,607,4.547473508864641e-13,1.2212453270876722e-15
106,1.5,2.25,hysteresis,552,4.547473508864641e-13,1.2212453270876722e-15
106,1.5,2.275,raw,600,4.547473508864641e-13,1.1102230246251565e-16
106,1.5,2.275,hysteresis,540,4.547473508864641e-13,1.1102230246251565e-16
106,1.5,2.3,raw,589,9.094947017729282e-13,1.1102230246251565e-16
106,1.5,2.3,hysteresis,540,9.094947017729282e-13,1.1102230246251565e-16
106,1.5,2.325,raw,604,9.094947017729282e-13,4.440892098500626e-16
106,1.5,2.325,hysteresis,538,9.094947017729282e-13,4.440892098500626e-16
106,1.5,2.3333333333333335,raw,598,4.547473508864641e-13,2.220446049250313e-16
106,1.5,2.3333333333333335,hysteresis,541,4.547473508864641e-13,2.220446049250313e-16
106,1.5,2.35,raw,589,4.547473508864641e-13,7.771561172376096e-16
106,1.5,2.35,hysteresis,535,4.547473508864641e-13,7.771561172376096e-16
106,1.5,2.375,raw,597,9.094947017729282e-13,7.771561172376096e-16
106,1.5,2.375,hysteresis,545,9.094947017729282e-13,7.771561172376096e-16
106,1.5,2.4,raw,595,4.547473508864641e-13,6.661338147750939e-16
106,1.5,2.4,hysteresis,542,4.547473508864641e-13,6.661338147750939e-16
106,1.5,2.414213562373095,raw,596,4.547473508864641e-13,9.992007221626409e-16
106,1.5,2.414213562373095,hysteresis,537,4.547473508864641e-13,9.992007221626409e-16
106,1.5,2.425,raw,586,4.547473508864641e-13,9.992007221626409e-16
106,1.5,2.425,hysteresis,531,4.547473508864641e-13,9.992007221626409e-16
106,1.5,2.45,raw,589,4.547473508864641e-13,4.440892098500626e-16
106,1.5,2.45,hysteresis,527,4.547473508864641e-13,4.440892098500626e-16
106,1.5,2.475,raw,594,9.094947017729282e-13,3.3306690738754696e-16
106,1.5,2.475,hysteresis,533,9.094947017729282e-13,3.3306690738754696e-16
106,1.5,2.5,raw,582,9.094947017729282e-13,7.771561172376096e-16
106,1.5,2.5,hysteresis,521,9.094947017729282e-13,7.771561172376096e-16
106,1.5,2.525,raw,584,4.547473508864641e-13,7.771561172376096e-16
106,1.5,2.525,hysteresis,522,4.547473508864641e-13,7.771561172376096e-16
106,1.5,2.55,raw,577,4.547473508864641e-13,3.3306690738754696e-16
106,1.5,2.55,hysteresis,519,4.547473508864641e-13,3.3306690738754696e-16
106,1.5,2.575,raw,581,4.547473508864641e-13,1.1102230246251565e-16
106,1.5,2.575,hysteresis,516,4.547473508864641e-13,1.1102230246251565e-16
106,1.5,2.6,raw,572,9.094947017729282e-13,2.220446049250313e-16
106,1.5,2.6,hysteresis,512,9.094947017729282e-13,2.220446049250313e-16
106,2.0,1.9,raw,725,9.094947017729282e-13,3.3306690738754696e-16
106,2.0,1.9,hysteresis,665,9.094947017729282e-13,3.3306690738754696e-16
106,2.0,1.925,raw,735,9.094947017729282e-13,7.771561172376096e-16
106,2.0,1.925,hysteresis,677,9.094947017729282e-13,7.771561172376096e-16
106,2.0,1.95,raw,733,4.547473508864641e-13,4.440892098500626e-16
106,2.0,1.95,hysteresis,665,4.547473508864641e-13,4.440892098500626e-16
106,2.0,1.975,raw,714,9.094947017729282e-13,2.220446049250313e-16
106,2.0,1.975,hysteresis,647,4.547473508864641e-13,2.220446049250313e-16
106,2.0,2.0,raw,721,4.547473508864641e-13,1.1102230246251565e-15
106,2.0,2.0,hysteresis,659,4.547473508864641e-13,1.1102230246251565e-15
106,2.0,2.025,raw,706,9.094947017729282e-13,1.1102230246251565e-16
106,2.0,2.025,hysteresis,647,9.094947017729282e-13,1.1102230246251565e-16
106,2.0,2.05,raw,708,9.094947017729282e-13,7.771561172376096e-16
106,2.0,2.05,hysteresis,648,9.094947017729282e-13,7.771561172376096e-16
106,2.0,2.075,raw,698,9.094947017729282e-13,0.0
106,2.0,2.075,hysteresis,641,9.094947017729282e-13,0.0
106,2.0,2.1,raw,713,4.547473508864641e-13,1.1102230246251565e-16
106,2.0,2.1,hysteresis,653,4.547473508864641e-13,1.1102230246251565e-16
106,2.0,2.125,raw,697,4.547473508864641e-13,1.1102230246251565e-16
106,2.0,2.125,hysteresis,623,4.547473508864641e-13,1.1102230246251565e-16
106,2.0,2.15,raw,698,9.094947017729282e-13,0.0
106,2.0,2.15,hysteresis,640,9.094947017729282e-13,0.0
106,2.0,2.175,raw,702,4.547473508864641e-13,5.551115123125783e-16
106,2.0,2.175,hysteresis,625,4.547473508864641e-13,5.551115123125783e-16
106,2.0,2.2,raw,684,4.547473508864641e-13,7.771561172376096e-16
106,2.0,2.2,hysteresis,613,4.547473508864641e-13,7.771561172376096e-16
106,2.0,2.225,raw,680,4.547473508864641e-13,4.440892098500626e-16
106,2.0,2.225,hysteresis,615,4.547473508864641e-13,4.440892098500626e-16
106,2.0,2.25,raw,680,4.547473508864641e-13,1.1102230246251565e-16
106,2.0,2.25,hysteresis,609,4.547473508864641e-13,1.1102230246251565e-16
106,2.0,2.275,raw,672,9.094947017729282e-13,1.2212453270876722e-15
106,2.0,2.275,hysteresis,615,9.094947017729282e-13,1.2212453270876722e-15
106,2.0,2.3,raw,662,4.547473508864641e-13,4.440892098500626e-16
106,2.0,2.3,hysteresis,603,4.547473508864641e-13,4.440892098500626e-16
106,2.0,2.325,raw,666,9.094947017729282e-13,6.661338147750939e-16
106,2.0,2.325,hysteresis,597,9.094947017729282e-13,6.661338147750939e-16
106,2.0,2.3333333333333335,raw,660,9.094947017729282e-13,9.992007221626409e-16
106,2.0,2.3333333333333335,hysteresis,591,9.094947017729282e-13,9.992007221626409e-16
106,2.0,2.35,raw,662,4.547473508864641e-13,3.3306690738754696e-16
106,2.0,2.35,hysteresis,582,4.547473508864641e-13,3.3306690738754696e-16
106,2.0,2.375,raw,665,9.094947017729282e-13,4.440892098500626e-16
106,2.0,2.375,hysteresis,591,9.094947017729282e-13,4.440892098500626e-16
106,2.0,2.4,raw,662,4.547473508864641e-13,4.440892098500626e-16
106,2.0,2.4,hysteresis,593,4.547473508864641e-13,4.440892098500626e-16
106,2.0,2.414213562373095,raw,664,4.547473508864641e-13,1.1102230246251565e-16
106,2.0,2.414213562373095,hysteresis,588,4.547473508864641e-13,1.1102230246251565e-16
106,2.0,2.425,raw,655,4.547473508864641e-13,2.220446049250313e-16
106,2.0,2.425,hysteresis,584,4.547473508864641e-13,2.220446049250313e-16
106,2.0,2.45,raw,653,9.094947017729282e-13,6.661338147750939e-16
106,2.0,2.45,hysteresis,580,9.094947017729282e-13,6.661338147750939e-16
106,2.0,2.475,raw,659,4.547473508864641e-13,3.3306690738754696e-16
106,2.0,2.475,hysteresis,593,4.547473508864641e-13,3.3306690738754696e-16
106,2.0,2.5,raw,642,4.547473508864641e-13,1.1102230246251565e-16
106,2.0,2.5,hysteresis,575,4.547473508864641e-13,1.1102230246251565e-16
106,2.0,2.525,raw,646,4.547473508864641e-13,9.992007221626409e-16
106,2.0,2.525,hysteresis,577,4.547473508864641e-13,9.992007221626409e-16
106,2.0,2.55,raw,638,4.547473508864641e-13,4.440892098500626e-16
106,2.0,2.55,hysteresis,567,4.547473508864641e-13,4.440892098500626e-16
106,2.0,2.575,raw,640,9.094947017729282e-13,6.661338147750939e-16
106,2.0,2.575,hysteresis,572,9.094947017729282e-13,6.661338147750939e-16
106,2.0,2.6,raw,632,9.094947017729282e-13,2.220446049250313e-16
106,2.0,2.6,hysteresis,561,9.094947017729282e-13,2.220446049250313e-16
106,3.0,1.9,raw,838,9.094947017729282e-13,8.881784197001252e-16
106,3.0,1.9,hysteresis,786,9.094947017729282e-13,8.881784197001252e-16
106,3.0,1.925,raw,834,4.547473508864641e-13,2.220446049250313e-16
106,3.0,1.925,hysteresis,791,4.547473508864641e-13,2.220446049250313e-16
106,3.0,1.95,raw,839,9.094947017729282e-13,2.220446049250313e-16
106,3.0,1.95,hysteresis,796,9.094947017729282e-13,2.220446049250313e-16
106,3.0,1.975,raw,837,9.094947017729282e-13,4.440892098500626e-16
106,3.0,1.975,hysteresis,789,9.094947017729282e-13,4.440892098500626e-16
106,3.0,2.0,raw,838,9.094947017729282e-13,1.1102230246251565e-15
106,3.0,2.0,hysteresis,794,9.094947017729282e-13,1.1102230246251565e-15
106,3.0,2.025,raw,841,9.094947017729282e-13,9.992007221626409e-16
106,3.0,2.025,hysteresis,791,9.094947017729282e-13,9.992007221626409e-16
106,3.0,2.05,raw,830,9.094947017729282e-13,1.1102230246251565e-16
106,3.0,2.05,hysteresis,776,9.094947017729282e-13,1.1102230246251565e-16
106,3.0,2.075,raw,827,4.547473508864641e-13,1.1102230246251565e-16
106,3.0,2.075,hysteresis,780,2.2737367544323206e-13,1.1102230246251565e-16
106,3.0,2.1,raw,838,9.094947017729282e-13,7.771561172376096e-16
106,3.0,2.1,hysteresis,769,9.094947017729282e-13,7.771561172376096e-16
106,3.0,2.125,raw,833,4.547473508864641e-13,0.0
106,3.0,2.125,hysteresis,775,4.547473508864641e-13,0.0
106,3.0,2.15,raw,829,4.547473508864641e-13,3.3306690738754696e-16
106,3.0,2.15,hysteresis,780,4.547473508864641e-13,3.3306690738754696e-16
106,3.0,2.175,raw,825,4.547473508864641e-13,4.440892098500626e-16
106,3.0,2.175,hysteresis,761,4.547473508864641e-13,4.440892098500626e-16
106,3.0,2.2,raw,828,4.547473508864641e-13,1.1102230246251565e-16
106,3.0,2.2,hysteresis,763,4.547473508864641e-13,1.1102230246251565e-16
106,3.0,2.225,raw,827,9.094947017729282e-13,4.440892098500626e-16
106,3.0,2.225,hysteresis,747,9.094947017729282e-13,4.440892098500626e-16
106,3.0,2.25,raw,824,6.821210263296962e-13,8.881784197001252e-16
106,3.0,2.25,hysteresis,753,4.547473508864641e-13,8.881784197001252e-16
106,3.0,2.275,raw,816,9.094947017729282e-13,7.771561172376096e-16
106,3.0,2.275,hysteresis,740,9.094947017729282e-13,7.771561172376096e-16
106,3.0,2.3,raw,817,4.547473508864641e-13,6.661338147750939e-16
106,3.0,2.3,hysteresis,734,4.547473508864641e-13,6.661338147750939e-16
106,3.0,2.325,raw,821,9.094947017729282e-13,1.1102230246251565e-16
106,3.0,2.325,hysteresis,734,9.094947017729282e-13,1.1102230246251565e-16
106,3.0,2.3333333333333335,raw,808,9.094947017729282e-13,1.1102230246251565e-16
106,3.0,2.3333333333333335,hysteresis,722,9.094947017729282e-13,1.1102230246251565e-16
106,3.0,2.35,raw,809,9.094947017729282e-13,6.661338147750939e-16
106,3.0,2.35,hysteresis,733,9.094947017729282e-13,6.661338147750939e-16
106,3.0,2.375,raw,815,9.094947017729282e-13,1.1102230246251565e-15
106,3.0,2.375,hysteresis,728,9.094947017729282e-13,1.1102230246251565e-15
106,3.0,2.4,raw,812,9.094947017729282e-13,1.887379141862766e-15
106,3.0,2.4,hysteresis,716,9.094947017729282e-13,1.887379141862766e-15
106,3.0,2.414213562373095,raw,818,9.094947017729282e-13,6.661338147750939e-16
106,3.0,2.414213562373095,hysteresis,734,9.094947017729282e-13,6.661338147750939e-16
106,3.0,2.425,raw,801,9.094947017729282e-13,6.661338147750939e-16
106,3.0,2.425,hysteresis,714,9.094947017729282e-13,6.661338147750939e-16
106,3.0,2.45,raw,795,4.547473508864641e-13,4.440892098500626e-16
106,3.0,2.45,hysteresis,716,4.547473508864641e-13,4.440892098500626e-16
106,3.0,2.475,raw,801,4.547473508864641e-13,8.881784197001252e-16
106,3.0,2.475,hysteresis,712,4.547473508864641e-13,8.881784197001252e-16
106,3.0,2.5,raw,794,4.547473508864641e-13,3.3306690738754696e-16
106,3.0,2.5,hysteresis,708,4.547473508864641e-13,3.3306690738754696e-16
106,3.0,2.525,raw,792,4.547473508864641e-13,1.1102230246251565e-16
106,3.0,2.525,hysteresis,702,4.547473508864641e-13,1.1102230246251565e-16
106,3.0,2.55,raw,774,4.547473508864641e-13,1.2212453270876722e-15
106,3.0,2.55,hysteresis,694,4.547473508864641e-13,1.2212453270876722e-15
106,3.0,2.575,raw,759,9.094947017729282e-13,2.220446049250313e-16
106,3.0,2.575,hysteresis,686,9.094947017729282e-13,2.220446049250313e-16
106,3.0,2.6,raw,770,4.547473508864641e-13,6.661338147750939e-16
106,3.0,2.6,hysteresis,675,4.547473508864641e-13,6.661338147750939e-16
106,4.0,1.9,raw,888,4.547473508864641e-13,2.220446049250313e-16
106,4.0,1.9,hysteresis,866,4.547473508864641e-13,2.220446049250313e-16
106,4.0,1.925,raw,899,4.547473508864641e-13,1.9984014443252818e-15
106,4.0,1.925,hysteresis,861,4.547473508864641e-13,1.9984014443252818e-15
106,4.0,1.95,raw,901,4.547473508864641e-13,2.220446049250313e-16
106,4.0,1.95,hysteresis,864,4.547473508864641e-13,2.220446049250313e-16
106,4.0,1.975,raw,907,9.094947017729282e-13,0.0
106,4.0,1.975,hysteresis,870,9.094947017729282e-13,0.0
106,4.0,2.0,raw,908,4.547473508864641e-13,4.440892098500626e-16
106,4.0,2.0,hysteresis,877,4.547473508864641e-13,4.440892098500626e-16
106,4.0,2.025,raw,911,4.547473508864641e-13,1.5543122344752192e-15
106,4.0,2.025,hysteresis,891,4.547473508864641e-13,1.5543122344752192e-15
106,4.0,2.05,raw,916,9.094947017729282e-13,6.661338147750939e-16
106,4.0,2.05,hysteresis,869,9.094947017729282e-13,6.661338147750939e-16
106,4.0,2.075,raw,921,9.094947017729282e-13,1.3322676295501878e-15
106,4.0,2.075,hysteresis,873,9.094947017729282e-13,1.3322676295501878e-15
106,4.0,2.1,raw,921,9.094947017729282e-13,1.1102230246251565e-15
106,4.0,2.1,hysteresis,880,9.094947017729282e-13,1.1102230246251565e-15
106,4.0,2.125,raw,926,9.094947017729282e-13,2.220446049250313e-16
106,4.0,2.125,hysteresis,877,9.094947017729282e-13,2.220446049250313e-16
106,4.0,2.15,raw,934,9.094947017729282e-13,8.881784197001252e-16
106,4.0,2.15,hysteresis,879,9.094947017729282e-13,8.881784197001252e-16
106,4.0,2.175,raw,920,9.094947017729282e-13,1.1102230246251565e-15
106,4.0,2.175,hysteresis,876,9.094947017729282e-13,1.1102230246251565e-15
106,4.0,2.2,raw,931,4.547473508864641e-13,4.440892098500626e-16
106,4.0,2.2,hysteresis,881,4.547473508864641e-13,4.440892098500626e-16
106,4.0,2.225,raw,923,9.094947017729282e-13,2.220446049250313e-16
106,4.0,2.225,hysteresis,873,9.094947017729282e-13,2.220446049250313e-16
106,4.0,2.25,raw,929,9.094947017729282e-13,1.1102230246251565e-15
106,4.0,2.25,hysteresis,875,9.094947017729282e-13,1.1102230246251565e-15
106,4.0,2.275,raw,923,4.547473508864641e-13,6.661338147750939e-16
106,4.0,2.275,hysteresis,869,4.547473508864641e-13,6.661338147750939e-16
106,4.0,2.3,raw,922,4.547473508864641e-13,0.0
106,4.0,2.3,hysteresis,869,4.547473508864641e-13,0.0
106,4.0,2.325,raw,939,4.547473508864641e-13,2.220446049250313e-16
106,4.0,2.325,hysteresis,867,4.547473508864641e-13,2.220446049250313e-16
106,4.0,2.3333333333333335,raw,920,4.547473508864641e-13,9.992007221626409e-16
106,4.0,2.3333333333333335,hysteresis,857,4.547473508864641e-13,9.992007221626409e-16
106,4.0,2.35,raw,936,4.547473508864641e-13,6.661338147750939e-16
106,4.0,2.35,hysteresis,866,4.547473508864641e-13,6.661338147750939e-16
106,4.0,2.375,raw,933,4.547473508864641e-13,1.5543122344752192e-15
106,4.0,2.375,hysteresis,852,4.547473508864641e-13,1.5543122344752192e-15
106,4.0,2.4,raw,925,4.547473508864641e-13,1.5543122344752192e-15
106,4.0,2.4,hysteresis,853,4.547473508864641e-13,1.5543122344752192e-15
106,4.0,2.414213562373095,raw,922,9.094947017729282e-13,1.1102230246251565e-16
106,4.0,2.414213562373095,hysteresis,850,9.094947017729282e-13,1.1102230246251565e-16
106,4.0,2.425,raw,920,9.094947017729282e-13,7.771561172376096e-16
106,4.0,2.425,hysteresis,847,9.094947017729282e-13,7.771561172376096e-16
106,4.0,2.45,raw,915,9.094947017729282e-13,4.440892098500626e-16
106,4.0,2.45,hysteresis,827,9.094947017729282e-13,4.440892098500626e-16
106,4.0,2.475,raw,913,9.094947017729282e-13,7.771561172376096e-16
106,4.0,2.475,hysteresis,837,9.094947017729282e-13,7.771561172376096e-16
106,4.0,2.5,raw,913,4.547473508864641e-13,1.1102230246251565e-16
106,4.0,2.5,hysteresis,837,4.547473508864641e-13,1.1102230246251565e-16
106,4.0,2.525,raw,909,4.547473508864641e-13,9.992007221626409e-16
106,4.0,2.525,hysteresis,835,4.547473508864641e-13,9.992007221626409e-16
106,4.0,2.55,raw,915,4.547473508864641e-13,2.220446049250313e-16
106,4.0,2.55,hysteresis,818,4.547473508864641e-13,2.220446049250313e-16
106,4.0,2.575,raw,916,9.094947017729282e-13,6.661338147750939e-16
106,4.0,2.575,hysteresis,817,9.094947017729282e-13,6.661338147750939e-16
106,4.0,2.6,raw,901,9.094947017729282e-13,6.661338147750939e-16
106,4.0,2.6,hysteresis,804,4.547473508864641e-13,6.661338147750939e-16
107,0.0,1.9,raw,479,0.0,0.0
107,0.0,1.9,hysteresis,466,0.0,0.0
107,0.0,1.925,raw,479,0.0,0.0
107,0.0,1.925,hysteresis,466,0.0,0.0
107,0.0,1.95,raw,479,0.0,0.0
107,0.0,1.95,hysteresis,466,0.0,0.0
107,0.0,1.975,raw,479,0.0,0.0
107,0.0,1.975,hysteresis,466,0.0,0.0
107,0.0,2.0,raw,479,0.0,0.0
107,0.0,2.0,hysteresis,466,0.0,0.0
107,0.0,2.025,raw,479,0.0,0.0
107,0.0,2.025,hysteresis,466,0.0,0.0
107,0.0,2.05,raw,479,0.0,0.0
107,0.0,2.05,hysteresis,466,0.0,0.0
107,0.0,2.075,raw,479,0.0,0.0
107,0.0,2.075,hysteresis,466,0.0,0.0
107,0.0,2.1,raw,479,0.0,0.0
107,0.0,2.1,hysteresis,466,0.0,0.0
107,0.0,2.125,raw,479,0.0,0.0
107,0.0,2.125,hysteresis,466,0.0,0.0
107,0.0,2.15,raw,479,0.0,0.0
107,0.0,2.15,hysteresis,466,0.0,0.0
107,0.0,2.175,raw,479,0.0,0.0
107,0.0,2.175,hysteresis,466,0.0,0.0
107,0.0,2.2,raw,479,0.0,0.0
107,0.0,2.2,hysteresis,466,0.0,0.0
107,0.0,2.225,raw,479,0.0,0.0
107,0.0,2.225,hysteresis,466,0.0,0.0
107,0.0,2.25,raw,479,0.0,0.0
107,0.0,2.25,hysteresis,466,0.0,0.0
107,0.0,2.275,raw,479,0.0,0.0
107,0.0,2.275,hysteresis,466,0.0,0.0
107,0.0,2.3,raw,479,0.0,0.0
107,0.0,2.3,hysteresis,466,0.0,0.0
107,0.0,2.325,raw,479,0.0,0.0
107,0.0,2.325,hysteresis,466,0.0,0.0
107,0.0,2.3333333333333335,raw,479,0.0,0.0
107,0.0,2.3333333333333335,hysteresis,466,0.0,0.0
107,0.0,2.35,raw,479,0.0,0.0
107,0.0,2.35,hysteresis,466,0.0,0.0
107,0.0,2.375,raw,479,0.0,0.0
107,0.0,2.375,hysteresis,466,0.0,0.0
107,0.0,2.4,raw,479,0.0,0.0
107,0.0,2.4,hysteresis,466,0.0,0.0
107,0.0,2.414213562373095,raw,479,0.0,0.0
107,0.0,2.414213562373095,hysteresis,466,0.0,0.0
107,0.0,2.425,raw,479,0.0,0.0
107,0.0,2.425,hysteresis,466,0.0,0.0
107,0.0,2.45,raw,479,0.0,0.0
107,0.0,2.45,hysteresis,466,0.0,0.0
107,0.0,2.475,raw,479,0.0,0.0
107,0.0,2.475,hysteresis,466,0.0,0.0
107,0.0,2.5,raw,479,0.0,0.0
107,0.0,2.5,hysteresis,466,0.0,0.0
107,0.0,2.525,raw,479,0.0,0.0
107,0.0,2.525,hysteresis,466,0.0,0.0
107,0.0,2.55,raw,479,0.0,0.0
107,0.0,2.55,hysteresis,466,0.0,0.0
107,0.0,2.575,raw,479,0.0,0.0
107,0.0,2.575,hysteresis,466,0.0,0.0
107,0.0,2.6,raw,479,0.0,0.0
107,0.0,2.6,hysteresis,466,0.0,0.0
107,1.0,1.9,raw,539,4.547473508864641e-13,9.992007221626409e-16
107,1.0,1.9,hysteresis,502,4.547473508864641e-13,9.992007221626409e-16
107,1.0,1.925,raw,533,2.2737367544323206e-13,3.3306690738754696e-16
107,1.0,1.925,hysteresis,504,2.2737367544323206e-13,3.3306690738754696e-16
107,1.0,1.95,raw,545,9.094947017729282e-13,1.1102230246251565e-16
107,1.0,1.95,hysteresis,506,4.547473508864641e-13,1.1102230246251565e-16
107,1.0,1.975,raw,544,9.094947017729282e-13,4.440892098500626e-16
107,1.0,1.975,hysteresis,495,9.094947017729282e-13,4.440892098500626e-16
107,1.0,2.0,raw,538,4.547473508864641e-13,3.3306690738754696e-16
107,1.0,2.0,hysteresis,497,2.2737367544323206e-13,3.3306690738754696e-16
107,1.0,2.025,raw,532,4.547473508864641e-13,9.992007221626409e-16
107,1.0,2.025,hysteresis,493,4.547473508864641e-13,9.992007221626409e-16
107,1.0,2.05,raw,537,4.547473508864641e-13,6.661338147750939e-16
107,1.0,2.05,hysteresis,488,2.2737367544323206e-13,6.661338147750939e-16
107,1.0,2.075,raw,534,9.094947017729282e-13,7.771561172376096e-16
107,1.0,2.075,hysteresis,494,9.094947017729282e-13,7.771561172376096e-16
107,1.0,2.1,raw,538,9.094947017729282e-13,1.1102230246251565e-16
107,1.0,2.1,hysteresis,497,9.094947017729282e-13,1.1102230246251565e-16
107,1.0,2.125,raw,526,9.094947017729282e-13,6.661338147750939e-16
107,1.0,2.125,hysteresis,490,9.094947017729282e-13,6.661338147750939e-16
107,1.0,2.15,raw,522,4.547473508864641e-13,2.220446049250313e-16
107,1.0,2.15,hysteresis,492,4.547473508864641e-13,2.220446049250313e-16
107,1.0,2.175,raw,523,4.547473508864641e-13,5.551115123125783e-16
107,1.0,2.175,hysteresis,488,4.547473508864641e-13,5.551115123125783e-16
107,1.0,2.2,raw,527,4.547473508864641e-13,4.440892098500626e-16
107,1.0,2.2,hysteresis,490,4.547473508864641e-13,4.440892098500626e-16
107,1.0,2.225,raw,519,4.547473508864641e-13,1.1102230246251565e-16
107,1.0,2.225,hysteresis,487,4.547473508864641e-13,1.1102230246251565e-16
107,1.0,2.25,raw,525,9.094947017729282e-13,8.881784197001252e-16
107,1.0,2.25,hysteresis,489,9.094947017729282e-13,8.881784197001252e-16
107,1.0,2.275,raw,523,2.2737367544323206e-13,0.0
107,1.0,2.275,hysteresis,489,2.2737367544323206e-13,0.0
107,1.0,2.3,raw,512,4.547473508864641e-13,4.440892098500626e-16
107,1.0,2.3,hysteresis,487,4.547473508864641e-13,4.440892098500626e-16
107,1.0,2.325,raw,522,9.094947017729282e-13,4.440892098500626e-16
107,1.0,2.325,hysteresis,490,9.094947017729282e-13,4.440892098500626e-16
107,1.0,2.3333333333333335,raw,523,9.094947017729282e-13,1.1102230246251565e-16
107,1.0,2.3333333333333335,hysteresis,484,9.094947017729282e-13,1.1102230246251565e-16
107,1.0,2.35,raw,518,4.547473508864641e-13,4.440892098500626e-16
107,1.0,2.35,hysteresis,483,4.547473508864641e-13,4.440892098500626e-16
107,1.0,2.375,raw,518,4.547473508864641e-13,5.551115123125783e-16
107,1.0,2.375,hysteresis,482,4.547473508864641e-13,5.551115123125783e-16
107,1.0,2.4,raw,514,4.547473508864641e-13,1.1102230246251565e-15
107,1.0,2.4,hysteresis,482,4.547473508864641e-13,1.1102230246251565e-15
107,1.0,2.414213562373095,raw,516,4.547473508864641e-13,5.551115123125783e-16
107,1.0,2.414213562373095,hysteresis,483,4.547473508864641e-13,5.551115123125783e-16
107,1.0,2.425,raw,517,2.2737367544323206e-13,1.3322676295501878e-15
107,1.0,2.425,hysteresis,484,2.2737367544323206e-13,1.3322676295501878e-15
107,1.0,2.45,raw,512,4.547473508864641e-13,2.220446049250313e-16
107,1.0,2.45,hysteresis,484,4.547473508864641e-13,2.220446049250313e-16
107,1.0,2.475,raw,516,4.547473508864641e-13,3.3306690738754696e-16
107,1.0,2.475,hysteresis,483,4.547473508864641e-13,3.3306690738754696e-16
107,1.0,2.5,raw,515,9.094947017729282e-13,6.661338147750939e-16
107,1.0,2.5,hysteresis,482,4.547473508864641e-13,6.661338147750939e-16
107,1.0,2.525,raw,508,4.547473508864641e-13,7.771561172376096e-16
107,1.0,2.525,hysteresis,475,4.547473508864641e-13,7.771561172376096e-16
107,1.0,2.55,raw,508,9.094947017729282e-13,4.440892098500626e-16
107,1.0,2.55,hysteresis,480,9.094947017729282e-13,4.440892098500626e-16
107,1.0,2.575,raw,513,9.094947017729282e-13,4.440892098500626e-16
107,1.0,2.575,hysteresis,480,4.547473508864641e-13,4.440892098500626e-16
107,1.0,2.6,raw,506,4.547473508864641e-13,8.881784197001252e-16
107,1.0,2.6,hysteresis,478,4.547473508864641e-13,8.881784197001252e-16
107,1.5,1.9,raw,596,9.094947017729282e-13,1.1102230246251565e-16
107,1.5,1.9,hysteresis,549,9.094947017729282e-13,1.1102230246251565e-16
107,1.5,1.925,raw,598,4.547473508864641e-13,2.220446049250313e-16
107,1.5,1.925,hysteresis,558,4.547473508864641e-13,2.220446049250313e-16
107,1.5,1.95,raw,592,4.547473508864641e-13,0.0
107,1.5,1.95,hysteresis,549,4.547473508864641e-13,0.0
107,1.5,1.975,raw,590,4.547473508864641e-13,5.551115123125783e-16
107,1.5,1.975,hysteresis,550,4.547473508864641e-13,5.551115123125783e-16
107,1.5,2.0,raw,581,9.094947017729282e-13,2.220446049250313e-16
107,1.5,2.0,hysteresis,541,9.094947017729282e-13,2.220446049250313e-16
107,1.5,2.025,raw,578,4.547473508864641e-13,8.881784197001252e-16
107,1.5,2.025,hysteresis,539,4.547473508864641e-13,8.881784197001252e-16
107,1.5,2.05,raw,579,9.094947017729282e-13,2.220446049250313e-16
107,1.5,2.05,hysteresis,546,9.094947017729282e-13,2.220446049250313e-16
107,1.5,2.075,raw,581,4.547473508864641e-13,1.1102230246251565e-15
107,1.5,2.075,hysteresis,534,4.547473508864641e-13,1.1102230246251565e-15
107,1.5,2.1,raw,584,9.094947017729282e-13,1.1102230246251565e-16
107,1.5,2.1,hysteresis,539,9.094947017729282e-13,1.1102230246251565e-16
107,1.5,2.125,raw,584,9.094947017729282e-13,1.3322676295501878e-15
107,1.5,2.125,hysteresis,529,4.547473508864641e-13,1.3322676295501878e-15
107,1.5,2.15,raw,565,4.547473508864641e-13,3.3306690738754696e-16
107,1.5,2.15,hysteresis,525,4.547473508864641e-13,3.3306690738754696e-16
107,1.5,2.175,raw,566,4.547473508864641e-13,5.551115123125783e-16
107,1.5,2.175,hysteresis,529,4.547473508864641e-13,5.551115123125783e-16
107,1.5,2.2,raw,572,9.094947017729282e-13,1.1102230246251565e-16
107,1.5,2.2,hysteresis,525,9.094947017729282e-13,1.1102230246251565e-16
107,1.5,2.225,raw,564,4.547473508864641e-13,2.220446049250313e-16
107,1.5,2.225,hysteresis,518,4.547473508864641e-13,2.220446049250313e-16
107,1.5,2.25,raw,568,9.094947017729282e-13,1.2212453270876722e-15
107,1.5,2.25,hysteresis,521,9.094947017729282e-13,1.2212453270876722e-15
107,1.5,2.275,raw,565,4.547473508864641e-13,5.551115123125783e-16
107,1.5,2.275,hysteresis,515,2.2737367544323206e-13,5.551115123125783e-16
107,1.5,2.3,raw,572,9.094947017729282e-13,8.881784197001252e-16
107,1.5,2.3,hysteresis,517,9.094947017729282e-13,8.881784197001252e-16
107,1.5,2.325,raw,563,4.547473508864641e-13,2.220446049250313e-16
107,1.5,2.325,hysteresis,504,4.547473508864641e-13,2.220446049250313e-16
107,1.5,2.3333333333333335,raw,563,9.094947017729282e-13,1.5543122344752192e-15
107,1.5,2.3333333333333335,hysteresis,510,9.094947017729282e-13,1.5543122344752192e-15
107,1.5,2.35,raw,556,2.2737367544323206e-13,2.220446049250313e-16
107,1.5,2.35,hysteresis,511,2.2737367544323206e-13,2.220446049250313e-16
107,1.5,2.375,raw,557,9.094947017729282e-13,7.771561172376096e-16
107,1.5,2.375,hysteresis,511,9.094947017729282e-13,7.771561172376096e-16
107,1.5,2.4,raw,552,2.2737367544323206e-13,3.3306690738754696e-16
107,1.5,2.4,hysteresis,508,2.2737367544323206e-13,3.3306690738754696e-16
107,1.5,2.414213562373095,raw,572,4.547473508864641e-13,4.440892098500626e-16
107,1.5,2.414213562373095,hysteresis,506,4.547473508864641e-13,4.440892098500626e-16
107,1.5,2.425,raw,552,9.094947017729282e-13,8.881784197001252e-16
107,1.5,2.425,hysteresis,504,9.094947017729282e-13,8.881784197001252e-16
107,1.5,2.45,raw,552,4.547473508864641e-13,5.551115123125783e-16
107,1.5,2.45,hysteresis,497,4.547473508864641e-13,5.551115123125783e-16
107,1.5,2.475,raw,549,4.547473508864641e-13,4.440892098500626e-16
107,1.5,2.475,hysteresis,500,4.547473508864641e-13,4.440892098500626e-16
107,1.5,2.5,raw,548,9.094947017729282e-13,5.551115123125783e-16
107,1.5,2.5,hysteresis,500,9.094947017729282e-13,5.551115123125783e-16
107,1.5,2.525,raw,543,4.547473508864641e-13,3.3306690738754696e-16
107,1.5,2.525,hysteresis,498,4.547473508864641e-13,3.3306690738754696e-16
107,1.5,2.55,raw,538,4.547473508864641e-13,6.661338147750939e-16
107,1.5,2.55,hysteresis,498,4.547473508864641e-13,6.661338147750939e-16
107,1.5,2.575,raw,541,4.547473508864641e-13,4.440892098500626e-16
107,1.5,2.575,hysteresis,498,4.547473508864641e-13,4.440892098500626e-16
107,1.5,2.6,raw,544,4.547473508864641e-13,7.771561172376096e-16
107,1.5,2.6,hysteresis,495,4.547473508864641e-13,7.771561172376096e-16
107,2.0,1.9,raw,661,9.094947017729282e-13,4.440892098500626e-16
107,2.0,1.9,hysteresis,601,9.094947017729282e-13,4.440892098500626e-16
107,2.0,1.925,raw,664,9.094947017729282e-13,0.0
107,2.0,1.925,hysteresis,610,4.547473508864641e-13,0.0
107,2.0,1.95,raw,664,4.547473508864641e-13,6.661338147750939e-16
107,2.0,1.95,hysteresis,604,4.547473508864641e-13,6.661338147750939e-16
107,2.0,1.975,raw,663,4.547473508864641e-13,1.3322676295501878e-15
107,2.0,1.975,hysteresis,600,4.547473508864641e-13,1.3322676295501878e-15
107,2.0,2.0,raw,656,9.094947017729282e-13,2.220446049250313e-16
107,2.0,2.0,hysteresis,587,9.094947017729282e-13,2.220446049250313e-16
107,2.0,2.025,raw,659,4.547473508864641e-13,6.661338147750939e-16
107,2.0,2.025,hysteresis,599,4.547473508864641e-13,6.661338147750939e-16
107,2.0,2.05,raw,639,9.094947017729282e-13,6.661338147750939e-16
107,2.0,2.05,hysteresis,591,9.094947017729282e-13,6.661338147750939e-16
107,2.0,2.075,raw,645,4.547473508864641e-13,8.881784197001252e-16
107,2.0,2.075,hysteresis,586,4.547473508864641e-13,8.881784197001252e-16
107,2.0,2.1,raw,628,4.547473508864641e-13,1.2212453270876722e-15
107,2.0,2.1,hysteresis,582,4.547473508864641e-13,1.2212453270876722e-15
107,2.0,2.125,raw,639,9.094947017729282e-13,1.1102230246251565e-16
107,2.0,2.125,hysteresis,578,9.094947017729282e-13,1.1102230246251565e-16
107,2.0,2.15,raw,634,9.094947017729282e-13,2.220446049250313e-16
107,2.0,2.15,hysteresis,578,9.094947017729282e-13,2.220446049250313e-16
107,2.0,2.175,raw,620,4.547473508864641e-13,2.220446049250313e-16
107,2.0,2.175,hysteresis,561,4.547473508864641e-13,2.220446049250313e-16
107,2.0,2.2,raw,625,4.547473508864641e-13,2.220446049250313e-16
107,2.0,2.2,hysteresis,568,4.547473508864641e-13,2.220446049250313e-16
107,2.0,2.225,raw,622,4.547473508864641e-13,3.3306690738754696e-16
107,2.0,2.225,hysteresis,564,4.547473508864641e-13,3.3306690738754696e-16
107,2.0,2.25,raw,628,9.094947017729282e-13,9.992007221626409e-16
107,2.0,2.25,hysteresis,566,9.094947017729282e-13,9.992007221626409e-16
107,2.0,2.275,raw,615,9.094947017729282e-13,4.440892098500626e-16
107,2.0,2.275,hysteresis,559,9.094947017729282e-13,4.440892098500626e-16
107,2.0,2.3,raw,620,4.547473508864641e-13,0.0
107,2.0,2.3,hysteresis,557,4.547473508864641e-13,0.0
107,2.0,2.325,raw,614,9.094947017729282e-13,8.881784197001252e-16
107,2.0,2.325,hysteresis,558,9.094947017729282e-13,8.881784197001252e-16
107,2.0,2.3333333333333335,raw,605,4.547473508864641e-13,3.3306690738754696e-16
107,2.0,2.3333333333333335,hysteresis,553,4.547473508864641e-13,3.3306690738754696e-16
107,2.0,2.35,raw,605,9.094947017729282e-13,8.881784197001252e-16
107,2.0,2.35,hysteresis,559,4.547473508864641e-13,8.881784197001252e-16
107,2.0,2.375,raw,601,9.094947017729282e-13,1.1102230246251565e-15
107,2.0,2.375,hysteresis,551,9.094947017729282e-13,1.1102230246251565e-15
107,2.0,2.4,raw,595,9.094947017729282e-13,1.2212453270876722e-15
107,2.0,2.4,hysteresis,540,9.094947017729282e-13,1.2212453270876722e-15
107,2.0,2.414213562373095,raw,604,4.547473508864641e-13,2.220446049250313e-16
107,2.0,2.414213562373095,hysteresis,546,4.547473508864641e-13,2.220446049250313e-16
107,2.0,2.425,raw,597,4.547473508864641e-13,4.440892098500626e-16
107,2.0,2.425,hysteresis,542,2.2737367544323206e-13,4.440892098500626e-16
107,2.0,2.45,raw,604,4.547473508864641e-13,6.661338147750939e-16
107,2.0,2.45,hysteresis,538,4.547473508864641e-13,6.661338147750939e-16
107,2.0,2.475,raw,595,9.094947017729282e-13,4.440892098500626e-16
107,2.0,2.475,hysteresis,543,4.547473508864641e-13,4.440892098500626e-16
107,2.0,2.5,raw,599,2.2737367544323206e-13,1.1102230246251565e-16
107,2.0,2.5,hysteresis,543,2.2737367544323206e-13,1.1102230246251565e-16
107,2.0,2.525,raw,593,4.547473508864641e-13,1.1102230246251565e-16
107,2.0,2.525,hysteresis,534,4.547473508864641e-13,1.1102230246251565e-16
107,2.0,2.55,raw,585,9.094947017729282e-13,6.661338147750939e-16
107,2.0,2.55,hysteresis,532,9.094947017729282e-13,6.661338147750939e-16
107,2.0,2.575,raw,584,4.547473508864641e-13,4.440892098500626e-16
107,2.0,2.575,hysteresis,532,4.547473508864641e-13,4.440892098500626e-16
107,2.0,2.6,raw,589,9.094947017729282e-13,9.992007221626409e-16
107,2.0,2.6,hysteresis,525,9.094947017729282e-13,9.992007221626409e-16
107,3.0,1.9,raw,806,9.094947017729282e-13,2.220446049250313e-16
107,3.0,1.9,hysteresis,737,9.094947017729282e-13,2.220446049250313e-16
107,3.0,1.925,raw,795,4.547473508864641e-13,4.440892098500626e-16
107,3.0,1.925,hysteresis,735,4.547473508864641e-13,4.440892098500626e-16
107,3.0,1.95,raw,793,9.094947017729282e-13,0.0
107,3.0,1.95,hysteresis,741,4.547473508864641e-13,0.0
107,3.0,1.975,raw,820,9.094947017729282e-13,1.7763568394002505e-15
107,3.0,1.975,hysteresis,756,9.094947017729282e-13,1.7763568394002505e-15
107,3.0,2.0,raw,808,4.547473508864641e-13,8.881784197001252e-16
107,3.0,2.0,hysteresis,728,4.547473508864641e-13,8.881784197001252e-16
107,3.0,2.025,raw,783,9.094947017729282e-13,8.881784197001252e-16
107,3.0,2.025,hysteresis,722,9.094947017729282e-13,8.881784197001252e-16
107,3.0,2.05,raw,775,9.094947017729282e-13,0.0
107,3.0,2.05,hysteresis,705,4.547473508864641e-13,0.0
107,3.0,2.075,raw,770,9.094947017729282e-13,8.881784197001252e-16
107,3.0,2.075,hysteresis,702,9.094947017729282e-13,8.881784197001252e-16
107,3.0,2.1,raw,776,4.547473508864641e-13,5.551115123125783e-16
107,3.0,2.1,hysteresis,692,4.547473508864641e-13,5.551115123125783e-16
107,3.0,2.125,raw,772,9.094947017729282e-13,1.1102230246251565e-15
107,3.0,2.125,hysteresis,697,9.094947017729282e-13,1.1102230246251565e-15
107,3.0,2.15,raw,772,9.094947017729282e-13,3.3306690738754696e-16
107,3.0,2.15,hysteresis,688,2.2737367544323206e-13,3.3306690738754696e-16
107,3.0,2.175,raw,771,9.094947017729282e-13,6.661338147750939e-16
107,3.0,2.175,hysteresis,678,9.094947017729282e-13,6.661338147750939e-16
107,3.0,2.2,raw,756,9.094947017729282e-13,3.3306690738754696e-16
107,3.0,2.2,hysteresis,672,4.547473508864641e-13,3.3306690738754696e-16
107,3.0,2.225,raw,746,4.547473508864641e-13,6.661338147750939e-16
107,3.0,2.225,hysteresis,671,4.547473508864641e-13,6.661338147750939e-16
107,3.0,2.25,raw,741,9.094947017729282e-13,2.220446049250313e-16
107,3.0,2.25,hysteresis,668,9.094947017729282e-13,2.220446049250313e-16
107,3.0,2.275,raw,740,9.094947017729282e-13,4.440892098500626e-16
107,3.0,2.275,hysteresis,669,9.094947017729282e-13,4.440892098500626e-16
107,3.0,2.3,raw,735,4.547473508864641e-13,4.440892098500626e-16
107,3.0,2.3,hysteresis,659,4.547473508864641e-13,4.440892098500626e-16
107,3.0,2.325,raw,733,9.094947017729282e-13,3.3306690738754696e-16
107,3.0,2.325,hysteresis,653,9.094947017729282e-13,3.3306690738754696e-16
107,3.0,2.3333333333333335,raw,740,4.547473508864641e-13,6.661338147750939e-16
107,3.0,2.3333333333333335,hysteresis,655,4.547473508864641e-13,6.661338147750939e-16
107,3.0,2.35,raw,739,4.547473508864641e-13,3.3306690738754696e-16
107,3.0,2.35,hysteresis,658,4.547473508864641e-13,3.3306690738754696e-16
107,3.0,2.375,raw,720,9.094947017729282e-13,7.771561172376096e-16
107,3.0,2.375,hysteresis,642,2.2737367544323206e-13,7.771561172376096e-16
107,3.0,2.4,raw,718,4.547473508864641e-13,1.5543122344752192e-15
107,3.0,2.4,hysteresis,640,4.547473508864641e-13,1.5543122344752192e-15
107,3.0,2.414213562373095,raw,720,9.094947017729282e-13,1.1102230246251565e-15
107,3.0,2.414213562373095,hysteresis,642,4.547473508864641e-13,1.1102230246251565e-15
107,3.0,2.425,raw,728,4.547473508864641e-13,8.881784197001252e-16
107,3.0,2.425,hysteresis,647,4.547473508864641e-13,8.881784197001252e-16
107,3.0,2.45,raw,710,4.547473508864641e-13,2.220446049250313e-16
107,3.0,2.45,hysteresis,634,4.547473508864641e-13,2.220446049250313e-16
107,3.0,2.475,raw,716,9.094947017729282e-13,6.661338147750939e-16
107,3.0,2.475,hysteresis,628,9.094947017729282e-13,6.661338147750939e-16
107,3.0,2.5,raw,715,4.547473508864641e-13,1.4432899320127035e-15
107,3.0,2.5,hysteresis,643,4.547473508864641e-13,1.4432899320127035e-15
107,3.0,2.525,raw,698,9.094947017729282e-13,5.551115123125783e-16
107,3.0,2.525,hysteresis,620,9.094947017729282e-13,5.551115123125783e-16
107,3.0,2.55,raw,699,9.094947017729282e-13,6.661338147750939e-16
107,3.0,2.55,hysteresis,612,9.094947017729282e-13,6.661338147750939e-16
107,3.0,2.575,raw,691,9.094947017729282e-13,3.3306690738754696e-16
107,3.0,2.575,hysteresis,610,9.094947017729282e-13,3.3306690738754696e-16
107,3.0,2.6,raw,696,9.094947017729282e-13,6.661338147750939e-16
107,3.0,2.6,hysteresis,621,9.094947017729282e-13,6.661338147750939e-16
107,4.0,1.9,raw,872,9.094947017729282e-13,1.1102230246251565e-15
107,4.0,1.9,hysteresis,843,4.547473508864641e-13,1.1102230246251565e-15
107,4.0,1.925,raw,883,9.094947017729282e-13,8.881784197001252e-16
107,4.0,1.925,hysteresis,853,9.094947017729282e-13,8.881784197001252e-16
107,4.0,1.95,raw,881,9.094947017729282e-13,0.0
107,4.0,1.95,hysteresis,847,9.094947017729282e-13,0.0
107,4.0,1.975,raw,894,9.094947017729282e-13,4.440892098500626e-16
107,4.0,1.975,hysteresis,861,9.094947017729282e-13,4.440892098500626e-16
107,4.0,2.0,raw,898,9.094947017729282e-13,2.220446049250313e-16
107,4.0,2.0,hysteresis,858,9.094947017729282e-13,2.220446049250313e-16
107,4.0,2.025,raw,886,9.094947017729282e-13,2.220446049250313e-16
107,4.0,2.025,hysteresis,822,9.094947017729282e-13,2.220446049250313e-16
107,4.0,2.05,raw,891,9.094947017729282e-13,2.220446049250313e-15
107,4.0,2.05,hysteresis,840,9.094947017729282e-13,2.220446049250313e-15
107,4.0,2.075,raw,897,4.547473508864641e-13,2.220446049250313e-16
107,4.0,2.075,hysteresis,833,4.547473508864641e-13,2.220446049250313e-16
107,4.0,2.1,raw,891,9.094947017729282e-13,2.220446049250313e-16
107,4.0,2.1,hysteresis,820,9.094947017729282e-13,2.220446049250313e-16
107,4.0,2.125,raw,898,4.547473508864641e-13,6.661338147750939e-16
107,4.0,2.125,hysteresis,831,3.410605131648481e-13,6.661338147750939e-16
107,4.0,2.15,raw,893,9.094947017729282e-13,4.440892098500626e-16
107,4.0,2.15,hysteresis,829,9.094947017729282e-13,4.440892098500626e-16
107,4.0,2.175,raw,878,4.547473508864641e-13,2.220446049250313e-16
107,4.0,2.175,hysteresis,810,4.547473508864641e-13,2.220446049250313e-16
107,4.0,2.2,raw,883,9.094947017729282e-13,6.661338147750939e-16
107,4.0,2.2,hysteresis,811,9.094947017729282e-13,6.661338147750939e-16
107,4.0,2.225,raw,884,4.547473508864641e-13,2.220446049250313e-16
107,4.0,2.225,hysteresis,805,4.547473508864641e-13,2.220446049250313e-16
107,4.0,2.25,raw,882,9.094947017729282e-13,6.661338147750939e-16
107,4.0,2.25,hysteresis,808,9.094947017729282e-13,6.661338147750939e-16
107,4.0,2.275,raw,871,9.094947017729282e-13,2.220446049250313e-16
107,4.0,2.275,hysteresis,793,9.094947017729282e-13,2.220446049250313e-16
107,4.0,2.3,raw,858,9.094947017729282e-13,2.220446049250313e-16
107,4.0,2.3,hysteresis,785,9.094947017729282e-13,2.220446049250313e-16
107,4.0,2.325,raw,864,4.547473508864641e-13,6.661338147750939e-16
107,4.0,2.325,hysteresis,765,4.547473508864641e-13,6.661338147750939e-16
107,4.0,2.3333333333333335,raw,844,4.547473508864641e-13,2.220446049250313e-16
107,4.0,2.3333333333333335,hysteresis,770,4.547473508864641e-13,2.220446049250313e-16
107,4.0,2.35,raw,857,9.094947017729282e-13,1.1102230246251565e-15
107,4.0,2.35,hysteresis,780,9.094947017729282e-13,1.1102230246251565e-15
107,4.0,2.375,raw,851,4.547473508864641e-13,4.440892098500626e-16
107,4.0,2.375,hysteresis,765,4.547473508864641e-13,4.440892098500626e-16
107,4.0,2.4,raw,838,4.547473508864641e-13,5.551115123125783e-16
107,4.0,2.4,hysteresis,745,4.547473508864641e-13,5.551115123125783e-16
107,4.0,2.414213562373095,raw,843,4.547473508864641e-13,6.661338147750939e-16
107,4.0,2.414213562373095,hysteresis,756,4.547473508864641e-13,6.661338147750939e-16
107,4.0,2.425,raw,845,9.094947017729282e-13,7.771561172376096e-16
107,4.0,2.425,hysteresis,751,9.094947017729282e-13,7.771561172376096e-16
107,4.0,2.45,raw,834,4.547473508864641e-13,1.1102230246251565e-16
107,4.0,2.45,hysteresis,747,4.547473508864641e-13,1.1102230246251565e-16
107,4.0,2.475,raw,838,4.547473508864641e-13,1.2212453270876722e-15
107,4.0,2.475,hysteresis,746,4.547473508864641e-13,1.2212453270876722e-15
107,4.0,2.5,raw,836,9.094947017729282e-13,1.1102230246251565e-16
107,4.0,2.5,hysteresis,747,4.547473508864641e-13,1.1102230246251565e-16
107,4.0,2.525,raw,824,9.094947017729282e-13,0.0
107,4.0,2.525,hysteresis,732,9.094947017729282e-13,0.0
107,4.0,2.55,raw,826,4.547473508864641e-13,4.440892098500626e-16
107,4.0,2.55,hysteresis,727,4.547473508864641e-13,4.440892098500626e-16
107,4.0,2.575,raw,833,9.094947017729282e-13,2.220446049250313e-16
107,4.0,2.575,hysteresis,738,4.547473508864641e-13,2.220446049250313e-16
107,4.0,2.6,raw,811,9.094947017729282e-13,1.1102230246251565e-15
107,4.0,2.6,hysteresis,712,9.094947017729282e-13,1.1102230246251565e-15
108,0.0,1.9,raw,474,0.0,0.0
108,0.0,1.9,hysteresis,463,0.0,0.0
108,0.0,1.925,raw,474,0.0,0.0
108,0.0,1.925,hysteresis,463,0.0,0.0
108,0.0,1.95,raw,474,0.0,0.0
108,0.0,1.95,hysteresis,463,0.0,0.0
108,0.0,1.975,raw,474,0.0,0.0
108,0.0,1.975,hysteresis,463,0.0,0.0
108,0.0,2.0,raw,474,0.0,0.0
108,0.0,2.0,hysteresis,463,0.0,0.0
108,0.0,2.025,raw,474,0.0,0.0
108,0.0,2.025,hysteresis,463,0.0,0.0
108,0.0,2.05,raw,474,0.0,0.0
108,0.0,2.05,hysteresis,463,0.0,0.0
108,0.0,2.075,raw,474,0.0,0.0
108,0.0,2.075,hysteresis,463,0.0,0.0
108,0.0,2.1,raw,474,0.0,0.0
108,0.0,2.1,hysteresis,463,0.0,0.0
108,0.0,2.125,raw,474,0.0,0.0
108,0.0,2.125,hysteresis,463,0.0,0.0
108,0.0,2.15,raw,474,0.0,0.0
108,0.0,2.15,hysteresis,463,0.0,0.0
108,0.0,2.175,raw,474,0.0,0.0
108,0.0,2.175,hysteresis,463,0.0,0.0
108,0.0,2.2,raw,474,0.0,0.0
108,0.0,2.2,hysteresis,463,0.0,0.0
108,0.0,2.225,raw,474,0.0,0.0
108,0.0,2.225,hysteresis,463,0.0,0.0
108,0.0,2.25,raw,474,0.0,0.0
108,0.0,2.25,hysteresis,463,0.0,0.0
108,0.0,2.275,raw,474,0.0,0.0
108,0.0,2.275,hysteresis,463,0.0,0.0
108,0.0,2.3,raw,474,0.0,0.0
108,0.0,2.3,hysteresis,463,0.0,0.0
108,0.0,2.325,raw,474,0.0,0.0
108,0.0,2.325,hysteresis,463,0.0,0.0
108,0.0,2.3333333333333335,raw,474,0.0,0.0
108,0.0,2.3333333333333335,hysteresis,463,0.0,0.0
108,0.0,2.35,raw,474,0.0,0.0
108,0.0,2.35,hysteresis,463,0.0,0.0
108,0.0,2.375,raw,474,0.0,0.0
108,0.0,2.375,hysteresis,463,0.0,0.0
108,0.0,2.4,raw,474,0.0,0.0
108,0.0,2.4,hysteresis,463,0.0,0.0
108,0.0,2.414213562373095,raw,474,0.0,0.0
108,0.0,2.414213562373095,hysteresis,463,0.0,0.0
108,0.0,2.425,raw,474,0.0,0.0
108,0.0,2.425,hysteresis,463,0.0,0.0
108,0.0,2.45,raw,474,0.0,0.0
108,0.0,2.45,hysteresis,463,0.0,0.0
108,0.0,2.475,raw,474,0.0,0.0
108,0.0,2.475,hysteresis,463,0.0,0.0
108,0.0,2.5,raw,474,0.0,0.0
108,0.0,2.5,hysteresis,463,0.0,0.0
108,0.0,2.525,raw,474,0.0,0.0
108,0.0,2.525,hysteresis,463,0.0,0.0
108,0.0,2.55,raw,474,0.0,0.0
108,0.0,2.55,hysteresis,463,0.0,0.0
108,0.0,2.575,raw,474,0.0,0.0
108,0.0,2.575,hysteresis,463,0.0,0.0
108,0.0,2.6,raw,474,0.0,0.0
108,0.0,2.6,hysteresis,463,0.0,0.0
108,1.0,1.9,raw,546,9.094947017729282e-13,2.220446049250313e-16
108,1.0,1.9,hysteresis,508,9.094947017729282e-13,2.220446049250313e-16
108,1.0,1.925,raw,541,4.547473508864641e-13,0.0
108,1.0,1.925,hysteresis,508,4.547473508864641e-13,0.0
108,1.0,1.95,raw,551,4.547473508864641e-13,5.551115123125783e-16
108,1.0,1.95,hysteresis,502,4.547473508864641e-13,5.551115123125783e-16
108,1.0,1.975,raw,546,9.094947017729282e-13,3.3306690738754696e-16
108,1.0,1.975,hysteresis,503,9.094947017729282e-13,3.3306690738754696e-16
108,1.0,2.0,raw,547,9.094947017729282e-13,2.220446049250313e-16
108,1.0,2.0,hysteresis,508,9.094947017729282e-13,2.220446049250313e-16
108,1.0,2.025,raw,534,9.094947017729282e-13,2.220446049250313e-16
108,1.0,2.025,hysteresis,491,9.094947017729282e-13,2.220446049250313e-16
108,1.0,2.05,raw,534,9.094947017729282e-13,5.551115123125783e-16
108,1.0,2.05,hysteresis,494,9.094947017729282e-13,5.551115123125783e-16
108,1.0,2.075,raw,539,4.547473508864641e-13,2.220446049250313e-16
108,1.0,2.075,hysteresis,503,4.547473508864641e-13,2.220446049250313e-16
108,1.0,2.1,raw,533,9.094947017729282e-13,4.440892098500626e-16
108,1.0,2.1,hysteresis,501,9.094947017729282e-13,4.440892098500626e-16
108,1.0,2.125,raw,533,9.094947017729282e-13,5.551115123125783e-16
108,1.0,2.125,hysteresis,495,9.094947017729282e-13,5.551115123125783e-16
108,1.0,2.15,raw,530,4.547473508864641e-13,9.992007221626409e-16
108,1.0,2.15,hysteresis,491,4.547473508864641e-13,9.992007221626409e-16
108,1.0,2.175,raw,533,4.547473508864641e-13,5.551115123125783e-16
108,1.0,2.175,hysteresis,483,4.547473508864641e-13,5.551115123125783e-16
108,1.0,2.2,raw,526,4.547473508864641e-13,5.551115123125783e-16
108,1.0,2.2,hysteresis,488,4.547473508864641e-13,5.551115123125783e-16
108,1.0,2.225,raw,531,4.547473508864641e-13,4.440892098500626e-16
108,1.0,2.225,hysteresis,486,4.547473508864641e-13,4.440892098500626e-16
108,1.0,2.25,raw,525,4.547473508864641e-13,4.440892098500626e-16
108,1.0,2.25,hysteresis,483,4.547473508864641e-13,4.440892098500626e-16
108,1.0,2.275,raw,518,4.547473508864641e-13,5.551115123125783e-16
108,1.0,2.275,hysteresis,487,4.547473508864641e-13,5.551115123125783e-16
108,1.0,2.3,raw,526,4.547473508864641e-13,1.1102230246251565e-16
108,1.0,2.3,hysteresis,479,4.547473508864641e-13,1.1102230246251565e-16
108,1.0,2.325,raw,518,4.547473508864641e-13,0.0
108,1.0,2.325,hysteresis,480,4.547473508864641e-13,0.0
108,1.0,2.3333333333333335,raw,524,4.547473508864641e-13,2.220446049250313e-16
108,1.0,2.3333333333333335,hysteresis,480,4.547473508864641e-13,2.220446049250313e-16
108,1.0,2.35,raw,517,4.547473508864641e-13,0.0
108,1.0,2.35,hysteresis,476,2.2737367544323206e-13,0.0
108,1.0,2.375,raw,523,9.094947017729282e-13,3.3306690738754696e-16
108,1.0,2.375,hysteresis,480,9.094947017729282e-13,3.3306690738754696e-16
108,1.0,2.4,raw,516,4.547473508864641e-13,4.440892098500626e-16
108,1.0,2.4,hysteresis,478,4.547473508864641e-13,4.440892098500626e-16
108,1.0,2.414213562373095,raw,517,4.547473508864641e-13,5.551115123125783e-16
108,1.0,2.414213562373095,hysteresis,477,4.547473508864641e-13,5.551115123125783e-16
108,1.0,2.425,raw,524,9.094947017729282e-13,3.3306690738754696e-16
108,1.0,2.425,hysteresis,478,9.094947017729282e-13,3.3306690738754696e-16
108,1.0,2.45,raw,520,4.547473508864641e-13,5.551115123125783e-16
108,1.0,2.45,hysteresis,474,4.547473508864641e-13,5.551115123125783e-16
108,1.0,2.475,raw,513,9.094947017729282e-13,3.3306690738754696e-16
108,1.0,2.475,hysteresis,476,9.094947017729282e-13,3.3306690738754696e-16
108,1.0,2.5,raw,513,4.547473508864641e-13,6.661338147750939e-16
108,1.0,2.5,hysteresis,474,4.547473508864641e-13,6.661338147750939e-16
108,1.0,2.525,raw,510,4.547473508864641e-13,3.3306690738754696e-16
108,1.0,2.525,hysteresis,475,4.547473508864641e-13,3.3306690738754696e-16
108,1.0,2.55,raw,514,4.547473508864641e-13,0.0
108,1.0,2.55,hysteresis,478,4.547473508864641e-13,0.0
108,1.0,2.575,raw,512,9.094947017729282e-13,4.440892098500626e-16
108,1.0,2.575,hysteresis,472,9.094947017729282e-13,4.440892098500626e-16
108,1.0,2.6,raw,507,4.547473508864641e-13,1.1102230246251565e-16
108,1.0,2.6,hysteresis,473,4.547473508864641e-13,1.1102230246251565e-16
108,1.5,1.9,raw,642,9.094947017729282e-13,9.992007221626409e-16
108,1.5,1.9,hysteresis,575,9.094947017729282e-13,9.992007221626409e-16
108,1.5,1.925,raw,629,4.547473508864641e-13,3.3306690738754696e-16
108,1.5,1.925,hysteresis,567,2.2737367544323206e-13,3.3306690738754696e-16
108,1.5,1.95,raw,627,4.547473508864641e-13,7.771561172376096e-16
108,1.5,1.95,hysteresis,565,4.547473508864641e-13,7.771561172376096e-16
108,1.5,1.975,raw,617,9.094947017729282e-13,2.220446049250313e-16
108,1.5,1.975,hysteresis,559,9.094947017729282e-13,2.220446049250313e-16
108,1.5,2.0,raw,619,4.547473508864641e-13,1.1102230246251565e-16
108,1.5,2.0,hysteresis,556,4.547473508864641e-13,1.1102230246251565e-16
108,1.5,2.025,raw,598,4.547473508864641e-13,1.1102230246251565e-16
108,1.5,2.025,hysteresis,545,4.547473508864641e-13,1.1102230246251565e-16
108,1.5,2.05,raw,613,9.094947017729282e-13,4.440892098500626e-16
108,1.5,2.05,hysteresis,542,9.094947017729282e-13,4.440892098500626e-16
108,1.5,2.075,raw,602,9.094947017729282e-13,3.3306690738754696e-16
108,1.5,2.075,hysteresis,555,9.094947017729282e-13,3.3306690738754696e-16
108,1.5,2.1,raw,599,4.547473508864641e-13,4.440892098500626e-16
108,1.5,2.1,hysteresis,547,4.547473508864641e-13,4.440892098500626e-16
108,1.5,2.125,raw,601,4.547473508864641e-13,2.220446049250313e-16
108,1.5,2.125,hysteresis,540,4.547473508864641e-13,2.220446049250313e-16
108,1.5,2.15,raw,588,9.094947017729282e-13,7.771561172376096e-16
108,1.5,2.15,hysteresis,536,9.094947017729282e-13,7.771561172376096e-16
108,1.5,2.175,raw,599,9.094947017729282e-13,8.881784197001252e-16
108,1.5,2.175,hysteresis,540,9.094947017729282e-13,8.881784197001252e-16
108,1.5,2.2,raw,589,9.094947017729282e-13,3.3306690738754696e-16
108,1.5,2.2,hysteresis,531,9.094947017729282e-13,3.3306690738754696e-16
108,1.5,2.225,raw,594,9.094947017729282e-13,5.551115123125783e-16
108,1.5,2.225,hysteresis,528,9.094947017729282e-13,5.551115123125783e-16
108,1.5,2.25,raw,580,4.547473508864641e-13,2.220446049250313e-16
108,1.5,2.25,hysteresis,528,4.547473508864641e-13,2.220446049250313e-16
108,1.5,2.275,raw,572,9.094947017729282e-13,6.661338147750939e-16
108,1.5,2.275,hysteresis,523,4.547473508864641e-13,6.661338147750939e-16
108,1.5,2.3,raw,587,9.094947017729282e-13,4.440892098500626e-16
108,1.5,2.3,hysteresis,515,9.094947017729282e-13,4.440892098500626e-16
108,1.5,2.325,raw,572,9.094947017729282e-13,0.0
108,1.5,2.325,hysteresis,516,2.2737367544323206e-13,0.0
108,1.5,2.3333333333333335,raw,579,4.547473508864641e-13,4.440892098500626e-16
108,1.5,2.3333333333333335,hysteresis,519,4.547473508864641e-13,4.440892098500626e-16
108,1.5,2.35,raw,569,9.094947017729282e-13,1.1102230246251565e-16
108,1.5,2.35,hysteresis,511,9.094947017729282e-13,1.1102230246251565e-16
108,1.5,2.375,raw,569,4.547473508864641e-13,2.220446049250313e-16
108,1.5,2.375,hysteresis,520,4.547473508864641e-13,2.220446049250313e-16
108,1.5,2.4,raw,567,9.094947017729282e-13,0.0
108,1.5,2.4,hysteresis,504,9.094947017729282e-13,0.0
108,1.5,2.414213562373095,raw,567,4.547473508864641e-13,5.551115123125783e-16
108,1.5,2.414213562373095,hysteresis,508,4.547473508864641e-13,5.551115123125783e-16
108,1.5,2.425,raw,571,9.094947017729282e-13,4.440892098500626e-16
108,1.5,2.425,hysteresis,512,4.547473508864641e-13,4.440892098500626e-16
108,1.5,2.45,raw,570,4.547473508864641e-13,2.220446049250313e-16
108,1.5,2.45,hysteresis,511,4.547473508864641e-13,2.220446049250313e-16
108,1.5,2.475,raw,566,9.094947017729282e-13,8.881784197001252e-16
108,1.5,2.475,hysteresis,504,9.094947017729282e-13,8.881784197001252e-16
108,1.5,2.5,raw,557,4.547473508864641e-13,2.220446049250313e-16
108,1.5,2.5,hysteresis,502,4.547473508864641e-13,2.220446049250313e-16
108,1.5,2.525,raw,558,9.094947017729282e-13,4.440892098500626e-16
108,1.5,2.525,hysteresis,506,9.094947017729282e-13,4.440892098500626e-16
108,1.5,2.55,raw,545,9.094947017729282e-13,2.220446049250313e-16
108,1.5,2.55,hysteresis,495,9.094947017729282e-13,2.220446049250313e-16
108,1.5,2.575,raw,557,4.547473508864641e-13,0.0
108,1.5,2.575,hysteresis,492,4.547473508864641e-13,0.0
108,1.5,2.6,raw,553,4.547473508864641e-13,1.1102230246251565e-16
108,1.5,2.6,hysteresis,498,2.2737367544323206e-13,1.1102230246251565e-16
108,2.0,1.9,raw,733,4.547473508864641e-13,1.1102230246251565e-16
108,2.0,1.9,hysteresis,677,4.547473508864641e-13,1.1102230246251565e-16
108,2.0,1.925,raw,721,9.094947017729282e-13,2.220446049250313e-16
108,2.0,1.925,hysteresis,664,9.094947017729282e-13,2.220446049250313e-16
108,2.0,1.95,raw,717,9.094947017729282e-13,1.1102230246251565e-15
108,2.0,1.95,hysteresis,650,9.094947017729282e-13,1.1102230246251565e-15
108,2.0,1.975,raw,709,4.547473508864641e-13,0.0
108,2.0,1.975,hysteresis,637,4.547473508864641e-13,0.0
108,2.0,2.0,raw,695,9.094947017729282e-13,1.1102230246251565e-16
108,2.0,2.0,hysteresis,622,9.094947017729282e-13,1.1102230246251565e-16
108,2.0,2.025,raw,692,4.547473508864641e-13,9.992007221626409e-16
108,2.0,2.025,hysteresis,634,4.547473508864641e-13,9.992007221626409e-16
108,2.0,2.05,raw,696,9.094947017729282e-13,7.771561172376096e-16
108,2.0,2.05,hysteresis,628,9.094947017729282e-13,7.771561172376096e-16
108,2.0,2.075,raw,696,4.547473508864641e-13,3.3306690738754696e-16
108,2.0,2.075,hysteresis,618,4.547473508864641e-13,3.3306690738754696e-16
108,2.0,2.1,raw,685,4.547473508864641e-13,4.440892098500626e-16
108,2.0,2.1,hysteresis,623,4.547473508864641e-13,4.440892098500626e-16
108,2.0,2.125,raw,688,9.094947017729282e-13,8.881784197001252e-16
108,2.0,2.125,hysteresis,605,9.094947017729282e-13,8.881784197001252e-16
108,2.0,2.15,raw,676,9.094947017729282e-13,3.3306690738754696e-16
108,2.0,2.15,hysteresis,593,4.547473508864641e-13,3.3306690738754696e-16
108,2.0,2.175,raw,676,9.094947017729282e-13,3.3306690738754696e-16
108,2.0,2.175,hysteresis,603,9.094947017729282e-13,3.3306690738754696e-16
108,2.0,2.2,raw,676,9.094947017729282e-13,1.1102230246251565e-16
108,2.0,2.2,hysteresis,585,9.094947017729282e-13,1.1102230246251565e-16
108,2.0,2.225,raw,665,9.094947017729282e-13,2.220446049250313e-16
108,2.0,2.225,hysteresis,587,9.094947017729282e-13,2.220446049250313e-16
108,2.0,2.25,raw,663,9.094947017729282e-13,1.1102230246251565e-16
108,2.0,2.25,hysteresis,586,4.547473508864641e-13,1.1102230246251565e-16
108,2.0,2.275,raw,661,9.094947017729282e-13,4.440892098500626e-16
108,2.0,2.275,hysteresis,575,9.094947017729282e-13,4.440892098500626e-16
108,2.0,2.3,raw,644,9.094947017729282e-13,3.3306690738754696e-16
108,2.0,2.3,hysteresis,578,9.094947017729282e-13,3.3306690738754696e-16
108,2.0,2.325,raw,646,9.094947017729282e-13,2.220446049250313e-16
108,2.0,2.325,hysteresis,564,9.094947017729282e-13,2.220446049250313e-16
108,2.0,2.3333333333333335,raw,651,9.094947017729282e-13,7.771561172376096e-16
108,2.0,2.3333333333333335,hysteresis,577,9.094947017729282e-13,7.771561172376096e-16
108,2.0,2.35,raw,640,4.547473508864641e-13,1.1102230246251565e-15
108,2.0,2.35,hysteresis,571,4.547473508864641e-13,1.1102230246251565e-15
108,2.0,2.375,raw,641,4.547473508864641e-13,8.881784197001252e-16
108,2.0,2.375,hysteresis,564,4.547473508864641e-13,8.881784197001252e-16
108,2.0,2.4,raw,627,4.547473508864641e-13,0.0
108,2.0,2.4,hysteresis,557,4.547473508864641e-13,0.0
108,2.0,2.414213562373095,raw,636,9.094947017729282e-13,3.3306690738754696e-16
108,2.0,2.414213562373095,hysteresis,561,9.094947017729282e-13,3.3306690738754696e-16
108,2.0,2.425,raw,636,9.094947017729282e-13,1.1102230246251565e-15
108,2.0,2.425,hysteresis,564,9.094947017729282e-13,1.1102230246251565e-15
108,2.0,2.45,raw,620,4.547473508864641e-13,1.1102230246251565e-16
108,2.0,2.45,hysteresis,563,4.547473508864641e-13,1.1102230246251565e-16
108,2.0,2.475,raw,627,2.2737367544323206e-13,3.3306690738754696e-16
108,2.0,2.475,hysteresis,550,2.2737367544323206e-13,3.3306690738754696e-16
108,2.0,2.5,raw,621,4.547473508864641e-13,4.440892098500626e-16
108,2.0,2.5,hysteresis,546,4.547473508864641e-13,4.440892098500626e-16
108,2.0,2.525,raw,620,4.547473508864641e-13,2.220446049250313e-16
108,2.0,2.525,hysteresis,552,4.547473508864641e-13,2.220446049250313e-16
108,2.0,2.55,raw,603,4.547473508864641e-13,0.0
108,2.0,2.55,hysteresis,535,4.547473508864641e-13,0.0
108,2.0,2.575,raw,602,4.547473508864641e-13,5.551115123125783e-16
108,2.0,2.575,hysteresis,539,4.547473508864641e-13,5.551115123125783e-16
108,2.0,2.6,raw,606,4.547473508864641e-13,0.0
108,2.0,2.6,hysteresis,531,4.547473508864641e-13,0.0
108,3.0,1.9,raw,847,9.094947017729282e-13,1.3322676295501878e-15
108,3.0,1.9,hysteresis,799,9.094947017729282e-13,1.3322676295501878e-15
108,3.0,1.925,raw,839,9.094947017729282e-13,2.220446049250313e-16
108,3.0,1.925,hysteresis,796,9.094947017729282e-13,2.220446049250313e-16
108,3.0,1.95,raw,841,9.094947017729282e-13,1.1102230246251565e-15
108,3.0,1.95,hysteresis,789,9.094947017729282e-13,1.1102230246251565e-15
108,3.0,1.975,raw,840,4.547473508864641e-13,8.881784197001252e-16
108,3.0,1.975,hysteresis,787,4.547473508864641e-13,8.881784197001252e-16
108,3.0,2.0,raw,836,4.547473508864641e-13,3.3306690738754696e-16
108,3.0,2.0,hysteresis,784,4.547473508864641e-13,3.3306690738754696e-16
108,3.0,2.025,raw,833,4.547473508864641e-13,2.220446049250313e-16
108,3.0,2.025,hysteresis,773,4.547473508864641e-13,2.220446049250313e-16
108,3.0,2.05,raw,845,4.547473508864641e-13,5.551115123125783e-16
108,3.0,2.05,hysteresis,787,4.547473508864641e-13,5.551115123125783e-16
108,3.0,2.075,raw,842,4.547473508864641e-13,1.1102230246251565e-15
108,3.0,2.075,hysteresis,776,4.547473508864641e-13,1.1102230246251565e-15
108,3.0,2.1,raw,836,9.094947017729282e-13,7.771561172376096e-16
108,3.0,2.1,hysteresis,776,9.094947017729282e-13,7.771561172376096e-16
108,3.0,2.125,raw,824,4.547473508864641e-13,1.3322676295501878e-15
108,3.0,2.125,hysteresis,762,4.547473508864641e-13,1.3322676295501878e-15
108,3.0,2.15,raw,823,4.547473508864641e-13,6.661338147750939e-16
108,3.0,2.15,hysteresis,759,4.547473508864641e-13,6.661338147750939e-16
108,3.0,2.175,raw,833,4.547473508864641e-13,5.551115123125783e-16
108,3.0,2.175,hysteresis,752,4.547473508864641e-13,5.551115123125783e-16
108,3.0,2.2,raw,820,9.094947017729282e-13,2.220446049250313e-16
108,3.0,2.2,hysteresis,752,9.094947017729282e-13,2.220446049250313e-16
108,3.0,2.225,raw,824,9.094947017729282e-13,8.881784197001252e-16
108,3.0,2.225,hysteresis,741,9.094947017729282e-13,8.881784197001252e-16
108,3.0,2.25,raw,808,9.094947017729282e-13,2.220446049250313e-16
108,3.0,2.25,hysteresis,738,9.094947017729282e-13,2.220446049250313e-16
108,3.0,2.275,raw,812,4.547473508864641e-13,2.220446049250313e-16
108,3.0,2.275,hysteresis,737,4.547473508864641e-13,2.220446049250313e-16
108,3.0,2.3,raw,796,4.547473508864641e-13,3.3306690738754696e-16
108,3.0,2.3,hysteresis,714,4.547473508864641e-13,3.3306690738754696e-16
108,3.0,2.325,raw,807,4.547473508864641e-13,0.0
108,3.0,2.325,hysteresis,707,4.547473508864641e-13,0.0
108,3.0,2.3333333333333335,raw,799,4.547473508864641e-13,5.551115123125783e-16
108,3.0,2.3333333333333335,hysteresis,725,4.547473508864641e-13,5.551115123125783e-16
108,3.0,2.35,raw,786,4.547473508864641e-13,7.771561172376096e-16
108,3.0,2.35,hysteresis,708,4.547473508864641e-13,7.771561172376096e-16
108,3.0,2.375,raw,794,4.547473508864641e-13,2.220446049250313e-16
108,3.0,2.375,hysteresis,710,4.547473508864641e-13,2.220446049250313e-16
108,3.0,2.4,raw,787,9.094947017729282e-13,3.3306690738754696e-16
108,3.0,2.4,hysteresis,690,9.094947017729282e-13,3.3306690738754696e-16
108,3.0,2.414213562373095,raw,780,4.547473508864641e-13,7.771561172376096e-16
108,3.0,2.414213562373095,hysteresis,693,4.547473508864641e-13,7.771561172376096e-16
108,3.0,2.425,raw,778,9.094947017729282e-13,5.551115123125783e-16
108,3.0,2.425,hysteresis,701,9.094947017729282e-13,5.551115123125783e-16
108,3.0,2.45,raw,776,4.547473508864641e-13,1.1102230246251565e-16
108,3.0,2.45,hysteresis,684,4.547473508864641e-13,1.1102230246251565e-16
108,3.0,2.475,raw,779,4.547473508864641e-13,6.661338147750939e-16
108,3.0,2.475,hysteresis,690,4.547473508864641e-13,6.661338147750939e-16
108,3.0,2.5,raw,777,4.547473508864641e-13,0.0
108,3.0,2.5,hysteresis,675,4.547473508864641e-13,0.0
108,3.0,2.525,raw,771,9.094947017729282e-13,7.771561172376096e-16
108,3.0,2.525,hysteresis,663,9.094947017729282e-13,7.771561172376096e-16
108,3.0,2.55,raw,754,4.547473508864641e-13,0.0
108,3.0,2.55,hysteresis,655,4.547473508864641e-13,0.0
108,3.0,2.575,raw,753,4.547473508864641e-13,3.3306690738754696e-16
108,3.0,2.575,hysteresis,651,4.547473508864641e-13,3.3306690738754696e-16
108,3.0,2.6,raw,751,9.094947017729282e-13,0.0
108,3.0,2.6,hysteresis,654,4.547473508864641e-13,0.0
108,4.0,1.9,raw,887,4.547473508864641e-13,0.0
108,4.0,1.9,hysteresis,867,4.547473508864641e-13,0.0
108,4.0,1.925,raw,895,9.094947017729282e-13,2.220446049250313e-16
108,4.0,1.925,hysteresis,868,4.547473508864641e-13,2.220446049250313e-16
108,4.0,1.95,raw,898,4.547473508864641e-13,2.220446049250313e-16
108,4.0,1.95,hysteresis,879,4.547473508864641e-13,2.220446049250313e-16
108,4.0,1.975,raw,910,4.547473508864641e-13,4.440892098500626e-16
108,4.0,1.975,hysteresis,877,4.547473508864641e-13,4.440892098500626e-16
108,4.0,2.0,raw,910,4.547473508864641e-13,6.661338147750939e-16
108,4.0,2.0,hysteresis,878,4.547473508864641e-13,6.661338147750939e-16
108,4.0,2.025,raw,914,9.094947017729282e-13,1.9984014443252818e-15
108,4.0,2.025,hysteresis,883,9.094947017729282e-13,1.9984014443252818e-15
108,4.0,2.05,raw,923,4.547473508864641e-13,4.440892098500626e-16
108,4.0,2.05,hysteresis,880,4.547473508864641e-13,4.440892098500626e-16
108,4.0,2.075,raw,919,9.094947017729282e-13,6.661338147750939e-16
108,4.0,2.075,hysteresis,883,9.094947017729282e-13,6.661338147750939e-16
108,4.0,2.1,raw,922,9.094947017729282e-13,1.1102230246251565e-15
108,4.0,2.1,hysteresis,885,9.094947017729282e-13,1.1102230246251565e-15
108,4.0,2.125,raw,927,4.547473508864641e-13,2.220446049250313e-16
108,4.0,2.125,hysteresis,873,4.547473508864641e-13,2.220446049250313e-16
108,4.0,2.15,raw,930,9.094947017729282e-13,6.661338147750939e-16
108,4.0,2.15,hysteresis,870,4.547473508864641e-13,6.661338147750939e-16
108,4.0,2.175,raw,933,4.547473508864641e-13,6.661338147750939e-16
108,4.0,2.175,hysteresis,880,4.547473508864641e-13,6.661338147750939e-16
108,4.0,2.2,raw,929,9.094947017729282e-13,6.661338147750939e-16
108,4.0,2.2,hysteresis,863,9.094947017729282e-13,6.661338147750939e-16
108,4.0,2.225,raw,935,9.094947017729282e-13,6.661338147750939e-16
108,4.0,2.225,hysteresis,886,9.094947017729282e-13,6.661338147750939e-16
108,4.0,2.25,raw,918,9.094947017729282e-13,9.992007221626409e-16
108,4.0,2.25,hysteresis,860,9.094947017729282e-13,9.992007221626409e-16
108,4.0,2.275,raw,932,4.547473508864641e-13,8.881784197001252e-16
108,4.0,2.275,hysteresis,861,4.547473508864641e-13,8.881784197001252e-16
108,4.0,2.3,raw,923,9.094947017729282e-13,3.3306690738754696e-16
108,4.0,2.3,hysteresis,854,4.547473508864641e-13,3.3306690738754696e-16
108,4.0,2.325,raw,917,4.547473508864641e-13,1.1102230246251565e-15
108,4.0,2.325,hysteresis,856,4.547473508864641e-13,1.1102230246251565e-15
108,4.0,2.3333333333333335,raw,929,4.547473508864641e-13,5.551115123125783e-16
108,4.0,2.3333333333333335,hysteresis,849,4.547473508864641e-13,5.551115123125783e-16
108,4.0,2.35,raw,935,9.094947017729282e-13,5.551115123125783e-16
108,4.0,2.35,hysteresis,850,2.2737367544323206e-13,5.551115123125783e-16
108,4.0,2.375,raw,925,4.547473508864641e-13,4.440892098500626e-16
108,4.0,2.375,hysteresis,849,4.547473508864641e-13,4.440892098500626e-16
108,4.0,2.4,raw,928,9.094947017729282e-13,6.661338147750939e-16
108,4.0,2.4,hysteresis,848,9.094947017729282e-13,6.661338147750939e-16
108,4.0,2.414213562373095,raw,927,4.547473508864641e-13,5.551115123125783e-16
108,4.0,2.414213562373095,hysteresis,847,4.547473508864641e-13,5.551115123125783e-16
108,4.0,2.425,raw,922,9.094947017729282e-13,2.220446049250313e-16
108,4.0,2.425,hysteresis,818,9.094947017729282e-13,2.220446049250313e-16
108,4.0,2.45,raw,918,9.094947017729282e-13,6.661338147750939e-16
108,4.0,2.45,hysteresis,826,9.094947017729282e-13,6.661338147750939e-16
108,4.0,2.475,raw,922,4.547473508864641e-13,2.220446049250313e-16
108,4.0,2.475,hysteresis,818,4.547473508864641e-13,2.220446049250313e-16
108,4.0,2.5,raw,892,2.2737367544323206e-13,4.440892098500626e-16
108,4.0,2.5,hysteresis,810,2.2737367544323206e-13,4.440892098500626e-16
108,4.0,2.525,raw,902,4.547473508864641e-13,3.3306690738754696e-16
108,4.0,2.525,hysteresis,809,4.547473508864641e-13,3.3306690738754696e-16
108,4.0,2.55,raw,909,9.094947017729282e-13,2.220446049250313e-16
108,4.0,2.55,hysteresis,806,9.094947017729282e-13,2.220446049250313e-16
108,4.0,2.575,raw,903,9.094947017729282e-13,0.0
108,4.0,2.575,hysteresis,792,9.094947017729282e-13,0.0
108,4.0,2.6,raw,885,4.547473508864641e-13,5.551115123125783e-16
108,4.0,2.6,hysteresis,789,4.547473508864641e-13,5.551115123125783e-16
