delta,elapsed_drive_periods,phase_change_turns,ci_low,ci_high,seeds
0,0.0,0.0,0.0,0.0,8
0,0.37136153388108917,-0.07243386283556455,-0.11801559194604713,-0.026852133725081974,8
0,0.7427230677621783,-0.13992796988635758,-0.215530416701727,-0.06432552307098817,8
0,1.1140846016432675,-0.22773373511951656,-0.32763164265527966,-0.12783582758375348,8
0,1.4854461355243567,-0.31680739033488237,-0.41314538971880915,-0.22046939095095558,8
0,1.8568076694054458,-0.4049401548427111,-0.5287710532840825,-0.28110925640133977,8
0,2.228169203286535,-0.48041962234787344,-0.6181436688862374,-0.3426955758095095,8
0,2.5995307371676244,-0.5461966066104358,-0.709990361808472,-0.38240285141239966,8
0,2.9708922710487133,-0.5795735741796524,-0.7616186658556976,-0.3975284825036072,8
0,3.3422538049298023,-0.6384639141480584,-0.8214591738609868,-0.45546865443512996,8
0,3.7136153388108917,-0.686105313908609,-0.854652563317167,-0.5175580645000509,8
0,4.084976872691981,-0.7258030703294809,-0.9452443314030082,-0.5063618092559535,8
0,4.45633840657307,-0.7890439006065045,-1.0022941737402342,-0.5757936274727748,8
0,4.827699940454159,-0.8349813739073596,-1.0724642557976296,-0.5974984920170896,8
0,5.199061474335249,-0.8495563261761614,-1.0919864710864273,-0.6071261812658955,8
0,5.570423008216337,-0.875163248191225,-1.1311899794861862,-0.6191365168962639,8
0,5.941784542097427,-0.927484106413395,-1.1907931453978633,-0.6641750674289266,8
0,6.313146075978516,-0.9465407030014734,-1.1839950208678325,-0.7090863851351142,8
0,6.684507609859605,-1.00616778348837,-1.2534115961271752,-0.7589239708495648,8
0,7.0558691437406935,-1.0987839743868684,-1.3584096362311655,-0.8391583125425712,8
0,7.427230677621783,-1.2047265453993323,-1.522426738323988,-0.8870263524746766,8
0,7.798592211502871,-1.2656126447301081,-1.6069908732743678,-0.9242344161858485,8
0,8.169953745383962,-1.290098955875051,-1.6345571639342258,-0.9456407478158764,8
0,8.541315279265051,-1.344160717267064,-1.7144984000971462,-0.9738230344369818,8
0,8.91267681314614,-1.3984756368686477,-1.7985368954269596,-0.9984143783103357,8
0,9.284038347027229,-1.4145443549292798,-1.8163805144019032,-1.0127081954566564,8
0,9.655399880908318,-1.4374226245095278,-1.83222716661024,-1.0426180824088156,8
0,10.026761414789407,-1.512794779718416,-1.923373823376965,-1.102215736059867,8
0,10.398122948670498,-1.567692484031267,-1.9530229381776,-1.1823620298849338,8
0,10.769484482551585,-1.6188399968283826,-2.0258148586172346,-1.2118651350395304,8
0,11.140846016432674,-1.6757175779778253,-2.0651494966881803,-1.2862856592674705,8
0,11.512207550313764,-1.7295044592610673,-2.129461377808321,-1.3295475407138138,8
0,11.883569084194853,-1.7837098307653365,-2.173684132009546,-1.393735529521127,8
0,12.25493061807594,-1.8020082156271373,-2.1819456552263885,-1.4220707760278861,8
0,12.626292151957031,-1.8465878844413373,-2.2976650160876058,-1.3955107527950688,8
0,12.99765368583812,-1.898315810780336,-2.3580216108397507,-1.4386100107209212,8
0,13.36901521971921,-1.9735309696487715,-2.4795724007019007,-1.4674895385956424,8
0,13.7403767536003,-1.927382770617609,-2.4206444033347863,-1.4341211379004317,8
0,14.111738287481387,-1.9429043999780773,-2.443402592896402,-1.4424062070597523,8
0,14.483099821362476,-1.8985305088934508,-2.3380789829952797,-1.4589820347916218,8
0,14.854461355243567,-1.9468460856257566,-2.393337055129719,-1.5003551161217943,8
0,15.225822889124656,-1.916034385102775,-2.385375143767959,-1.4466936264375911,8
0,15.597184423005743,-1.8779180270302258,-2.396558804175823,-1.3592772498846286,8
0,15.968545956886834,-1.8898242258487215,-2.405812366458681,-1.373836085238762,8
0,16.339907490767924,-1.9603380820361556,-2.511299022010408,-1.4093771420619032,8
0,16.71126902464901,-2.070917662217764,-2.596645859320301,-1.545189465115227,8
0,17.082630558530102,-2.1459805175444937,-2.668137920570755,-1.6238231145182325,8
0,17.45399209241119,-2.2321521653843814,-2.7839008744922755,-1.6804034562764874,8
0,17.82535362629228,-2.345429711115015,-2.91043595740733,-1.7804234648227,8
0,18.19671516017337,-2.439050472057153,-3.06859987471756,-1.8095010693967457,8
0,18.568076694054458,-2.5246073405631515,-3.1507813769123714,-1.8984333042139316,8
0,18.939438227935547,-2.6709794075452526,-3.286641212612345,-2.0553176024781603,8
0,19.310799761816636,-2.7135810196874792,-3.31651001118682,-2.1106520281881385,8
0,19.682161295697725,-2.8017574758086163,-3.4188707180410924,-2.1846442335761402,8
0,20.053522829578814,-2.890365605775972,-3.5039856807037384,-2.276745530848206,8
0,20.424884363459903,-2.919163070982576,-3.530993217666245,-2.307332924298907,8
0,20.796245897340995,-2.9584951887124795,-3.5501368922746295,-2.3668534851503296,8
0,21.16760743122208,-3.0445993191280447,-3.6156471099679384,-2.473551528288151,8
0,21.53896896510317,-3.1339352292066414,-3.6981807388195933,-2.5696897195936894,8
0,21.910330498984262,-3.154414111514402,-3.6896977484148454,-2.619130474613959,8
0,22.281692032865347,-3.2202851936524644,-3.7652319614042358,-2.675338425900693,8
0,22.65305356674644,-3.3098166630283368,-3.864505863293097,-2.7551274627635767,8
0,23.02441510062753,-3.3295451140792687,-3.889024610794948,-2.7700656173635894,8
0,23.395776634508614,-3.3662366599256788,-3.946860250707787,-2.7856130691435705,8
0,23.767138168389707,-3.4407308476236382,-3.9802065098078723,-2.901255185439404,8
0,24.138499702270796,-3.4725433384679385,-3.958280691948189,-2.986805984987688,8
0,24.50986123615188,-3.521735103677571,-4.05061164302852,-2.9928585643266223,8
0,24.881222770032974,-3.5645055902408873,-4.062304491318941,-3.066706689162834,8
0,25.252584303914063,-3.6171005953380857,-4.113891549791326,-3.1203096408848454,8
0,25.62394583779515,-3.7009280389754258,-4.179140903787768,-3.222715174163084,8
0,25.99530737167624,-3.7280155467063083,-4.21907573793698,-3.2369553554756365,8
0,26.366668905557333,-3.800540518157132,-4.2980301997525165,-3.3030508365617477,8
0,26.73803043943842,-3.891847725260755,-4.417501855696399,-3.366193594825111,8
0,27.109391973319507,-3.9310543195576972,-4.455397985697848,-3.4067106534175458,8
0,27.4807535072006,-3.97584635470304,-4.513342042871372,-3.438350666534708,8
0,27.852115041081685,-4.014532725390073,-4.517961981787389,-3.5111034689927583,8
0,28.223476574962774,-4.082531634470705,-4.539055900717646,-3.6260073682237635,8
0,28.594838108843867,-4.123382450811988,-4.558183231377838,-3.688581670246138,8
0,28.966199642724952,-4.177970896052915,-4.622502116722193,-3.7334396753836363,8
0,29.337561176606044,-4.180153112445133,-4.603305780417252,-3.7570004444730136,8
0,29.708922710487133,-4.246821354835444,-4.681074976090454,-3.812567733580434,8
0,30.08028424436822,-4.2766973640995385,-4.700024913904199,-3.8533698142948776,8
0,30.45164577824931,-4.3143431357280395,-4.763050168799019,-3.86563610265706,8
0,30.8230073121304,-4.383369750914509,-4.841336158327399,-3.92540334350162,8
0,31.194368846011486,-4.44344303945174,-4.924425672659664,-3.9624604062438156,8
0,31.565730379892578,-4.508462992883551,-5.022893406346582,-3.9940325794205203,8
0,31.937091913773667,-4.562603910817751,-5.063549863199719,-4.0616579584357835,8
0,32.308453447654756,-4.571737027004423,-5.0620619002224,-4.081412153786447,8
0,32.67981498153585,-4.614702968749635,-5.136401538182488,-4.093004399316781,8
0,33.051176515416934,-4.676457540811082,-5.2005651567899935,-4.152349924832171,8
0,33.42253804929802,-4.7396578904592355,-5.261723143179391,-4.21759263773908,8
0,33.79389958317911,-4.792557931234896,-5.309384717604239,-4.275731144865553,8
0,34.165261117060204,-4.852839482736828,-5.367033854130993,-4.338645111342663,8
0,34.53662265094129,-4.946618299918732,-5.448881508562919,-4.444355091274544,8
0,34.90798418482238,-4.97498960846469,-5.462885020418609,-4.487094196510771,8
0,35.27934571870347,-5.02000950634566,-5.507380531372747,-4.532638481318572,8
0,35.65070725258456,-5.060435911560161,-5.5227747833563035,-4.598097039764018,8
0,36.022068786465645,-5.083359134348732,-5.552048761706236,-4.614669506991228,8
0,36.39343032034674,-5.11485865341475,-5.5791008634119645,-4.650616443417535,8
0,36.76479185422783,-5.137190443363312,-5.590977636918222,-4.683403249808402,8
0,37.136153388108916,-5.234983260118278,-5.671049562621128,-4.798916957615427,8
0,37.50751492199001,-5.287357662979314,-5.715071277075454,-4.859644048883174,8
0,37.878876455871094,-5.345146782504971,-5.784107486497832,-4.90618607851211,8
0,38.25023798975218,-5.373984843851484,-5.865219250227559,-4.8827504374754085,8
0,38.62159952363327,-5.452977991080456,-5.949395888088046,-4.956560094072866,8
0,38.992961057514364,-5.501814842057096,-6.039437277131171,-4.96419240698302,8
0,39.36432259139545,-5.631034758479612,-6.135724240452951,-5.126345276506274,8
0,39.73568412527654,-5.690687692298521,-6.206086809451159,-5.175288575145883,8
0,40.10704565915763,-5.747601337315819,-6.272961776260287,-5.222240898371352,8
0,40.47840719303872,-5.809391783180285,-6.366135718438408,-5.252647847922161,8
0,40.849768726919805,-5.89613208705371,-6.466235787474698,-5.326028386632721,8
0,41.22113026080089,-5.977050067288914,-6.5922297998431745,-5.361870334734654,8
0,41.59249179468199,-6.037746621629859,-6.666759233911527,-5.408734009348191,8
0,41.963853328563076,-6.1084635880443345,-6.748305244520839,-5.46862193156783,8
0,42.33521486244416,-6.190302378209743,-6.840812258767639,-5.539792497651846,8
0,42.706576396325254,-6.2173247733780315,-6.832855857513456,-5.601793689242607,8
0,43.07793793020634,-6.238796631436831,-6.852214546597771,-5.625378716275891,8
0,43.44929946408743,-6.32046368810469,-6.988922098060343,-5.652005278149037,8
0,43.820660997968524,-6.446526344381121,-7.195420980789017,-5.697631707973226,8
0,44.19202253184961,-6.483992305940465,-7.157629962287264,-5.810354649593665,8
0,44.563384065730695,-6.537449496146865,-7.2136470861744,-5.861251906119331,8
0,44.934745599611794,-6.608538857430484,-7.303607467447458,-5.91347024741351,8
0,45.30610713349288,-6.635169110691104,-7.274967172131284,-5.995371049250924,8
0,45.677468667373965,-6.702389566780121,-7.312901947191906,-6.091877186368335,8
0,46.04883020125506,-6.716071199513729,-7.257945033247818,-6.174197365779641,8
0,46.42019173513614,-6.727888548005133,-7.272645201717726,-6.18313189429254,8
0,46.79155326901723,-6.779856594170823,-7.322218951800821,-6.237494236540826,8
0,47.16291480289833,-6.868021222150398,-7.411843204366032,-6.324199239934765,8
0,47.53427633677941,-6.897815077469018,-7.432432582465199,-6.363197572472838,8
0,47.9056378706605,-6.9466406500890185,-7.522278344443078,-6.3710029557349594,8
0,48.27699940454159,-6.98793092745823,-7.5298450428927,-6.4460168120237595,8
0,48.64836093842268,-7.0498316848324105,-7.583467565985853,-6.5161958036789684,8
0,49.01972247230376,-7.1026511414366835,-7.666190787203112,-6.539111495670255,8
0,49.39108400618486,-7.225311566792997,-7.867912696017866,-6.582710437568128,8
0,49.76244554006595,-7.311682307059784,-7.984761285570385,-6.638603328549183,8
0,50.13380707394703,-7.399990513568229,-8.124589795706715,-6.675391231429743,8
0,50.505168607828125,-7.419901786039573,-8.109255045610677,-6.730548526468469,8
0,50.87653014170922,-7.472020369624403,-8.190794013642035,-6.75324672560677,8
0,51.2478916755903,-7.544655252356531,-8.289684004272395,-6.7996265004406675,8
0,51.619253209471395,-7.61952923227804,-8.36752553595544,-6.87153292860064,8
0,51.99061474335248,-7.663776205308944,-8.3987706797316,-6.928781730886288,8
0,52.361976277233566,-7.676996249574455,-8.446177837352515,-6.9078146617963965,8
0,52.733337811114666,-7.777225232211723,-8.574930111528793,-6.979520352894654,8
0,53.10469934499575,-7.777133008003283,-8.568152535519415,-6.986113480487152,8
0,53.47606087887684,-7.8616115533062265,-8.6306211917056,-7.092601914906852,8
0,53.84742241275793,-7.923619793590929,-8.667630475812368,-7.1796091113694915,8
0,54.218783946639014,-7.979656228542966,-8.73158324541601,-7.227729211669923,8
0,54.5901454805201,-8.035065568167328,-8.770119836876125,-7.300011299458531,8
0,54.9615070144012,-8.110996202188595,-8.893439258742008,-7.328553145635182,8
0,55.332868548282285,-8.150278558374177,-8.934854921353343,-7.365702195395011,8
0,55.70423008216337,-8.214933600238675,-8.945220508921416,-7.484646691555933,8
0,56.07559161604446,-8.260791671774108,-9.009261905624731,-7.512321437923484,8
0,56.44695314992555,-8.301245886479293,-9.063678040066153,-7.538813732892434,8
0,56.81831468380664,-8.3902041204393,-9.135782460609114,-7.644625780269487,8
0,57.18967621768773,-8.454633393057918,-9.14840055312048,-7.760866232995356,8
0,57.56103775156882,-8.470270795047611,-9.195005896576038,-7.745535693519183,8
0,57.932399285449904,-8.486050984213616,-9.292081492184323,-7.680020476242909,8
0,58.303760819330996,-8.535776471786841,-9.349803422447682,-7.721749521126,8
0,58.67512235321209,-8.564303385081477,-9.376948314680678,-7.751658455482275,8
0,59.046483887093174,-8.622781080984494,-9.460710758453562,-7.784851403515425,8
0,59.41784542097427,-8.674547915359954,-9.516645962234524,-7.832449868485384,8
0,59.78920695485535,-8.780166428004122,-9.64421801920583,-7.9161148368024135,8
0,60.16056848873644,-8.846280961044775,-9.668640883712929,-8.02392103837662,8
0,60.53193002261754,-8.881652442956186,-9.71424427413498,-8.049060611777392,8
0,60.90329155649862,-8.947503676656954,-9.763762112637712,-8.131245240676195,8
0,61.27465309037971,-9.017903078308422,-9.81309085012156,-8.222715306495283,8
0,61.6460146242608,-9.075874570094062,-9.879407599986957,-8.272341540201166,8
0,62.017376158141886,-9.093268423906833,-9.891564454894201,-8.294972392919465,8
0,62.38873769202297,-9.162468068165913,-9.946770338140624,-8.378165798191201,8
0,62.76009922590407,-9.159964581353357,-9.998610419991975,-8.32131874271474,8
0,63.131460759785156,-9.300742863905734,-10.091974965410234,-8.509510762401234,8
0,63.50282229366624,-9.340965780675173,-10.110575705773394,-8.571355855576952,8
0,63.874183827547334,-9.39904144402431,-10.201814132957262,-8.596268755091357,8
0,64.24554536142843,-9.400695306040257,-10.223726741110308,-8.577663870970206,8
0,64.61690689530951,-9.506043667876844,-10.312229548321845,-8.699857787431842,8
0,64.9882684291906,-9.557286577800634,-10.348914635722863,-8.765658519878404,8
0,65.3596299630717,-9.592117677505815,-10.37081306367414,-8.81342229133749,8
0,65.73099149695278,-9.683436945307758,-10.503591893117388,-8.863281997498127,8
0,66.10235303083387,-9.726003637673971,-10.568256857347057,-8.883750418000885,8
0,66.47371456471495,-9.799434295770306,-10.659179681603504,-8.939688909937107,8
0,66.84507609859604,-9.827766760403598,-10.669071752933311,-8.986461767873886,8
0,67.21643763247714,-9.857556703010022,-10.720811049373209,-8.994302356646836,8
0,67.58779916635822,-9.895922744572943,-10.766575653577766,-9.02526983556812,8
0,67.95916070023931,-9.932436653389011,-10.818416752052665,-9.046456554725358,8
0,68.33052223412041,-9.950555361888313,-10.823887857567911,-9.077222866208714,8
0,68.7018837680015,-10.056942806611062,-10.936449950069125,-9.177435663152998,8
0,69.07324530188258,-10.103033263375867,-10.943124507376401,-9.262942019375332,8
0,69.44460683576368,-10.201026687173288,-11.07429531093669,-9.327758063409885,8
0,69.81596836964476,-10.290447038143842,-11.169497628294149,-9.411396447993535,8
0,70.18732990352585,-10.312578562456986,-11.16352793815517,-9.461629186758802,8
0,70.55869143740694,-10.33657864656314,-11.096793144323541,-9.576364148802739,8
0,70.93005297128802,-10.305577567529637,-10.989642011637935,-9.62151312342134,8
0,71.30141450516912,-10.299045291637189,-10.94314066291225,-9.654949920362128,8
0,71.6727760390502,-10.358818189716336,-11.057587580941835,-9.660048798490838,8
0,72.04413757293129,-10.4072171257518,-11.135190940742223,-9.679243310761375,8
0,72.41549910681239,-10.527207813668245,-11.261072295530731,-9.793343331805758,8
0,72.78686064069348,-10.557940349241614,-11.358102119093482,-9.757778579389745,8
0,73.15822217457456,-10.597698855926367,-11.411202727047206,-9.784194984805529,8
0,73.52958370845566,-10.71945881142792,-11.441207162286956,-9.997710460568884,8
0,73.90094524233675,-10.762271028882385,-11.460537050277214,-10.064005007487555,8
0,74.27230677621783,-10.850970450256769,-11.496287235577752,-10.205653664935786,8
0,74.64366831009893,-10.869487430930848,-11.46844400133135,-10.270530860530346,8
0,75.01502984398002,-10.915648808643816,-11.520342499375909,-10.310955117911723,8
0,75.3863913778611,-10.91968423306267,-11.492255124597317,-10.347113341528022,8
0,75.75775291174219,-10.95330267183549,-11.528452002796346,-10.378153340874633,8
0,76.12911444562327,-10.977664104698983,-11.506707237222937,-10.448620972175028,8
0,76.50047597950436,-11.010711533890733,-11.556904528020459,-10.464518539761007,8
0,76.87183751338546,-11.043355391620697,-11.572692175294414,-10.51401860794698,8
0,77.24319904726654,-11.100463218351226,-11.621143025979123,-10.57978341072333,8
0,77.61456058114763,-11.207706499619821,-11.773617376840068,-10.641795622399574,8
0,77.98592211502873,-11.246754332654444,-11.798379485275927,-10.69512918003296,8
0,78.35728364890981,-11.262742638458574,-11.792223222858857,-10.733262054058292,8
0,78.7286451827909,-11.34671707672868,-11.926438384156095,-10.766995769301266,8
0,79.100006716672,-11.274724140957495,-11.874397407995719,-10.675050873919272,8
0,79.47136825055308,-11.372459228354055,-11.991385086661603,-10.753533370046506,8
0,79.84272978443417,-11.422130004461884,-12.084242577564284,-10.760017431359485,8
0,80.21409131831525,-11.419177335941983,-12.047693330371901,-10.790661341512065,8
0,80.58545285219635,-11.525985666794032,-12.240747464805866,-10.811223868782198,8
0,80.95681438607744,-11.558390694409757,-12.262705940786272,-10.854075448033242,8
0,81.32817591995853,-11.538292157683722,-12.180442888934323,-10.896141426433122,8
0,81.69953745383961,-11.586615258786118,-12.230802966537954,-10.942427551034282,8
0,82.07089898772071,-11.605398214639836,-12.226515473213503,-10.984280956066168,8
0,82.44226052160178,-11.654919630164953,-12.325137873826563,-10.984701386503342,8
0,82.81362205548288,-11.737512188128244,-12.392118089692168,-11.08290628656432,8
0,83.18498358936398,-11.7985298466838,-12.445781323349722,-11.151278370017879,8
0,83.55634512324505,-11.850119463314265,-12.514278620840551,-11.185960305787978,8
0,83.92770665712615,-11.915389937495545,-12.55980770100052,-11.270972173990572,8
0,84.29906819100725,-11.948116630007325,-12.571253766039407,-11.324979493975244,8
0,84.67042972488832,-12.03821853019596,-12.687384496705661,-11.38905256368626,8
0,85.04179125876942,-12.116729523411353,-12.754277360344938,-11.479181686477768,8
0,85.41315279265051,-12.162974527810812,-12.825120835922988,-11.500828219698636,8
0,85.78451432653159,-12.18846524723892,-12.815123359739793,-11.561807134738046,8
0,86.15587586041268,-12.248777698419524,-12.879324055116507,-11.61823134172254,8
0,86.52723739429378,-12.336361134791918,-12.984503464652196,-11.68821880493164,8
0,86.89859892817486,-12.36244007081957,-12.991411981889549,-11.733468159749592,8
0,87.26996046205595,-12.485519217311259,-13.17821852369929,-11.792819910923228,8
0,87.64132199593705,-12.518275343165325,-13.196637486029239,-11.83991320030141,8
0,88.01268352981812,-12.550627460621584,-13.255780853535626,-11.845474067707542,8
0,88.38404506369922,-12.625670227925905,-13.370833906748869,-11.880506549102941,8
0,88.75540659758032,-12.653564626462728,-13.408068989589202,-11.899060263336255,8
0,89.12676813146139,-12.69995943214973,-13.439405247388862,-11.9605136169106,8
0,89.49812966534249,-12.771787940799669,-13.5125436672745,-12.031032214324838,8
0,89.86949119922359,-12.83328909642573,-13.57773441125435,-12.088843781597111,8
0,90.24085273310466,-12.921357034187013,-13.642421902268866,-12.200292166105159,8
0,90.61221426698576,-12.971365026945966,-13.690322132150483,-12.25240792174145,8
0,90.98357580086684,-13.0528343165934,-13.782816687068674,-12.322851946118124,8
0,91.35493733474793,-13.066931278492135,-13.789959331569964,-12.343903225414305,8
0,91.72629886862902,-13.113356864536204,-13.844900548183476,-12.381813180888932,8
0,92.09766040251012,-13.139184147802037,-13.837882133059896,-12.440486162544179,8
0,92.4690219363912,-13.168130305808724,-13.850499715133012,-12.485760896484436,8
0,92.84038347027229,-13.24641877891863,-13.927660967072296,-12.565176590764963,8
0,93.21174500415339,-13.300544729571838,-13.979417697869199,-12.621671761274477,8
0,93.58310653803446,-13.395142033910838,-14.118656718340091,-12.671627349481586,8
0,93.95446807191556,-13.411491059585654,-14.140157477587588,-12.68282464158372,8
0,94.32582960579666,-13.480137912139023,-14.209463350823977,-12.750812473454069,8
0,94.69719113967773,-13.519671756786352,-14.279276885489901,-12.760066628082802,8
0,95.06855267355883,-13.621399115408822,-14.41700533213146,-12.825792898686185,8
0,95.43991420743991,-13.681978076537593,-14.49667666502026,-12.867279488054926,8
0,95.811275741321,-13.6778877593015,-14.47358752893999,-12.88218798966301,8
0,96.1826372752021,-13.782531430920756,-14.600977247706263,-12.964085614135248,8
0,96.55399880908318,-13.808056082151346,-14.629869896544571,-12.98624226775812,8
0,96.92536034296427,-13.875162372670522,-14.667067005976973,-13.08325773936407,8
0,97.29672187684535,-13.910489556871124,-14.698130487599904,-13.122848626142343,8
0,97.66808341072645,-13.9749843086087,-14.769957050159812,-13.180011567057589,8
0,98.03944494460752,-14.003328791030544,-14.814011000822846,-13.192646581238241,8
0,98.41080647848862,-14.116319731388824,-14.941442514255524,-13.291196948522124,8
0,98.78216801236972,-14.196158044481171,-15.052324821463111,-13.339991267499231,8
0,99.1535295462508,-14.259797470241686,-15.15170670359662,-13.367888236886753,8
0,99.5248910801319,-14.343740106769916,-15.216253525828954,-13.471226687710878,8
0,99.896252614013,-14.385557281784978,-15.270229531120144,-13.500885032449812,8
0,100.26761414789407,-14.452627076042411,-15.322690263078922,-13.5825638890059,8
0,100.63897568177516,-14.542682766037826,-15.419438512430196,-13.665927019645457,8
0,101.01033721565625,-14.548407261043625,-15.4536153393182,-13.64319918276905,8
0,101.38169874953734,-14.59742196518513,-15.510581680422916,-13.684262249947345,8
0,101.75306028341844,-14.662008275462842,-15.61280600822405,-13.711210542701634,8
0,102.12442181729952,-14.73965134750941,-15.726978581843339,-13.752324113175481,8
0,102.4957833511806,-14.757545692333851,-15.703428585823232,-13.81166279884447,8
0,102.86714488506169,-14.859335178022933,-15.864799859057463,-13.853870496988403,8
0,103.23850641894279,-14.904569088737384,-15.97001976760993,-13.839118409864838,8
0,103.60986795282386,-14.939356719597175,-16.010840537406686,-13.867872901787665,8
0,103.98122948670496,-15.013370059606181,-16.112077515760937,-13.914662603451426,8
0,104.35259102058606,-15.090943285044435,-16.17482837347653,-14.007058196612341,8
0,104.72395255446713,-15.126864708426949,-16.172557340256073,-14.081172076597824,8
0,105.09531408834823,-15.17515367422981,-16.19577990263592,-14.1545274458237,8
0,105.46667562222933,-15.251431412819057,-16.28306003133153,-14.219802794306586,8
0,105.8380371561104,-15.299418984128485,-16.277212465228747,-14.321625503028223,8
0,106.2093986899915,-15.335468751988563,-16.268307077035402,-14.402630426941721,8
0,106.58076022387259,-15.364701683934422,-16.437108638950125,-14.29229472891872,8
0,106.95212175775367,-15.415273979039437,-16.463873527050048,-14.366674431028828,8
0,107.32348329163476,-15.426051461456074,-16.509813178382565,-14.342289744529584,8
0,107.69484482551586,-15.470298513756436,-16.521122142830503,-14.41947488468237,8
0,108.06620635939694,-15.561012481559056,-16.662564292529805,-14.459460670588307,8
0,108.43756789327803,-15.63321163793671,-16.737077424392954,-14.529345851480468,8
0,108.80892942715913,-15.68829347952677,-16.78114245861396,-14.595444500439582,8
0,109.1802909610402,-15.717096999757471,-16.755506961670093,-14.678687037844849,8
0,109.5516524949213,-15.765510326988839,-16.803420428614366,-14.727600225363311,8
0,109.9230140288024,-15.780217020146981,-16.782428492574034,-14.778005547719927,8
0,110.29437556268347,-15.834984465279359,-16.797103628862878,-14.872865301695839,8
0,110.66573709656457,-15.939075780244016,-16.940868288303808,-14.937283272184224,8
0,111.03709863044567,-15.991976091933179,-17.01290379932545,-14.971048384540909,8
0,111.40846016432674,-16.047214390879795,-17.078342069932514,-15.016086711827075,8
0,111.77982169820784,-16.085780180394632,-17.123242075855465,-15.0483182849338,8
0,112.15118323208893,-16.131911410339395,-17.183618793922342,-15.080204026756448,8
0,112.52254476597001,-16.263283979428934,-17.309451772221426,-15.21711618663644,8
0,112.8939062998511,-16.280085278070956,-17.32844475086703,-15.231725805274886,8
0,113.2652678337322,-16.33262400692173,-17.360803747276304,-15.304444266567154,8
0,113.63662936761328,-16.346053934427573,-17.39354440262504,-15.298563466230108,8
0,114.00799090149437,-16.40618077682601,-17.43219924134851,-15.380162312303506,8
0,114.37935243537547,-16.455138424792906,-17.487629032111315,-15.422647817474498,8
0,114.75071396925654,-16.511461550255355,-17.583518495698435,-15.439404604812275,8
0,115.12207550313764,-16.585880947873335,-17.65302892198985,-15.51873297375682,8
0,115.49343703701874,-16.574500782701715,-17.701452793652773,-15.447548771750657,8
0,115.86479857089981,-16.607970837877815,-17.73079585301787,-15.485145822737762,8
0,116.23616010478091,-16.66934565240155,-17.790296494560646,-15.548394810242453,8
0,116.60752163866199,-16.724358029821595,-17.833798827108602,-15.614917232534587,8
0,116.97888317254308,-16.775104644127524,-17.88043585384181,-15.669773434413237,8
0,117.35024470642418,-16.790268629143345,-17.908337625822643,-15.672199632464046,8
0,117.72160624030526,-16.85537263780192,-17.950897055912797,-15.759848219691044,8
0,118.09296777418635,-16.919811750245177,-18.027317494599348,-15.812306005891008,8
0,118.46432930806743,-16.93586272689525,-18.030189439072114,-15.841536014718391,8
0,118.83569084194853,-16.98822089247754,-18.09780818061228,-15.8786336043428,8
0,119.2070523758296,-17.0295992458339,-18.143196677736466,-15.916001813931336,8
0,119.5784139097107,-17.071244772977167,-18.15184951279125,-15.990640033163082,8
0,119.9497754435918,-17.11442755481963,-18.231801604371757,-15.997053505267504,8
0,120.32113697747288,-17.14465256130446,-18.28737146293236,-16.001933659676563,8
0,120.69249851135397,-17.26158763788391,-18.439269271872877,-16.083906003894942,8
0,121.06386004523507,-17.337172843335935,-18.5550539806046,-16.11929170606727,8
0,121.43522157911615,-17.42206705120175,-18.650308833826948,-16.193825268576553,8
0,121.80658311299725,-17.47123159022481,-18.684053110537263,-16.258410069912358,8
0,122.17794464687833,-17.516085504421756,-18.691343052940304,-16.340827955903208,8
0,122.54930618075942,-17.56767992571527,-18.74233419946812,-16.39302565196242,8
0,122.92066771464052,-17.584805689593416,-18.76846775102613,-16.401143628160703,8
0,123.2920292485216,-17.62595234824194,-18.804809673737928,-16.44709502274595,8
0,123.66339078240269,-17.653244431491864,-18.832953099731892,-16.473535763251835,8
0,124.03475231628377,-17.71890398758616,-18.86044178566218,-16.57736618951014,8
0,124.40611385016487,-17.764093896354982,-18.94612493705263,-16.582062855657334,8
0,124.77747538404594,-17.831121887642386,-19.01501332343132,-16.647230451853453,8
0,125.14883691792704,-17.877802808525193,-19.064991038598663,-16.690614578451722,8
0,125.52019845180814,-17.933001272629614,-19.15249522079659,-16.713507324462636,8
0,125.89155998568921,-17.965505998953688,-19.19434116758265,-16.736670830324726,8
0,126.26292151957031,-17.949340680758816,-19.16663203010825,-16.73204933140938,8
0,126.63428305345141,-17.975495479124557,-19.187211827531396,-16.76377913071772,8
0,127.00564458733248,-18.02667026102379,-19.260741745450087,-16.79259877659749,8
0,127.37700612121358,-18.063764169312137,-19.27249624383015,-16.855032094794122,8
0,127.74836765509467,-18.116724118814474,-19.300946898995996,-16.932501338632953,8
0,128.11972918897575,-18.22359938962227,-19.42025855067777,-17.02694022856677,8
0,128.49109072285685,-18.323541004754745,-19.547601056805025,-17.099480952704464,8
0,128.86245225673795,-18.357673953359335,-19.564660373132302,-17.150687533586368,8
0,129.23381379061902,-18.352871114476816,-19.57333047809969,-17.13241175085394,8
0,129.60517532450012,-18.536045944502135,-19.692584992906806,-17.379506896097464,8
0,129.9765368583812,-18.52532630126123,-19.716295228886555,-17.334357373635907,8
0,130.3478983922623,-18.594348629350776,-19.768837724511442,-17.41985953419011,8
0,130.7192599261434,-18.615736325915716,-19.796317195660187,-17.435155456171245,8
0,131.09062146002447,-18.692865116963954,-19.888987128662308,-17.4967431052656,8
0,131.46198299390556,-18.757690971439363,-19.953299729481497,-17.56208221339723,8
0,131.83334452778664,-18.866229507681606,-20.069895978732248,-17.662563036630964,8
0,132.20470606166774,-18.98776217377503,-20.203308556674592,-17.77221579087547,8
0,132.5760675955488,-19.0196112264679,-20.197378141365835,-17.841844311569968,8
0,132.9474291294299,-19.142305094247348,-20.325301504788893,-17.959308683705803,8
0,133.318790663311,-19.3098843250621,-20.552786474185005,-18.066982175939195,8
0,133.69015219719208,-19.411432608058885,-20.690228852170662,-18.132636363947107,8
0,134.06151373107318,-19.52035971330121,-20.815529559854035,-18.225189866748387,8
0,134.43287526495428,-19.59169612209808,-20.904156373939287,-18.279235870256876,8
0,134.80423679883535,-19.626480603473183,-20.894031121340024,-18.358930085606342,8
0,135.17559833271645,-19.616287918549762,-20.859304652914172,-18.373271184185352,8
0,135.54695986659755,-19.625523734897296,-20.867505535198354,-18.383541934596238,8
0,135.91832140047862,-19.746953987037,-21.058084069267473,-18.435823904806526,8
0,136.28968293435972,-19.897193726371416,-21.282103884038776,-18.512283568704056,8
0,136.66104446824082,-19.93880762552175,-21.353118108912117,-18.524497142131384,8
0,137.0324060021219,-19.993890183217403,-21.429047475452517,-18.558732890982288,8
0,137.403767536003,-20.07047825245724,-21.502669077627342,-18.638287427287136,8
0,137.7751290698841,-20.09810650763099,-21.55935096081519,-18.63686205444679,8
0,138.14649060376516,-20.18700153015068,-21.67270750229625,-18.70129555800511,8
0,138.51785213764626,-20.255860724209597,-21.747409321781262,-18.764312126637932,8
0,138.88921367152736,-20.393820102309828,-21.97052778107953,-18.817112423540127,8
0,139.26057520540843,-20.420342093967367,-21.997723871699083,-18.84296031623565,8
0,139.63193673928953,-20.58129106151738,-22.245784181482414,-18.916797941552346,8
0,140.00329827317063,-20.61848389573793,-22.26901251247606,-18.967955278999803,8
0,140.3746598070517,-20.589186432511795,-22.213576297087133,-18.964796567936457,8
0,140.7460213409328,-20.744071124926204,-22.410899740412077,-19.07724250944033,8
0,141.11738287481387,-20.81817181695486,-22.484986885840755,-19.151356748068963,8
0,141.48874440869497,-20.848693810078064,-22.451860348697622,-19.245527271458506,8
0,141.86010594257604,-20.989618491986537,-22.61895718274809,-19.360279801224983,8
0,142.23146747645714,-21.052727525231642,-22.673503139719433,-19.43195191074385,8
0,142.60282901033824,-21.147327589899866,-22.814844498920994,-19.47981068087874,8
0,142.9741905442193,-21.34005480970588,-23.106308145946784,-19.573801473464975,8
0,143.3455520781004,-21.354911860881465,-23.083581358783643,-19.626242362979287,8
0,143.7169136119815,-21.41063079871225,-23.11894451495912,-19.70231708246538,8
0,144.08827514586258,-21.456800586129344,-23.165941563385786,-19.7476596088729,8
0,144.45963667974368,-21.5218633073095,-23.265752014333373,-19.777974600285624,8
0,144.83099821362478,-21.56738914316052,-23.287032706135896,-19.84774558018514,8
0,145.20235974750585,-21.647493073467956,-23.351810350489913,-19.943175796446,8
0,145.57372128138695,-21.69222646630402,-23.40642937387751,-19.97802355873053,8
0,145.94508281526805,-21.74438225923145,-23.434674776530315,-20.054089741932586,8
0,146.31644434914912,-21.75689302914818,-23.44525916418362,-20.06852689411274,8
0,146.68780588303022,-21.823547121941868,-23.48203526953745,-20.165058974346284,8
0,147.05916741691132,-21.869293855848483,-23.561327439866414,-20.17726027183055,8
0,147.4305289507924,-21.91562388191773,-23.568875025283393,-20.262372738552063,8
0,147.8018904846735,-21.934867993256113,-23.61489862451829,-20.254837361993935,8
0,148.1732520185546,-22.018219118566492,-23.72152043005368,-20.314917807079304,8
0,148.54461355243566,-22.053828866371067,-23.822674134766622,-20.28498359797551,8
0,148.91597508631676,-22.145771345714085,-23.94660407872519,-20.34493861270298,8
0,149.28733662019786,-22.292636242752934,-24.052962170340003,-20.532310315165866,8
0,149.65869815407893,-22.366776936003117,-24.12118398675683,-20.612369885249404,8
0,150.03005968796003,-22.437456299663317,-24.201860421479164,-20.67305217784747,8
0,150.4014212218411,-22.59630334544579,-24.349061856395938,-20.843544834495642,8
0,150.7727827557222,-22.731863095089707,-24.5057573173615,-20.957968872817915,8
0,151.14414428960328,-22.714788911554038,-24.429336838807615,-21.00024098430046,8
0,151.51550582348438,-22.80612008309818,-24.534122807783405,-21.078117358412953,8
0,151.88686735736547,-22.866336333127066,-24.577193209342074,-21.155479456912058,8
0,152.25822889124655,-22.92521094887009,-24.632726529744456,-21.217695367995727,8
0,152.62959042512765,-22.924617311324575,-24.656108924956218,-21.19312569769293,8
0,153.00095195900872,-23.015874904675726,-24.757507854355502,-21.27424195499595,8
0,153.37231349288982,-23.08510024745823,-24.852425474299064,-21.317775020617393,8
0,153.74367502677092,-23.19135113089955,-24.89990249005209,-21.482799771747015,8
0,154.115036560652,-23.287618484737052,-24.932500918798148,-21.642736050675957,8
0,154.4863980945331,-23.43261466606835,-25.08299853802212,-21.78223079411458,8
0,154.8577596284142,-23.477275600718777,-25.12974514216887,-21.824806059268685,8
0,155.22912116229526,-23.6250365971392,-25.254551868709264,-21.995521325569136,8
0,155.60048269617636,-23.735475341872828,-25.380408874798718,-22.090541808946938,8
0,155.97184423005746,-23.772640798098685,-25.464920935987397,-22.080360660209973,8
0,156.34320576393853,-23.80714461414025,-25.522488565756905,-22.091800662523593,8
0,156.71456729781963,-23.87343140678204,-25.59913853039688,-22.1477242831672,8
0,157.08592883170073,-23.89442755485149,-25.59075966742584,-22.19809544227714,8
0,157.4572903655818,-23.974640798644607,-25.64183334045229,-22.307448256836924,8
0,157.8286518994629,-24.036906387840972,-25.695642638125193,-22.37817013755675,8
0,158.200013433344,-24.146876939771737,-25.808752672286666,-22.485001207256808,8
0,158.57137496722507,-24.20564213487311,-25.860040041690425,-22.551244228055793,8
0,158.94273650110617,-24.26641248935972,-25.9395221535854,-22.59330282513404,8
0,159.31409803498727,-24.270986047474004,-25.920481323439102,-22.621490771508906,8
0,159.68545956886834,-24.344205850957902,-25.981701811384525,-22.70670989053128,8
0,160.05682110274944,-24.40546094965192,-26.006011139131015,-22.804910760172827,8
0,160.4281826366305,-24.482410283780176,-26.141121099041687,-22.823699468518665,8
0,160.7995441705116,-24.50152212896662,-26.179364822961865,-22.823679434971375,8
0,161.1709057043927,-24.54662567553201,-26.22642837004288,-22.86682298102114,8
0,161.54226723827378,-24.568513503938007,-26.223605340250906,-22.91342166762511,8
0,161.91362877215488,-24.61384678020592,-26.294812395122335,-22.93288116528951,8
0,162.28499030603595,-24.62630519623417,-26.310696979387135,-22.941913413081206,8
0,162.65635183991705,-24.707528001998973,-26.424507283668934,-22.990548720329013,8
0,163.02771337379815,-24.76064102249122,-26.47711237019134,-23.044169674791103,8
0,163.39907490767922,-24.817201204848175,-26.534878872262375,-23.099523537433974,8
0,163.77043644156032,-24.831143061369986,-26.541079359678374,-23.121206763061597,8
0,164.14179797544142,-24.867418079854314,-26.591024041455512,-23.143812118253116,8
0,164.5131595093225,-24.855281675712135,-26.570868951660096,-23.139694399764174,8
0,164.88452104320356,-25.005207479112883,-26.731215834538204,-23.27919912368756,8
0,165.2558825770847,-24.98023771578696,-26.719127257521095,-23.241348174052824,8
0,165.62724411096576,-25.04684004294348,-26.800471023232806,-23.293209062654153,8
0,165.99860564484683,-25.187704705354008,-26.954749670837376,-23.42065973987064,8
0,166.36996717872796,-25.3018005374527,-27.048863090282882,-23.554737984622516,8
0,166.74132871260903,-25.38517100104797,-27.189740781583684,-23.580601220512253,8
0,167.1126902464901,-25.40472713545977,-27.205820302512578,-23.60363396840696,8
0,167.48405178037123,-25.296806154559196,-27.0360760447884,-23.557536264329993,8
0,167.8554133142523,-25.39059824987413,-27.189447418609873,-23.59174908113839,8
0,168.22677484813337,-25.382208863569755,-27.100710767849677,-23.663706959289833,8
0,168.5981363820145,-25.37304480892992,-27.012670163890174,-23.733419453969663,8
0,168.96949791589557,-25.389639263129247,-27.062964745740864,-23.71631378051763,8
0,169.34085944977664,-25.488064781399338,-27.163302157930474,-23.8128274048682,8
0,169.71222098365774,-25.490147223369206,-27.14821783103104,-23.832076615707372,8
0,170.08358251753884,-25.467603239847687,-27.131426541566157,-23.803779938129217,8
0,170.45494405141991,-25.517937509878735,-27.190809850993244,-23.845065168764226,8
0,170.82630558530101,-25.54745864149451,-27.228411345956548,-23.866505937032475,8
0,171.1976671191821,-25.621002969469217,-27.306332193512702,-23.93567374542573,8
0,171.56902865306319,-25.68996394909955,-27.397989321402807,-23.981938576796292,8
0,171.94039018694428,-25.72796169008787,-27.48275507776181,-23.97316830241393,8
0,172.31175172082536,-25.742613387125893,-27.528143831107762,-23.957082943144023,8
0,172.68311325470646,-25.725594328230578,-27.48389890732477,-23.967289749136384,8
0,173.05447478858756,-25.793676859599024,-27.611722355431013,-23.975631363767036,8
0,173.42583632246863,-25.8504101542281,-27.69076088528149,-24.01005942317471,8
0,173.79719785634973,-25.890595018283413,-27.72767748184089,-24.053512554725938,8
0,174.16855939023083,-25.921759010955615,-27.729677341800176,-24.113840680111053,8
0,174.5399209241119,-25.871239960973874,-27.796910589312237,-23.94556933263551,8
0,174.91128245799297,-25.892520910635543,-27.89088494306707,-23.894156878204015,8
0,175.2826439918741,-25.947321058210083,-27.945468184727932,-23.949173931692233,8
0,175.65400552575517,-25.98348699438458,-28.006367714818175,-23.960606273950987,8
0,176.02536705963624,-26.052587721169296,-28.101552818129406,-24.003622624209186,8
0,176.39672859351737,-26.080131489836546,-28.141830634092333,-24.01843234558076,8
0,176.76809012739844,-26.13975285296548,-28.190147706479376,-24.089357999451583,8
0,177.1394516612795,-26.248794510928743,-28.2683982884968,-24.229190733360685,8
0,177.51081319516064,-26.35097115532152,-28.374181522757855,-24.327760787885186,8
0,177.8821747290417,-26.346484949896446,-28.416940279367303,-24.27602962042559,8
0,178.25353626292278,-26.49757089176905,-28.468069210456495,-24.527072573081607,8
0,178.6248977968039,-26.57331703289666,-28.51904818224148,-24.62758588355184,8
0,178.99625933068498,-26.609544908077034,-28.54437754290947,-24.674712273244598,8
0,179.36762086456605,-26.687549806653912,-28.56878589469387,-24.806313718613954,8
0,179.73898239844718,-26.810867537552383,-28.738089327611466,-24.8836457474933,8
0,180.11034393232825,-26.902411258890968,-28.82847180813457,-24.976350709647367,8
0,180.48170546620932,-26.833238179412163,-28.744154767271677,-24.92232159155265,8
0,180.85306700009042,-26.934315004370344,-28.806870361243966,-25.06175964749672,8
0,181.22442853397152,-27.10775536874806,-28.924994874153423,-25.290515863342694,8
0,181.5957900678526,-27.117534111151322,-28.920740854414696,-25.314327367887948,8
0,181.9671516017337,-27.284359202846233,-29.078925068588976,-25.48979333710349,8
0,182.3385131356148,-27.31828996608628,-29.144873410835764,-25.491706521336795,8
0,182.70987466949586,-27.322286603654064,-29.125660579687228,-25.5189126276209,8
0,183.08123620337696,-27.455743020812193,-29.24898950476202,-25.662496536862367,8
0,183.45259773725803,-27.63163592160885,-29.487995868620754,-25.775275974596948,8
0,183.82395927113913,-27.704495969693948,-29.57235642681715,-25.836635512570744,8
0,184.19532080502023,-27.860038366948896,-29.79775945175804,-25.92231728213975,8
0,184.5666823389013,-28.022967563878176,-30.009655665718874,-26.036279462037477,8
0,184.9380438727824,-28.092576092053292,-30.033476654160925,-26.15167552994566,8
0,185.3094054066635,-28.20308531169745,-30.1722179444495,-26.2339526789454,8
0,185.68076694054457,-28.306013806692913,-30.30599034246424,-26.306037270921586,8
0,186.05212847442564,-28.321057898267618,-30.313984099362706,-26.32813169717253,8
0,186.42349000830677,-28.317457553696915,-30.282167134001636,-26.352747973392194,8
0,186.79485154218784,-28.563730575629865,-30.611278188620574,-26.516182962639157,8
0,187.1662130760689,-28.63271889504389,-30.663368980306323,-26.602068809781457,8
0,187.53757460995004,-28.66201284505351,-30.647735277920148,-26.676290412186873,8
0,187.9089361438311,-28.71865316683477,-30.701792818139115,-26.735513515530425,8
0,188.28029767771218,-28.722849432544095,-30.792257760077323,-26.653441105010867,8
0,188.6516592115933,-28.80097629742082,-30.800555640102367,-26.801396954739275,8
0,189.02302074547438,-28.900910392348052,-30.905626577502026,-26.89619420719408,8
0,189.39438227935545,-28.94192189917845,-30.975943127334443,-26.907900671022457,8
0,189.76574381323658,-29.022534844559736,-31.07357969413079,-26.971489994988683,8
0,190.13710534711765,-29.09412230241101,-31.1444998812718,-27.04374472355022,8
0,190.50846688099872,-29.123461727694945,-31.231510940654736,-27.015412514735154,8
0,190.87982841487982,-29.176684124019843,-31.297591835219084,-27.055776412820602,8
0,191.25118994876092,-29.17560886627545,-31.321118791279616,-27.030098941271284,8
0,191.622551482642,-29.260773423661625,-31.385689641002646,-27.135857206320605,8
0,191.9939130165231,-29.331932179162898,-31.44382257236792,-27.220041785957875,8
0,192.3652745504042,-29.541145089969632,-31.743979505349976,-27.338310674589287,8
0,192.73663608428527,-29.530308081445444,-31.68796025850154,-27.372655904389347,8
0,193.10799761816637,-29.55524991213638,-31.73984448211617,-27.37065534215659,8
0,193.47935915204744,-29.60544218519238,-31.79817792713237,-27.41270644325239,8
0,193.85072068592854,-29.662528437152073,-31.802639390592955,-27.52241748371119,8
0,194.22208221980964,-29.72171661488408,-31.85538357037926,-27.5880496593889,8
0,194.5934437536907,-29.82013454773145,-31.97482815740902,-27.665440938053877,8
0,194.9648052875718,-29.873092200238528,-32.033946004337515,-27.712238396139536,8
0,195.3361668214529,-29.95469577682985,-32.104257069288266,-27.805134484371436,8
0,195.70752835533398,-29.992755291950175,-32.16485825366004,-27.820652330240307,8
0,196.07888988921505,-30.035363659514864,-32.20990151909328,-27.860825799936446,8
0,196.45025142309618,-30.092976770535174,-32.21983382457719,-27.96611971649316,8
0,196.82161295697725,-30.169620058402757,-32.27965131520292,-28.059588801602597,8
0,197.19297449085832,-30.24161766794064,-32.34878566003896,-28.13444967584232,8
0,197.56433602473945,-30.3554310631926,-32.453386779853346,-28.257475346531855,8
0,197.93569755862052,-30.396933209724303,-32.48420247982597,-28.309663939622638,8
0,198.3070590925016,-30.46662636237283,-32.54398176046604,-28.389270964279614,8
0,198.67842062638272,-30.576049504765038,-32.664523723337894,-28.48757528619218,8
0,199.0497821602638,-30.652523198113148,-32.73627527335999,-28.5687711228663,8
0,199.42114369414486,-30.672354379630534,-32.77339978097697,-28.571308978284094,8
0,199.792505228026,-30.73096874930297,-32.86345779200663,-28.598479706599313,8
0,200.16386676190706,-30.799834795187618,-32.93198561654899,-28.667683973826247,8
0,200.53522829578813,-30.859442440855528,-33.03576526673941,-28.68311961497165,8
0,200.90658982966926,-30.86272470241452,-33.086718482352154,-28.63873092247689,8
0,201.27795136355033,-30.821179688602676,-33.0287198240035,-28.61363955320185,8
0,201.6493128974314,-30.90936137853541,-33.07429040400796,-28.744432353062862,8
0,202.0206744313125,-30.948367200514483,-33.0671525049925,-28.829581896036462,8
0,202.3920359651936,-31.020655271126795,-33.15580223382348,-28.885508308430115,8
0,202.76339749907467,-31.063853813662558,-33.17509673469698,-28.952610892628137,8
0,203.13475903295577,-31.098604339366837,-33.189040228801936,-29.008168449931738,8
0,203.50612056683687,-31.16641046601126,-33.249639793561926,-29.0831811384606,8
0,203.87748210071794,-31.151202889864205,-33.21928202299895,-29.083123756729464,8
0,204.24884363459904,-31.34369635733984,-33.361257093232396,-29.32613562144729,8
0,204.6202051684801,-31.376524358216372,-33.41733262264128,-29.335716093791458,8
0,204.9915667023612,-31.456579013263028,-33.48667816580792,-29.426479860718135,8
0,205.3629282362423,-31.51487098308933,-33.55451789356743,-29.475224072611237,8
0,205.73428977012338,-31.5307199546251,-33.573826869317294,-29.487613039932903,8
0,206.10565130400448,-31.54826332695315,-33.576634745740705,-29.519891908165597,8
0,206.47701283788558,-31.64223705080289,-33.663852972293625,-29.620621129312156,8
0,206.84837437176665,-31.700545869009144,-33.719799972768776,-29.681291765249515,8
0,207.21973590564772,-31.772780544823462,-33.80681362291803,-29.7387474667289,8
0,207.59109743952885,-31.846702570294283,-33.88006193980973,-29.81334320077884,8
0,207.96245897340992,-31.928766671326017,-33.94962991566545,-29.907903426986586,8
0,208.333820507291,-31.985240676297167,-34.010688509650954,-29.95979284294338,8
0,208.70518204117212,-32.04498620556967,-34.0912782488077,-29.998694162331645,8
0,209.0765435750532,-32.10344711220205,-34.170984578425255,-30.035909645978837,8
0,209.44790510893426,-32.16320368955192,-34.22751204868663,-30.098895330417218,8
0,209.8192666428154,-32.21246618929854,-34.28000694962942,-30.144925428967657,8
0,210.19062817669646,-32.26474041600558,-34.352773908574164,-30.176706923436992,8
0,210.56198971057754,-32.318653091304654,-34.41249512333258,-30.224811059276725,8
0,210.93335124445866,-32.38079385337691,-34.4692267662027,-30.292360940551116,8
0,211.30471277833973,-32.42234968742625,-34.51199323673413,-30.33270613811837,8
0,211.6760743122208,-32.43245261317382,-34.53259558653479,-30.332309639812852,8
0,212.0474358461019,-32.47684934001995,-34.59038624161832,-30.363312438421588,8
0,212.418797379983,-32.524385068581594,-34.63191865248651,-30.416851484676677,8
0,212.79015891386408,-32.612519910777756,-34.69695383724783,-30.52808598430768,8
0,213.16152044774518,-32.68590072569469,-34.75510858585209,-30.61669286553728,8
0,213.53288198162628,-32.69650221409933,-34.780586015712636,-30.61241841248603,8
0,213.90424351550735,-32.76790645111906,-34.85034847400661,-30.68546442823151,8
0,214.27560504938845,-32.811175318052726,-34.890554404400284,-30.73179623170517,8
0,214.64696658326952,-32.89211726882556,-34.94976623550637,-30.83446830214475,8
0,215.01832811715062,-32.9233290491501,-34.981887805392326,-30.86477029290787,8
0,215.38968965103172,-32.95096353105857,-35.01064165936952,-30.89128540274762,8
0,215.7610511849128,-33.036975042700426,-35.08882919047467,-30.985120894926183,8
0,216.1324127187939,-33.09595619582337,-35.15601096605479,-31.035901425591955,8
0,216.503774252675,-33.12355236641444,-35.16326418450065,-31.083840548328226,8
0,216.87513578655606,-33.15187002347188,-35.18704566839309,-31.116694378550665,8
0,217.24649732043713,-33.187657692023095,-35.22769257901449,-31.147622805031702,8
0,217.61785885431826,-33.2481098213125,-35.30420394139123,-31.192015701233764,8
0,217.98922038819933,-33.24502193616668,-35.350648510103206,-31.13939536223015,8
0,218.3605819220804,-33.323837345329196,-35.492024552077496,-31.1556501385809,8
0,218.73194345596153,-33.33076995876606,-35.50388050747269,-31.157659410059438,8
0,219.1033049898426,-33.38823738177417,-35.56304068392603,-31.213434079622303,8
0,219.47466652372367,-33.44504246798341,-35.6269286484716,-31.263156287495228,8
0,219.8460280576048,-33.496258355608845,-35.70846813267468,-31.284048578543008,8
0,220.21738959148587,-33.5453010788432,-35.7388355222575,-31.351766635428906,8
0,220.58875112536694,-33.62894252801103,-35.856434017000346,-31.401451039021715,8
0,220.96011265924807,-33.68852193500076,-35.9408196582136,-31.436224211787916,8
0,221.33147419312914,-33.71660718383362,-36.01569388123869,-31.417520486428543,8
0,221.7028357270102,-33.76583815507077,-36.09229235458905,-31.43938395555249,8
0,222.07419726089134,-33.839711705033125,-36.16153607924483,-31.51788733082142,8
0,222.4455587947724,-33.88520250804834,-36.17632269401799,-31.594082322078684,8
0,222.81692032865348,-33.91103713218579,-36.15695879052086,-31.66511547385072,8
0,223.18828186253458,-34.0088020461271,-36.23914483279589,-31.778459259458312,8
0,223.55964339641568,-34.056268506212724,-36.296914466973874,-31.81562254545157,8
0,223.93100493029675,-34.122739412443195,-36.34313946397898,-31.90233936090741,8
0,224.30236646417785,-34.14374943563391,-36.36731864764235,-31.920180223625465,8
0,224.67372799805895,-34.19395273783515,-36.44168630606008,-31.946219169610217,8
0,225.04508953194002,-34.192000847370416,-36.40163656907591,-31.98236512566492,8
0,225.41645106582112,-34.19746228574874,-36.41596096309019,-31.97896360840729,8
0,225.7878125997022,-34.22213386033422,-36.44583609102231,-31.99843162964613,8
0,226.1591741335833,-34.208109006198505,-36.45758956614631,-31.958628446250696,8
0,226.5305356674644,-34.27301923685704,-36.485927174090406,-32.06011129962367,8
0,226.90189720134546,-34.30467411512576,-36.49781522084196,-32.11153300940957,8
0,227.27325873522656,-34.4101840068031,-36.56661501677333,-32.253752996832866,8
0,227.64462026910766,-34.45170730712122,-36.68715291055941,-32.216261703683024,8
0,228.01598180298873,-34.539396050683166,-36.78958139026217,-32.28921071110416,8
0,228.3873433368698,-34.59121362693683,-36.81383315904011,-32.36859409483355,8
0,228.75870487075093,-34.66900798653003,-36.872752525678834,-32.46526344738123,8
0,229.130066404632,-34.746662708158354,-37.0141055881238,-32.47921982819291,8
0,229.50142793851307,-34.788295684643444,-37.04460358839867,-32.531987780888215,8
0,229.8727894723942,-34.780577607536216,-37.035217196733456,-32.52593801833898,8
0,230.24415100627527,-34.82883044294051,-37.03403733577935,-32.62362355010166,8
0,230.61551254015635,-34.8863820600745,-37.04718345458912,-32.72558066555989,8
0,230.98687407403747,-35.049034518213716,-37.10910350707279,-32.988965529354644,8
0,231.35823560791854,-35.12789657471625,-37.11027852188481,-33.1455146275477,8
0,231.72959714179962,-35.1645487866123,-37.141875405311595,-33.187222167913006,8
0,232.10095867568074,-35.24319925736269,-37.2673888435002,-33.21900967122518,8
0,232.47232020956181,-35.285397048138,-37.33889177232531,-33.23190232395069,8
0,232.8436817434429,-35.317193222480356,-37.417920368585605,-33.216466076375106,8
0,233.21504327732399,-35.360877455991194,-37.45710130155554,-33.26465361042685,8
0,233.58640481120509,-35.368282446749134,-37.53938161836368,-33.19718327513459,8
0,233.95776634508616,-35.44869333895129,-37.637736338466894,-33.25965033943568,8
0,234.32912787896726,-35.451914912098744,-37.678414631411826,-33.22541519278566,8
0,234.70048941284836,-35.41539154033596,-37.64749657475443,-33.18328650591749,8
0,235.07185094672943,-35.65252240319097,-37.716132492171475,-33.58891231421047,8
0,235.44321248061053,-35.66581893460661,-37.80153442927313,-33.53010343994009,8
0,235.8145740144916,-35.76567928414336,-37.95627856108992,-33.5750800071968,8
0,236.1859355483727,-35.82827645205149,-37.997585771537175,-33.658967132565806,8
0,236.5572970822538,-35.95341378184652,-38.12278597523398,-33.78404158845906,8
0,236.92865861613487,-36.10417379024874,-38.191830288731204,-34.01651729176627,8
0,237.30002015001597,-36.18199393534126,-38.29134130109222,-34.072646569590304,8
0,237.67138168389707,-36.23909697046126,-38.267281860880125,-34.2109120800424,8
0,238.04274321777814,-36.277863373861514,-38.24405358350225,-34.31167316422078,8
0,238.4141047516592,-36.335432857447984,-38.306239998498405,-34.36462571639756,8
0,238.78546628554034,-36.351064647317095,-38.33943093376141,-34.36269836087278,8
0,239.1568278194214,-36.415147138745795,-38.42382488354411,-34.40646939394748,8
0,239.52818935330248,-36.47625167014746,-38.52597823534041,-34.426525104954514,8
0,239.8995508871836,-36.495720636043444,-38.543349212228925,-34.44809205985796,8
0,240.27091242106468,-36.61266503628581,-38.694997041986234,-34.53033303058539,8
0,240.64227395494575,-36.68099944474567,-38.81893917772199,-34.54305971176936,8
0,241.01363548882688,-36.73530802014062,-38.881767740347996,-34.58884829993325,8
0,241.38499702270795,-36.867256506551286,-39.10620580537484,-34.62830720772773,8
0,241.75635855658902,-36.973131230865114,-39.291191137707564,-34.655071324022664,8
0,242.12772009047015,-37.03326434710097,-39.40986323314389,-34.65666546105805,8
0,242.49908162435122,-37.04940659538155,-39.42303954547088,-34.67577364529222,8
0,242.8704431582323,-37.09863326607595,-39.47923816695201,-34.71802836519989,8
0,243.24180469211342,-37.191538201172534,-39.573595934888836,-34.80948046745623,8
0,243.6131662259945,-37.20332794829096,-39.57614418161076,-34.830511714971166,8
0,243.98452775987556,-37.24989959204542,-39.64391254045574,-34.85588664363511,8
0,244.35588929375666,-37.35086767253471,-39.768193455503834,-34.93354188956559,8
0,244.72725082763776,-37.34766542006455,-39.71948612451162,-34.975844715617484,8
0,245.09861236151883,-37.36545971446812,-39.693676424374246,-35.037243004562,8
0,245.46997389539993,-37.384913695535,-39.63897537742937,-35.13085201364063,8
0,245.84133542928103,-37.36975177232173,-39.53626181290153,-35.203241731741926,8
0,246.2126969631621,-37.378614462431116,-39.55774150748058,-35.199487417381654,8
0,246.5840584970432,-37.401664268156225,-39.596546754536654,-35.206781781775796,8
0,246.95542003092427,-37.437060093153086,-39.637190680838415,-35.23692950546776,8
0,247.32678156480537,-37.461517305887796,-39.65686327487043,-35.26617133690516,8
0,247.69814309868647,-37.55452046724504,-39.737631283754055,-35.37140965073603,8
0,248.06950463256754,-37.621223935381956,-39.82432600199836,-35.41812186876555,8
0,248.44086616644861,-37.64809081981783,-39.87051991698622,-35.425661722649444,8
0,248.81222770032974,-37.75749709575645,-40.019311070829055,-35.49568312068384,8
0,249.1835892342108,-37.840029594549776,-40.08656707216576,-35.593492116933795,8
0,249.55495076809189,-37.92208530294188,-40.1181356244898,-35.72603498139396,8
0,249.926312301973,-37.968998517070546,-40.160450678283226,-35.777546355857865,8
0,250.29767383585408,-38.07894780865895,-40.23121045336157,-35.926685163956336,8
0,250.66903536973516,-38.164197973675755,-40.28511741240505,-36.04327853494646,8
0,251.04039690361628,-38.18635980938847,-40.33138886439141,-36.041330754385534,8
0,251.41175843749735,-38.17345138806773,-40.31730601979156,-36.029596756343906,8
0,251.78311997137843,-38.207666632413115,-40.32562384397774,-36.08970942084849,8
0,252.15448150525955,-38.26561260169611,-40.36583618240529,-36.165389020986936,8
0,252.52584303914063,-38.308967519276216,-40.391622374704156,-36.226312663848276,8
0,252.8972045730217,-38.36456724908206,-40.46263029303101,-36.2665042051331,8
0,253.26856610690282,-38.415351474811274,-40.51174112209869,-36.31896182752386,8
0,253.6399276407839,-38.46530760338976,-40.533752231393684,-36.39686297538584,8
0,254.01128917466497,-38.58439968754348,-40.69634958831627,-36.472449786770696,8
0,254.38265070854607,-38.586494488582765,-40.65327785995472,-36.51971111721081,8
0,254.75401224242717,-38.564723090589226,-40.69311436389027,-36.436331817288185,8
0,255.12537377630824,-38.61875193032678,-40.750121914205344,-36.48738194644822,8
0,255.49673531018934,-38.66353257800703,-40.76425700088372,-36.56280815513034,8
0,255.86809684407044,-38.720705715782614,-40.84820854752204,-36.59320288404319,8
0,256.2394583779515,-38.764038601274635,-40.90528536002454,-36.62279184252473,8
0,256.6108199118326,-38.86736914125693,-41.049438825099664,-36.685299457414196,8
0,256.9821814457137,-38.858831649147184,-41.04355814223126,-36.674105156063106,8
0,257.35354297959475,-38.87397484039532,-41.02494911804907,-36.72300056274157,8
0,257.7249045134759,-38.915899102188284,-41.082170126221534,-36.749628078155034,8
0,258.09626604735695,-38.972247826264145,-41.15597628463502,-36.78851936789327,8
0,258.46762758123805,-38.99597538613553,-41.180002799829545,-36.81194797244151,8
0,258.83898911511915,-39.05085012385703,-41.17847876590553,-36.92322148180853,8
0,259.21035064900025,-39.08071160054822,-41.2294076152717,-36.93201558582474,8
0,259.5817121828813,-39.129875032926435,-41.31577197411485,-36.94397809173802,8
0,259.9530737167624,-39.21755435646401,-41.37037990867257,-37.064728804255445,8
0,260.3244352506435,-39.2133324662711,-41.45459227912945,-36.972072653412745,8
0,260.6957967845246,-39.15974477630666,-41.408061268327884,-36.911428284285435,8
0,261.0671583184057,-39.12573841808601,-41.32724506036731,-36.92423177580471,8
0,261.4385198522868,-39.09326846641104,-41.37494069569689,-36.81159623712519,8
0,261.80988138616783,-39.08523532482775,-41.48764486150654,-36.68282578814896,8
0,262.18124292004893,-39.14358831931082,-41.57520530672046,-36.71197133190118,8
0,262.55260445393003,-39.226184331732604,-41.626834880138304,-36.825533783326904,8
0,262.92396598781113,-39.27277760068035,-41.56547748964057,-36.98007771172013,8
0,263.29532752169223,-39.30098084545124,-41.66148178931696,-36.940479901585526,8
0,263.6666890555733,-39.32290838501952,-41.67103460411931,-36.97478216591972,8
0,264.0380505894544,-39.3652622869364,-41.788753382167485,-36.941771191705314,8
0,264.40941212333547,-39.42850245764814,-41.837010166106644,-37.01999474918964,8
0,264.78077365721657,-39.36530643916612,-41.66825127842226,-37.06236159990998,8
0,265.1521351910976,-39.44812799939069,-41.78497260481578,-37.11128339396561,8
0,265.52349672497877,-39.54527443778029,-41.88436238231344,-37.206186493247145,8
0,265.8948582588598,-39.586671221248565,-41.9137120696563,-37.25963037284083,8
0,266.2662197927409,-39.740533295861596,-42.05293862638258,-37.428127965340614,8
0,266.637581326622,-39.786807297391384,-42.06760966308667,-37.5060049316961,8
0,267.0089428605031,-39.818571639312154,-42.101784535631104,-37.5353587429932,8
0,267.38030439438415,-39.86302187078888,-42.134044342587835,-37.59199939898992,8
0,267.7516659282653,-39.933494692028034,-42.16062914689978,-37.70636023715629,8
0,268.12302746214635,-40.004819233766334,-42.2596540297302,-37.74998443780247,8
0,268.49438899602745,-40.04979035134242,-42.3221401545463,-37.77744054813855,8
0,268.86575052990855,-40.13845532748075,-42.39689463655917,-37.88001601840233,8
0,269.23711206378965,-40.20296373335607,-42.45569713091391,-37.95023033579823,8
0,269.6084735976707,-40.24538679173487,-42.53645398630108,-37.95431959716866,8
0,269.9798351315518,-40.27725303920462,-42.57418815531929,-37.980317923089956,8
0,270.3511966654329,-40.30111110329566,-42.58049437174201,-38.02172783484931,8
0,270.722558199314,-40.36990344082607,-42.647557014992856,-38.09224986665929,8
0,271.0939197331951,-40.433582780410745,-42.709496444348645,-38.157669116472846,8
0,271.4652812670762,-40.55480883406044,-42.8566030730107,-38.25301459511017,8
0,271.83664280095724,-40.59446161491778,-42.89196700436099,-38.296956225474574,8
0,272.20800433483834,-40.675352892480056,-43.00262147979905,-38.34808430516106,8
0,272.57936586871944,-40.732228585717856,-43.04810150659466,-38.41635566484105,8
0,272.95072740260053,-40.82596791279774,-43.154740177255746,-38.49719564833974,8
0,273.32208893648163,-40.90528797024691,-43.252059915379036,-38.558516025114784,8
0,273.6934504703627,-40.950040438378366,-43.306181704795954,-38.59389917196078,8
0,274.0648120042438,-41.03977535820653,-43.37888460198483,-38.70066611442824,8
0,274.4361735381249,-41.06530236903931,-43.425248646713975,-38.70535609136464,8
0,274.807535072006,-41.12960458748879,-43.4953931467083,-38.76381602826928,8
0,275.178896605887,-41.17120307301153,-43.53444620573841,-38.807959940284654,8
0,275.5502581397682,-41.20665039631317,-43.5860661297874,-38.82723466283895,8
0,275.9216196736492,-41.266314297986554,-43.659128716518595,-38.87349987945451,8
0,276.2929812075303,-41.2971173609577,-43.680147509670185,-38.914087212245214,8
0,276.6643427414114,-41.36200727618896,-43.7590390495636,-38.964975502814326,8
0,277.0357042752925,-41.3923613445795,-43.821853503553676,-38.96286918560532,8
0,277.40706580917356,-41.441235034942785,-43.84870433072474,-39.03376573916083,8
0,277.7784273430547,-41.492224826345954,-43.893266960451875,-39.09118269224003,8
0,278.14978887693576,-41.54766132683131,-43.91907813101045,-39.17624452265217,8
0,278.52115041081686,-41.566895425594744,-43.91345241214923,-39.220338439040255,8
0,278.89251194469796,-41.61921884232003,-43.98409070467363,-39.25434697996643,8
0,279.26387347857906,-41.681305336294,-44.028932408367595,-39.33367826422041,8
0,279.6352350124601,-41.732191688088406,-44.14600298607408,-39.31838039010273,8
0,280.00659654634126,-41.77664715606223,-44.21346777016762,-39.339826541956846,8
0,280.3779580802223,-41.776199672534645,-44.230187078139416,-39.322212266929874,8
0,280.7493196141034,-41.84430668811595,-44.31100969214366,-39.37760368408824,8
0,281.1206811479845,-41.90094099611255,-44.34471314949137,-39.457168842733736,8
0,281.4920426818656,-42.00534859293321,-44.45164538550805,-39.55905180035837,8
0,281.86340421574664,-42.053709157957336,-44.51204252657473,-39.59537578933994,8
0,282.23476574962774,-42.17727186316143,-44.664760123804825,-39.689783602518034,8
0,282.60612728350884,-42.20835121085214,-44.64583351614955,-39.770868905554735,8
0,282.97748881738994,-42.29070829355601,-44.7778770672534,-39.80353951985862,8
0,283.34885035127104,-42.29867702537247,-44.76428586144022,-39.83306818930472,8
0,283.7202118851521,-42.38389261235912,-44.87461674647555,-39.893168478242686,8
0,284.0915734190332,-42.3810116934038,-44.78423959268667,-39.97778379412093,8
0,284.4629349529143,-42.44754170762371,-44.83513789184576,-40.05994552340165,8
0,284.8342964867954,-42.650142485750685,-45.05577178527864,-40.24451318622273,8
0,285.2056580206765,-42.7365224277062,-45.16243725300899,-40.31060760240341,8
0,285.5770195545576,-42.80964008925109,-45.23894246598809,-40.38033771251409,8
0,285.9483810884386,-42.94371139133729,-45.38273628904144,-40.50468649363314,8
0,286.3197426223198,-42.85904901153818,-45.225871443033604,-40.49222658004276,8
0,286.6911041562008,-42.692410296884866,-44.9692494452988,-40.41557114847093,8
0,287.0624656900819,-42.74539035046091,-45.00537496689285,-40.485405734028966,8
0,287.433827223963,-42.822504032693566,-45.07370542621328,-40.57130263917385,8
0,287.8051887578441,-42.92173665213999,-45.17734057724069,-40.66613272703929,8
0,288.17655029172516,-43.016119962384025,-45.2683096958001,-40.76393022896795,8
0,288.54791182560626,-43.03074428212407,-45.28601116189489,-40.775477402353246,8
0,288.91927335948736,-43.07465051012743,-45.342239915827214,-40.80706110442764,8
0,289.29063489336846,-43.1172432103787,-45.365360600662825,-40.86912582009458,8
0,289.66199642724956,-43.19625681028802,-45.45481580527811,-40.93769781529793,8
0,290.03335796113066,-43.25361710252192,-45.51921790817062,-40.98801629687323,8
0,290.4047194950117,-43.33580776957011,-45.6581791176863,-41.01343642145392,8
0,290.7760810288928,-43.39176002834604,-45.690064537257015,-41.09345551943507,8
0,291.1474425627739,-43.45765007471461,-45.75019737941018,-41.16510277001903,8
0,291.518804096655,-43.52689922356179,-45.808791861837875,-41.24500658528571,8
0,291.8901656305361,-43.589445711106364,-45.889136251797744,-41.289755170414985,8
0,292.26152716441715,-43.647145683583176,-45.92501433763611,-41.369277029530245,8
0,292.63288869829825,-43.69079863474312,-45.98998910845296,-41.391608161033275,8
0,293.00425023217934,-43.73005642648962,-46.06650333948458,-41.39360951349465,8
0,293.37561176606044,-43.80334823610866,-46.12957775514823,-41.47711871706909,8
0,293.7469732999415,-43.89887869274929,-46.15866380804449,-41.6390935774541,8
0,294.11833483382264,-44.03260388078186,-46.2159903854824,-41.84921737608133,8
0,294.4896963677037,-44.054713906790795,-46.29799537938321,-41.81143243419838,8
0,294.8610579015848,-44.15554473230533,-46.42326000379302,-41.88782946081764,8
0,295.2324194354659,-44.238843635811676,-46.47597422648473,-42.00171304513862,8
0,295.603780969347,-44.2909853591774,-46.574446033336216,-42.00752468501858,8
0,295.975142503228,-44.28630264739384,-46.53413958471469,-42.03846571007299,8
0,296.3465040371092,-44.30720766098922,-46.54504555668307,-42.06936976529537,8
0,296.7178655709902,-44.361415387617576,-46.584268145622964,-42.13856262961219,8
0,297.0892271048713,-44.44188228145375,-46.67650394979368,-42.207260613113824,8
0,297.4605886387524,-44.48810755086193,-46.739863187344284,-42.23635191437958,8
0,297.8319501726335,-44.5612439817342,-46.802200531622766,-42.320287431845635,8
0,298.20331170651457,-44.683863687836805,-46.94126551816829,-42.42646185750532,8
0,298.5746732403957,-44.726080584873834,-46.992353642473155,-42.45980752727451,8
0,298.94603477427677,-44.733524398775515,-47.010722106593164,-42.456326690957866,8
0,299.31739630815787,-44.78470594622984,-47.073985409010675,-42.49542648344901,8
0,299.68875784203897,-44.848031469107745,-47.12899891998594,-42.56706401822955,8
1,0.0,0.0,0.0,0.0,8
1,0.37136153388108917,-0.02726170699483433,-0.10573688999744527,0.051213476007776614,8
1,0.7427230677621783,-0.02730436799228604,-0.16761999385535276,0.11301125787078066,8
1,1.1140846016432675,-0.1818797437330384,-0.43639674628818903,0.07263725882211225,8
1,1.4854461355243567,-0.30923246466301785,-0.42096432649460125,-0.19750060283143445,8
1,1.8568076694054458,-0.373576187788258,-0.48041354943906966,-0.26673882613744637,8
1,2.228169203286535,-0.4111620849164687,-0.538720903850797,-0.2836032659821405,8
1,2.5995307371676244,-0.4597830091320845,-0.7124043397668299,-0.20716167849733902,8
1,2.9708922710487133,-0.5435156435549249,-0.7462727061120079,-0.34075858099784184,8
1,3.3422538049298023,-0.6074833945579909,-0.7910985558552162,-0.4238682332607658,8
1,3.7136153388108917,-0.6545596338627984,-0.8065973840614786,-0.5025218836641181,8
1,4.084976872691981,-0.6724608552138125,-0.9808996998380486,-0.36402201058957634,8
1,4.45633840657307,-0.7247780859006293,-0.9865420560559475,-0.4630141157453112,8
1,4.827699940454159,-0.7744741414775692,-1.0277749835158019,-0.5211732994393365,8
1,5.199061474335249,-0.8416948908351417,-1.0199812601924196,-0.6634085214778637,8
1,5.570423008216337,-0.8507328470567203,-1.1498310382738812,-0.5516346558395593,8
1,5.941784542097427,-0.868847859510322,-1.1849462098172898,-0.552749509203354,8
1,6.313146075978516,-0.8993240170710117,-1.1990605586664218,-0.5995874754756018,8
1,6.684507609859605,-0.9556510487241566,-1.211056113309822,-0.7002459841384912,8
1,7.0558691437406935,-1.0611677452720485,-1.2665778384111974,-0.8557576521328994,8
1,7.427230677621783,-1.1622273618836279,-1.5218851524493118,-0.8025695713179439,8
1,7.798592211502871,-1.2429933230979602,-1.6500858973007466,-0.8359007488951737,8
1,8.169953745383962,-1.216239088203475,-1.6050554491077866,-0.8274227272991634,8
1,8.541315279265051,-1.3114265378224657,-1.6627368264839424,-0.9601162491609889,8
1,8.91267681314614,-1.3897502433278919,-1.82426780312911,-0.9552326835266738,8
1,9.284038347027229,-1.4236012192910368,-1.8825734132227532,-0.9646290253593203,8
1,9.655399880908318,-1.3585385397747798,-1.8321090831714908,-0.8849679963780688,8
1,10.026761414789407,-1.4075823370911575,-1.838974477056686,-0.976190197125629,8
1,10.398122948670498,-1.5240095316020008,-1.9068508960742654,-1.1411681671297362,8
1,10.769484482551585,-1.6135030014691933,-2.0152551680950888,-1.211750834843298,8
1,11.140846016432674,-1.6552165521612068,-2.1271568352427654,-1.1832762690796481,8
1,11.512207550313764,-1.6235683464845587,-2.0658560505653467,-1.1812806424037707,8
1,11.883569084194853,-1.7087618839865568,-2.107122281754074,-1.3104014862190396,8
1,12.25493061807594,-1.7444567969307299,-2.0781503764460942,-1.4107632174153655,8
1,12.626292151957031,-1.9187941550171896,-2.446744219725318,-1.390844090309061,8
1,12.99765368583812,-1.8547383219985107,-2.3782413736743755,-1.331235270322646,8
1,13.36901521971921,-1.8818063839117463,-2.4026544482681187,-1.3609583195553738,8
1,13.7403767536003,-1.8547303478104797,-2.3663076012035265,-1.343153094417433,8
1,14.111738287481387,-1.8509013076740664,-2.3620129544987467,-1.339789660849386,8
1,14.483099821362476,-1.8147107256508543,-2.302580347780366,-1.3268411035213428,8
1,14.854461355243567,-1.844199635160206,-2.365177247061465,-1.3232220232589467,8
1,15.225822889124656,-1.6593666859014518,-2.2701149175705106,-1.0486184542323926,8
1,15.597184423005743,-1.6522453944942084,-2.3784905642769107,-0.9260002247115059,8
1,15.968545956886834,-1.9802758872563722,-2.4818082722566297,-1.4787435022561144,8
1,16.339907490767924,-2.0532251197964353,-2.6002143468303345,-1.506235892762536,8
1,16.71126902464901,-2.0169784501815355,-2.574535616910202,-1.459421283452869,8
1,17.082630558530102,-2.0571129530867847,-2.648187916199764,-1.4660379899738052,8
1,17.45399209241119,-2.2481684784876594,-2.9237335419359702,-1.5726034150393486,8
1,17.82535362629228,-2.3496490667196253,-2.985111617574569,-1.7141865158646814,8
1,18.19671516017337,-2.414860463853703,-2.9750837682687896,-1.8546371594386164,8
1,18.568076694054458,-2.193303267465665,-2.795085737231906,-1.591520797699424,8
1,18.939438227935547,-2.1211316298445224,-2.8333328529515827,-1.4089304067374622,8
1,19.310799761816636,-2.2270795472174725,-2.96599984272596,-1.4881592517089848,8
1,19.682161295697725,-2.326630355641442,-3.1538266837539632,-1.4994340275289206,8
1,20.053522829578814,-2.219013977864083,-3.0394809511121252,-1.3985470046160404,8
1,20.424884363459903,-2.3465901488836765,-3.050522122597388,-1.6426581751699647,8
1,20.796245897340995,-2.4004107738012053,-3.093092297657112,-1.7077292499452987,8
1,21.16760743122208,-2.6058472079122663,-3.3842815495321537,-1.8274128662923788,8
1,21.53896896510317,-2.532694646041981,-3.3505429590715847,-1.7148463330123773,8
1,21.910330498984262,-2.5241001559181386,-3.3126226062029316,-1.7355777056333457,8
1,22.281692032865347,-2.599949900758727,-3.3628814136340814,-1.8370183878833721,8
1,22.65305356674644,-2.8609209651025216,-3.6127220416619106,-2.1091198885431326,8
1,23.02441510062753,-2.823840816800649,-3.640958235197256,-2.0067233984040422,8
1,23.395776634508614,-2.787609426538399,-3.6104795501216556,-1.9647393029551425,8
1,23.767138168389707,-2.775766156732493,-3.623561080798111,-1.9279712326668756,8
1,24.138499702270796,-2.896404613914921,-3.6674316342388433,-2.125377593590999,8
1,24.50986123615188,-3.107528626680552,-3.862519657953851,-2.352537595407253,8
1,24.881222770032974,-3.0566038685261656,-3.8568311599558935,-2.2563765770964377,8
1,25.252584303914063,-3.0433939446127374,-3.8716367129875398,-2.215151176237935,8
1,25.62394583779515,-3.089559040928928,-3.8215969703294586,-2.357521111528398,8
1,25.99530737167624,-3.2274250398005346,-3.9459574128667647,-2.5088926667343046,8
1,26.366668905557333,-3.3049824636928946,-4.082543613688128,-2.527421313697661,8
1,26.73803043943842,-3.3609571599547055,-4.1965191231212895,-2.525395196788122,8
1,27.109391973319507,-3.273244581811503,-4.159885972296429,-2.3866031913265764,8
1,27.4807535072006,-3.4132146043422464,-4.145226389290641,-2.681202819393852,8
1,27.852115041081685,-3.4835893160599944,-4.184248484559478,-2.782930147560511,8
1,28.223476574962774,-3.618732328280378,-4.357032508899235,-2.8804321476615207,8
1,28.594838108843867,-3.5224297106762563,-4.387605563748531,-2.657253857603982,8
1,28.966199642724952,-3.650965119651427,-4.371551200110261,-2.930379039192593,8
1,29.337561176606044,-3.7061749610709294,-4.424812073288614,-2.987537848853245,8
1,29.708922710487133,-3.7738884244031996,-4.511185720027897,-3.0365911287785026,8
1,30.08028424436822,-3.7773707369573524,-4.6123972901616614,-2.9423441837530437,8
1,30.45164577824931,-3.710498504420718,-4.581391333720326,-2.8396056751211094,8
1,30.8230073121304,-3.747074629191337,-4.630979022721121,-2.8631702356615527,8
1,31.194368846011486,-3.901281740502075,-4.75883412514934,-3.043729355854811,8
1,31.565730379892578,-4.0532101911787874,-4.872694815801481,-3.2337255665560938,8
1,31.937091913773667,-4.004688425744554,-4.882920368354396,-3.1264564831347124,8
1,32.308453447654756,-3.990333616438768,-4.8676195017549215,-3.1130477311226143,8
1,32.67981498153585,-3.951317697042835,-4.8454507628093255,-3.0571846312763444,8
1,33.051176515416934,-4.150756726349421,-4.898536122970757,-3.4029773297280848,8
1,33.42253804929802,-4.216797241023979,-5.042313921409998,-3.39128056063796,8
1,33.79389958317911,-4.262717558430581,-5.104757744086772,-3.42067737277439,8
1,34.165261117060204,-4.2192413430694025,-5.069422736884904,-3.3690599492539013,8
1,34.53662265094129,-4.4026520669619345,-5.146284066926023,-3.659020066997846,8
1,34.90798418482238,-4.438152263067827,-5.194001394677611,-3.6823031314580428,8
1,35.27934571870347,-4.49893795125524,-5.264279774996219,-3.7335961275142595,8
1,35.65070725258456,-4.486664338891516,-5.3158219049094395,-3.657506772873593,8
1,36.022068786465645,-4.419718593340128,-5.302989076307096,-3.5364481103731595,8
1,36.39343032034674,-4.527399283669211,-5.371551783502017,-3.6832467838364047,8
1,36.76479185422783,-4.623748935803093,-5.342425061283407,-3.905072810322778,8
1,37.136153388108916,-4.730999615110812,-5.526074101064844,-3.9359251291567796,8
1,37.50751492199001,-4.699750104061663,-5.514160545630678,-3.885339662492648,8
1,37.878876455871094,-4.746142543845661,-5.521205439151839,-3.9710796485394835,8
1,38.25023798975218,-4.7965921258294655,-5.525231024144672,-4.067953227514259,8
1,38.62159952363327,-4.8682190898277025,-5.569262660415717,-4.167175519239688,8
1,38.992961057514364,-4.963294380586671,-5.716809809124353,-4.209778952048989,8
1,39.36432259139545,-5.072704246240664,-5.822214888653417,-4.323193603827911,8
1,39.73568412527654,-5.117656014247743,-5.838865395347826,-4.39644663314766,8
1,40.10704565915763,-5.161452943559281,-5.866116995044278,-4.456788892074284,8
1,40.47840719303872,-5.287166382470337,-6.075293095555093,-4.499039669385581,8
1,40.849768726919805,-5.364831054577323,-6.130367413922034,-4.5992946952326115,8
1,41.22113026080089,-5.390920992981428,-6.19150525825026,-4.590336727712597,8
1,41.59249179468199,-5.362298311498522,-6.018123049073385,-4.70647357392366,8
1,41.963853328563076,-5.295705135643157,-5.901190502746199,-4.690219768540115,8
1,42.33521486244416,-5.406218745125008,-5.975493333898493,-4.836944156351523,8
1,42.706576396325254,-5.389453157128144,-5.961459734229795,-4.817446580026493,8
1,43.07793793020634,-5.3780189354637775,-5.87644500705482,-4.879592863872735,8
1,43.44929946408743,-5.320420501553995,-5.946245146375255,-4.694595856732735,8
1,43.820660997968524,-5.395536856841487,-6.016277380766503,-4.7747963329164715,8
1,44.19202253184961,-5.440000350907736,-6.145403397002983,-4.734597304812489,8
1,44.563384065730695,-5.391804965942409,-6.191262002019869,-4.59234792986495,8
1,44.934745599611794,-5.349777814229424,-6.350797269045595,-4.348758359413253,8
1,45.30610713349288,-5.370780136494957,-6.459083901991085,-4.282476370998828,8
1,45.677468667373965,-5.460272882845742,-6.619150118055419,-4.301395647636065,8
1,46.04883020125506,-5.38099620492102,-6.650460803300173,-4.111531606541868,8
1,46.42019173513614,-5.39435865352205,-6.676193701489641,-4.112523605554459,8
1,46.79155326901723,-5.439972771241665,-6.762601765229688,-4.117343777253643,8
1,47.16291480289833,-5.573833040967277,-6.926595414638452,-4.221070667296102,8
1,47.53427633677941,-5.614432549694907,-6.897048728207233,-4.3318163711825814,8
1,47.9056378706605,-5.615533613043983,-6.8765633832178334,-4.354503842870132,8
1,48.27699940454159,-5.626586619129534,-6.913886282147957,-4.339286956111111,8
1,48.64836093842268,-5.761901210096237,-7.166851163961889,-4.356951256230586,8
1,49.01972247230376,-5.892724102500524,-7.095813545542663,-4.689634659458385,8
1,49.39108400618486,-5.91134233765541,-7.102614666179701,-4.720070009131119,8
1,49.76244554006595,-5.90813928440735,-7.136933064163189,-4.679345504651511,8
1,50.13380707394703,-5.904097886617516,-7.203752551907739,-4.604443221327292,8
1,50.505168607828125,-5.882420176723957,-7.134007829978819,-4.630832523469095,8
1,50.87653014170922,-5.922979075989401,-7.208279616253337,-4.637678535725465,8
1,51.2478916755903,-5.961079384210659,-7.274960949226301,-4.647197819195016,8
1,51.619253209471395,-6.110005539494524,-7.428314627904021,-4.791696451085027,8
1,51.99061474335248,-6.075651669097991,-7.387599321353643,-4.763704016842339,8
1,52.361976277233566,-6.107894105007927,-7.3715425122561795,-4.844245697759674,8
1,52.733337811114666,-6.278159789795551,-7.610380110468807,-4.945939469122296,8
1,53.10469934499575,-6.3553699717506,-7.588790473284878,-5.121949470216321,8
1,53.47606087887684,-6.306605797422145,-7.606837055038994,-5.006374539805297,8
1,53.84742241275793,-6.345098593540323,-7.660604732010983,-5.029592455069663,8
1,54.218783946639014,-6.426115175206721,-7.725248977035193,-5.12698137337825,8
1,54.5901454805201,-6.406213078799115,-7.7788181298289905,-5.033608027769239,8
1,54.9615070144012,-6.623536666448517,-7.891108177145556,-5.355965155751479,8
1,55.332868548282285,-6.62769127225321,-7.940779369632095,-5.314603174874325,8
1,55.70423008216337,-6.66463297109341,-8.004953231349704,-5.324312710837116,8
1,56.07559161604446,-6.646506643808305,-7.973770363265068,-5.319242924351542,8
1,56.44695314992555,-6.781768720262701,-8.113045619326538,-5.450491821198864,8
1,56.81831468380664,-6.851620448228559,-8.179190642073007,-5.524050254384112,8
1,57.18967621768773,-6.857225300091946,-8.190586854010341,-5.523863746173549,8
1,57.56103775156882,-6.862044875791577,-8.157672348764757,-5.566417402818397,8
1,57.932399285449904,-6.899620319925068,-8.200511021397208,-5.5987296184529285,8
1,58.303760819330996,-6.854044809199045,-8.156645293165353,-5.551444325232737,8
1,58.67512235321209,-6.7706763822370535,-8.090717967905219,-5.450634796568889,8
1,59.046483887093174,-6.818410950926946,-8.210299680679864,-5.426522221174029,8
1,59.41784542097427,-6.864449349100885,-8.254311631942779,-5.474587066258991,8
1,59.78920695485535,-6.965503827552667,-8.338176335519014,-5.59283131958632,8
1,60.16056848873644,-7.09447480552819,-8.388630138381558,-5.800319472674822,8
1,60.53193002261754,-7.059940393467663,-8.370038515471157,-5.7498422714641695,8
1,60.90329155649862,-7.145922555506472,-8.480014007986654,-5.8118311030262895,8
1,61.27465309037971,-7.2096464987053634,-8.560825632004923,-5.858467365405804,8
1,61.6460146242608,-7.3311782752252705,-8.625266968900752,-6.037089581549789,8
1,62.017376158141886,-7.287262495306421,-8.540688661042529,-6.033836329570313,8
1,62.38873769202297,-7.329065017243939,-8.596046300490734,-6.0620837339971425,8
1,62.76009922590407,-7.280457712340912,-8.497293883503145,-6.063621541178678,8
1,63.131460759785156,-7.1913573369744785,-8.506714584890155,-5.8760000890588024,8
1,63.50282229366624,-7.037318694316906,-8.445772389538261,-5.628864999095551,8
1,63.874183827547334,-7.114457316996393,-8.596586137320678,-5.632328496672108,8
1,64.24554536142843,-7.143251098176919,-8.662625787230859,-5.62387640912298,8
1,64.61690689530951,-7.18939592079119,-8.649270092663,-5.72952174891938,8
1,64.9882684291906,-7.242085682395016,-8.685664556208955,-5.7985068085810765,8
1,65.3596299630717,-7.282553033131222,-8.725777432922543,-5.8393286333399015,8
1,65.73099149695278,-7.3927841282910265,-8.84988833098647,-5.935679925595583,8
1,66.10235303083387,-7.452767562594437,-8.94950509571495,-5.956030029473926,8
1,66.47371456471495,-7.470316338207707,-8.972112896867207,-5.968519779548205,8
1,66.84507609859604,-7.503590908824987,-9.034716045976673,-5.972465771673301,8
1,67.21643763247714,-7.587612626520238,-9.088149391414792,-6.087075861625686,8
1,67.58779916635822,-7.568359253825918,-9.06499748468778,-6.071721022964055,8
1,67.95916070023931,-7.648543802462307,-9.170146499541461,-6.126941105383152,8
1,68.33052223412041,-7.642107540642876,-9.15998882162705,-6.124226259658702,8
1,68.7018837680015,-7.648273505387985,-9.20774925771564,-6.08879775306033,8
1,69.07324530188258,-7.785488119890613,-9.309480238101838,-6.261496001679388,8
1,69.44460683576368,-7.6449481852751235,-9.23395857438385,-6.055937796166397,8
1,69.81596836964476,-7.594124721873592,-9.32326145195457,-5.8649879917926135,8
1,70.18732990352585,-7.4657029286715915,-9.249887391906832,-5.681518465436352,8
1,70.55869143740694,-7.357960285680324,-9.104689032799007,-5.611231538561642,8
1,70.93005297128802,-7.453082392474933,-9.355929152077188,-5.5502356328726785,8
1,71.30141450516912,-7.391978761306374,-9.284915904018742,-5.499041618594006,8
1,71.6727760390502,-7.342264481728213,-9.395322749411154,-5.289206214045273,8
1,72.04413757293129,-7.293829980221766,-9.186820750289977,-5.4008392101535545,8
1,72.41549910681239,-7.5025624757865454,-9.423675021133931,-5.58144993043916,8
1,72.78686064069348,-7.566957907486181,-9.452072305064666,-5.681843509907695,8
1,73.15822217457456,-7.591841609493867,-9.519665991018282,-5.6640172279694525,8
1,73.52958370845566,-7.614347712117095,-9.513787155953318,-5.714908268280872,8
1,73.90094524233675,-7.705604225647505,-9.529192564719711,-5.8820158865752985,8
1,74.27230677621783,-7.750813476159423,-9.538663608188983,-5.962963344129863,8
1,74.64366831009893,-7.574115918567127,-9.45961041034052,-5.688621426793735,8
1,75.01502984398002,-7.628822222424799,-9.554977984501681,-5.702666460347917,8
1,75.3863913778611,-7.615868355407529,-9.572592579672628,-5.65914413114243,8
1,75.75775291174219,-7.646711221153588,-9.588588640546172,-5.704833801761004,8
1,76.12911444562327,-7.694204388710852,-9.600921949667832,-5.787486827753871,8
1,76.50047597950436,-7.7045360701877925,-9.662978486489123,-5.746093653886461,8
1,76.87183751338546,-7.737590708524942,-9.729842480323839,-5.745338936726045,8
1,77.24319904726654,-7.7750583438916845,-9.80495397468604,-5.74516271309733,8
1,77.61456058114763,-8.027093831157988,-9.884639486553173,-6.169548175762803,8
1,77.98592211502873,-7.952484795322395,-9.869849251950294,-6.035120338694496,8
1,78.35728364890981,-7.976363673282238,-9.92904618073103,-6.023681165833447,8
1,78.7286451827909,-8.0018990818271,-9.979598752921087,-6.024199410733114,8
1,79.100006716672,-8.087568481350461,-10.239598525108832,-5.93553843759209,8
1,79.47136825055308,-8.051253361199871,-10.089163883420033,-6.013342838979709,8
1,79.84272978443417,-8.065139863506474,-10.113921444262747,-6.0163582827502005,8
1,80.21409131831525,-8.013939966905902,-10.028068459495245,-5.999811474316559,8
1,80.58545285219635,-8.134046318298621,-10.094250893915339,-6.173841742681902,8
1,80.95681438607744,-8.033905054480421,-9.924263713599467,-6.1435463953613745,8
1,81.32817591995853,-8.01436411720895,-9.881690633635001,-6.1470376007829,8
1,81.69953745383961,-7.95795459275527,-9.7786374765796,-6.137271708930939,8
1,82.07089898772071,-8.05907887811804,-9.889968613290419,-6.228189142945662,8
1,82.44226052160178,-8.152165002965189,-10.033875554836033,-6.270454451094345,8
1,82.81362205548288,-8.223660593191218,-10.119761520038255,-6.327559666344181,8
1,83.18498358936398,-8.212712838075815,-10.087847567453837,-6.337578108697793,8
1,83.55634512324505,-8.192051735798962,-10.021377660834638,-6.362725810763286,8
1,83.92770665712615,-8.389186224463142,-10.295080818951103,-6.483291629975182,8
1,84.29906819100725,-8.38590430255251,-10.267382560191603,-6.504426044913416,8
1,84.67042972488832,-8.522836384996609,-10.431109419610143,-6.614563350383075,8
1,85.04179125876942,-8.430245271719308,-10.297500886794621,-6.562989656643994,8
1,85.41315279265051,-8.392211724141932,-10.291051599052984,-6.493371849230878,8
1,85.78451432653159,-8.423701444956626,-10.364156941291052,-6.4832459486222,8
1,86.15587586041268,-8.444237390536209,-10.463258133610347,-6.42521664746207,8
1,86.52723739429378,-8.459413495565526,-10.453571466927539,-6.465255524203513,8
1,86.89859892817486,-8.435821111209467,-10.486958504176403,-6.38468371824253,8
1,87.26996046205595,-8.472130856314932,-10.581712211778214,-6.3625495008516495,8
1,87.64132199593705,-8.491722014291138,-10.757810726122692,-6.225633302459585,8
1,88.01268352981812,-8.461971543565959,-10.739492888693906,-6.18445019843801,8
1,88.38404506369922,-8.572597712724251,-10.731791903184648,-6.413403522263854,8
1,88.75540659758032,-8.590365474557885,-10.702386853024334,-6.478344096091435,8
1,89.12676813146139,-8.690904784312568,-10.882403616820568,-6.499405951804569,8
1,89.49812966534249,-8.729994534923724,-10.955827525086018,-6.5041615447614305,8
1,89.86949119922359,-8.781583114822617,-10.956845216313775,-6.606321013331458,8
1,90.24085273310466,-8.846231727669215,-10.967753743770306,-6.724709711568125,8
1,90.61221426698576,-8.970915301811393,-11.065361536476498,-6.876469067146289,8
1,90.98357580086684,-9.010614267625723,-11.168105482706528,-6.853123052544918,8
1,91.35493733474793,-9.022110768648139,-11.189675427741324,-6.854546109554954,8
1,91.72629886862902,-9.06944631056569,-11.222932653591487,-6.915959967539893,8
1,92.09766040251012,-9.056483114659148,-11.16652112423969,-6.946445105078605,8
1,92.4690219363912,-9.146333962700185,-11.306045510529332,-6.986622414871038,8
1,92.84038347027229,-9.220244464044747,-11.411005343529759,-7.029483584559735,8
1,93.21174500415339,-9.231668573731548,-11.482708801366613,-6.980628346096484,8
1,93.58310653803446,-9.359095567546875,-11.487128576104837,-7.2310625589889135,8
1,93.95446807191556,-9.370224115505918,-11.506418543118105,-7.234029687893731,8
1,94.32582960579666,-9.431629033040089,-11.572844513886663,-7.290413552193515,8
1,94.69719113967773,-9.438388234083375,-11.645268869758688,-7.2315075984080615,8
1,95.06855267355883,-9.624044777052397,-11.761665759908412,-7.486423794196382,8
1,95.43991420743991,-9.64062749111002,-11.768022322736908,-7.5132326594831325,8
1,95.811275741321,-9.640991102041733,-11.763708740152703,-7.518273463930763,8
1,96.1826372752021,-9.739228571417794,-11.916558778080244,-7.5618983647553435,8
1,96.55399880908318,-9.743342351585987,-11.99515866098513,-7.4915260421868455,8
1,96.92536034296427,-9.842509816757781,-11.991792521726417,-7.693227111789145,8
1,97.29672187684535,-9.881248116186265,-12.00029837100114,-7.762197861371392,8
1,97.66808341072645,-9.902123225346063,-12.001270364210693,-7.802976086481433,8
1,98.03944494460752,-9.987762133710472,-12.244411070877874,-7.731113196543071,8
1,98.41080647848862,-10.075625077960769,-12.329163115037868,-7.82208704088367,8
1,98.78216801236972,-10.125547179423029,-12.39551999828339,-7.855574360562666,8
1,99.1535295462508,-10.178873559207805,-12.312757284578836,-8.044989833836773,8
1,99.5248910801319,-10.350871721983431,-12.650922637143772,-8.05082080682309,8
1,99.896252614013,-10.361835362118683,-12.706331807531367,-8.017338916705999,8
1,100.26761414789407,-10.40956294234365,-12.742581109933221,-8.076544774754078,8
1,100.63897568177516,-10.404197299140023,-12.714703662982553,-8.093690935297493,8
1,101.01033721565625,-10.58067683303666,-12.83014554906946,-8.331208117003861,8
1,101.38169874953734,-10.581912139210516,-12.923637443145417,-8.240186835275615,8
1,101.75306028341844,-10.664692271856907,-13.013228433612962,-8.316156110100852,8
1,102.12442181729952,-10.649139090429404,-12.970211406365209,-8.3280667744936,8
1,102.4957833511806,-10.623102388845275,-12.904396490070141,-8.34180828762041,8
1,102.86714488506169,-10.824697888097724,-13.126925999383381,-8.522469776812066,8
1,103.23850641894279,-10.945638162101385,-13.311725719077149,-8.579550605125622,8
1,103.60986795282386,-10.896670874384988,-13.25554591726113,-8.537795831508845,8
1,103.98122948670496,-10.878086372947607,-13.221225200568782,-8.534947545326432,8
1,104.35259102058606,-10.967826149288172,-13.315355292881765,-8.620297005694578,8
1,104.72395255446713,-11.274770695392132,-13.804490325355175,-8.745051065429088,8
1,105.09531408834823,-11.20117127691155,-13.635187085901363,-8.767155467921738,8
1,105.46667562222933,-11.1538201554464,-13.519903331930937,-8.787736978961863,8
1,105.8380371561104,-11.194122771361862,-13.583843581936122,-8.804401960787601,8
1,106.2093986899915,-11.113202305513175,-13.384761869477757,-8.841642741548593,8
1,106.58076022387259,-11.236150688905841,-13.547693190109966,-8.924608187701716,8
1,106.95212175775367,-11.141955116438371,-13.39005723748469,-8.893852995392052,8
1,107.32348329163476,-11.139845700814165,-13.37987832721591,-8.899813074412421,8
1,107.69484482551586,-11.101858606113602,-13.281505256787135,-8.92221195544007,8
1,108.06620635939694,-11.033014532693686,-13.162808817859748,-8.903220247527624,8
1,108.43756789327803,-11.128526851621142,-13.22266919887179,-9.034384504370495,8
1,108.80892942715913,-11.154636361531646,-13.2477497797387,-9.061522943324592,8
1,109.1802909610402,-11.091033832764833,-13.181324572508013,-9.000743093021653,8
1,109.5516524949213,-11.101434143090767,-13.179713672886823,-9.023154613294711,8
1,109.9230140288024,-11.223683419113549,-13.299451443266644,-9.147915394960453,8
1,110.29437556268347,-11.23699594158562,-13.349734034330437,-9.124257848840804,8
1,110.66573709656457,-11.15474443979842,-13.300014984554737,-9.009473895042104,8
1,111.03709863044567,-11.129058973123495,-13.222100694012259,-9.036017252234732,8
1,111.40846016432674,-11.219796215787529,-13.303536173914942,-9.136056257660115,8
1,111.77982169820784,-11.284354065579224,-13.362790335511878,-9.20591779564657,8
1,112.15118323208893,-11.420200688105789,-13.515163067819984,-9.325238308391594,8
1,112.52254476597001,-11.403258089318351,-13.528279170729919,-9.278237007906784,8
1,112.8939062998511,-11.433252059527991,-13.565423123831781,-9.3010809952242,8
1,113.2652678337322,-11.481177502535216,-13.628640765960974,-9.333714239109458,8
1,113.63662936761328,-11.691926962863555,-13.905875389378082,-9.477978536349028,8
1,114.00799090149437,-11.633029918252882,-13.788531020471952,-9.477528816033812,8
1,114.37935243537547,-11.650959353081989,-13.800113130436541,-9.501805575727436,8
1,114.75071396925654,-11.63711584987417,-13.742661227502163,-9.531570472246178,8
1,115.12207550313764,-11.770182002179668,-13.900024221380646,-9.64033978297869,8
1,115.49343703701874,-11.768654112890607,-13.869709153050355,-9.667599072730859,8
1,115.86479857089981,-11.82339511247784,-13.964856429179328,-9.681933795776352,8
1,116.23616010478091,-11.863632009427686,-14.024349727130005,-9.702914291725367,8
1,116.60752163866199,-11.842648631752397,-14.017685333711025,-9.667611929793768,8
1,116.97888317254308,-12.002531431706917,-14.206061787237125,-9.799001076176708,8
1,117.35024470642418,-11.994896628134983,-14.156458267745816,-9.83333498852415,8
1,117.72160624030526,-12.091539803975706,-14.257634734965603,-9.92544487298581,8
1,118.09296777418635,-12.03647623246502,-14.19446984903111,-9.87848261589893,8
1,118.46432930806743,-12.140644516758618,-14.367156279449704,-9.914132754067532,8
1,118.83569084194853,-12.24375363242906,-14.4872310012938,-10.00027626356432,8
1,119.2070523758296,-12.266791241792113,-14.495934170457936,-10.03764831312629,8
1,119.5784139097107,-12.234396094736724,-14.40163323521656,-10.067158954256888,8
1,119.9497754435918,-12.218209339819916,-14.35362692465186,-10.082791754987973,8
1,120.32113697747288,-12.32052101483931,-14.590788766008266,-10.050253263670353,8
1,120.69249851135397,-12.55883914399304,-14.847017227416442,-10.270661060569639,8
1,121.06386004523507,-12.520778515695019,-14.688671285525817,-10.35288574586422,8
1,121.43522157911615,-12.629840036771784,-14.815643967542409,-10.444036106001159,8
1,121.80658311299725,-12.661479382285076,-14.857803632187515,-10.465155132382638,8
1,122.17794464687833,-12.759289436427268,-15.018353198987722,-10.500225673866815,8
1,122.54930618075942,-12.805377375579875,-15.016134463832561,-10.594620287327189,8
1,122.92066771464052,-12.786569712536167,-14.931889211501339,-10.641250213570995,8
1,123.2920292485216,-12.808647977892537,-14.94851794479291,-10.668778010992165,8
1,123.66339078240269,-12.788585704894627,-14.90108084743993,-10.676090562349325,8
1,124.03475231628377,-12.999020834946624,-15.282099495487143,-10.715942174406104,8
1,124.40611385016487,-12.989105461287867,-15.173662829377186,-10.804548093198548,8
1,124.77747538404594,-13.037413978766567,-15.194059285833763,-10.880768671699371,8
1,125.14883691792704,-13.030084500957974,-15.184874248172331,-10.875294753743617,8
1,125.52019845180814,-13.241836840326506,-15.632110927944591,-10.851562752708421,8
1,125.89155998568921,-13.198847698899549,-15.47601570596471,-10.921679691834388,8
1,126.26292151957031,-13.215205826313502,-15.441189102049039,-10.989222550577965,8
1,126.63428305345141,-13.166869510398417,-15.29587008066358,-11.037868940133254,8
1,127.00564458733248,-13.177657436431549,-15.363778029345294,-10.991536843517803,8
1,127.37700612121358,-13.066712091185583,-15.320294508903924,-10.813129673467241,8
1,127.74836765509467,-13.073367909934438,-15.257948610019108,-10.888787209849768,8
1,128.11972918897575,-13.219148153725698,-15.587713032394797,-10.850583275056598,8
1,128.49109072285685,-13.278108372099002,-15.629374713516345,-10.926842030681659,8
1,128.86245225673795,-13.296369534528301,-15.637486354055094,-10.955252715001508,8
1,129.23381379061902,-13.307925526019654,-15.582842553344584,-11.033008498694723,8
1,129.60517532450012,-13.15071039898985,-15.440839372404238,-10.860581425575461,8
1,129.9765368583812,-13.00608149361683,-15.405200423821753,-10.606962563411905,8
1,130.3478983922623,-13.059553800710319,-15.451401536314389,-10.667706065106248,8
1,130.7192599261434,-13.079199148232014,-15.477298786680535,-10.681099509783493,8
1,131.09062146002447,-13.118828525182309,-15.466700003537547,-10.770957046827071,8
1,131.46198299390556,-13.255464031082807,-15.687423434973784,-10.82350462719183,8
1,131.83334452778664,-13.295096009885976,-15.745295295726041,-10.84489672404591,8
1,132.20470606166774,-13.4018371979672,-15.950794879145699,-10.852879516788702,8
1,132.5760675955488,-13.36493490441303,-15.725395355626048,-11.004474453200011,8
1,132.9474291294299,-13.329680513959822,-15.674464673169304,-10.98489635475034,8
1,133.318790663311,-13.396973439005267,-15.75787962896845,-11.036067249042084,8
1,133.69015219719208,-13.462650423722351,-15.870737570930755,-11.054563276513948,8
1,134.06151373107318,-13.448485268404998,-15.788527044408923,-11.108443492401072,8
1,134.43287526495428,-13.420069312734201,-15.714805027204836,-11.125333598263566,8
1,134.80423679883535,-13.424810125354082,-15.654202677530808,-11.195417573177355,8
1,135.17559833271645,-13.476538819505864,-15.673314468796987,-11.279763170214741,8
1,135.54695986659755,-13.34354973299874,-15.5706204504396,-11.11647901555788,8
1,135.91832140047862,-13.21031351283486,-15.49944461946917,-10.92118240620055,8
1,136.28968293435972,-13.241927761106528,-15.496548096127137,-10.987307426085918,8
1,136.66104446824082,-13.094560959599322,-15.35367544404682,-10.835446475151825,8
1,137.0324060021219,-13.383123715260808,-15.60021850465253,-11.166028925869087,8
1,137.403767536003,-13.261780527349638,-15.559696412364056,-10.963864642335219,8
1,137.7751290698841,-13.245806690394485,-15.517278235436631,-10.974335145352338,8
1,138.14649060376516,-13.092208883442197,-15.338359448163263,-10.84605831872113,8
1,138.51785213764626,-13.125908932492447,-15.36765005005668,-10.884167814928214,8
1,138.88921367152736,-13.15472162436653,-15.33084779912092,-10.97859544961214,8
1,139.26057520540843,-13.223755039389365,-15.378900608921693,-11.068609469857037,8
1,139.63193673928953,-13.16793493462896,-15.316026945882133,-11.019842923375787,8
1,140.00329827317063,-13.28365274079519,-15.320971762473285,-11.246333719117096,8
1,140.3746598070517,-13.27207689346615,-15.34917862318626,-11.194975163746038,8
1,140.7460213409328,-13.144347863748672,-15.31896640059195,-10.969729326905394,8
1,141.11738287481387,-13.216851118840923,-15.444915190538557,-10.988787047143289,8
1,141.48874440869497,-13.161446439967797,-15.428040846124208,-10.894852033811386,8
1,141.86010594257604,-13.155306253041628,-15.48554489802886,-10.825067608054397,8
1,142.23146747645714,-13.240419302097768,-15.62167951139653,-10.859159092799006,8
1,142.60282901033824,-13.053229106592054,-15.587412750814021,-10.519045462370087,8
1,142.9741905442193,-13.202536915770294,-15.752235105447351,-10.652838726093236,8
1,143.3455520781004,-13.280222505397026,-15.842254938419751,-10.7181900723743,8
1,143.7169136119815,-13.376944571149753,-15.98530996761947,-10.768579174680037,8
1,144.08827514586258,-13.432283244835968,-16.012474514584426,-10.852091975087511,8
1,144.45963667974368,-13.462860519344316,-16.024444363737764,-10.90127667495087,8
1,144.83099821362478,-13.499185471714721,-16.048959688603034,-10.94941125482641,8
1,145.20235974750585,-13.582547608879095,-16.13792109549979,-11.0271741222584,8
1,145.57372128138695,-13.669362802927088,-16.22863043181162,-11.110095174042556,8
1,145.94508281526805,-13.698061471417741,-16.237783087886044,-11.158339854949439,8
1,146.31644434914912,-13.700233778348954,-16.22599554280352,-11.174472013894388,8
1,146.68780588303022,-13.749585657572363,-16.331490044169247,-11.167681270975478,8
1,147.05916741691132,-13.852140587153983,-16.495936509529677,-11.208344664778288,8
1,147.4305289507924,-13.870676950612294,-16.543027919732573,-11.198325981492017,8
1,147.8018904846735,-13.881260009475191,-16.511553729399772,-11.250966289550613,8
1,148.1732520185546,-13.955267126765957,-16.54443303744583,-11.366101216086083,8
1,148.54461355243566,-14.057227850418004,-16.61392306035438,-11.500532640481627,8
1,148.91597508631676,-14.095515050611198,-16.67882708014929,-11.512203021073107,8
1,149.28733662019786,-14.26040067523207,-16.98609261550617,-11.534708734957968,8
1,149.65869815407893,-14.189147163299038,-16.812434348895803,-11.565859977702274,8
1,150.03005968796003,-14.248127341118401,-16.831190243153756,-11.665064439083046,8
1,150.4014212218411,-14.29451728476841,-16.982813924449157,-11.606220645087664,8
1,150.7727827557222,-14.319968947118433,-17.065481260574376,-11.57445663366249,8
1,151.14414428960328,-14.328969136347478,-17.047931932143825,-11.610006340551129,8
1,151.51550582348438,-14.542699830260975,-17.1667887935226,-11.918610866999352,8
1,151.88686735736547,-14.583724331270982,-17.264906551966753,-11.902542110575212,8
1,152.25822889124655,-14.652052975840363,-17.389009982716694,-11.91509596896403,8
1,152.62959042512765,-14.627355483455473,-17.35249292572894,-11.902218041182007,8
1,153.00095195900872,-14.5149082362697,-17.240308504595106,-11.789507967944294,8
1,153.37231349288982,-14.544129162825293,-17.271000267540902,-11.817258058109683,8
1,153.74367502677092,-14.50164044786404,-17.214375037451486,-11.788905858276593,8
1,154.115036560652,-14.403166912624133,-17.08052317500387,-11.7258106502444,8
1,154.4863980945331,-14.342113069141677,-17.031109988654784,-11.653116149628572,8
1,154.8577596284142,-14.358681370612686,-17.05411212076424,-11.663250620461131,8
1,155.22912116229526,-14.471980985826605,-17.392427451447773,-11.551534520205434,8
1,155.60048269617636,-14.493711395596003,-17.455486895479154,-11.531935895712852,8
1,155.97184423005746,-14.451375640804287,-17.38201247061582,-11.520738810992754,8
1,156.34320576393853,-14.468677018109101,-17.431400480936652,-11.50595355528155,8
1,156.71456729781963,-14.447219750809065,-17.470077683232407,-11.424361818385723,8
1,157.08592883170073,-14.725559099830141,-17.634829077316322,-11.81628912234396,8
1,157.4572903655818,-14.750317585611946,-17.64325059079508,-11.857384580428809,8
1,157.8286518994629,-14.751037878755472,-17.682516263081784,-11.819559494429162,8
1,158.200013433344,-14.744641331101452,-17.717888516610373,-11.77139414559253,8
1,158.57137496722507,-15.011258907740999,-17.882925682312127,-12.13959213316987,8
1,158.94273650110617,-15.031490546928758,-17.868703985045652,-12.194277108811862,8
1,159.31409803498727,-15.03137561416188,-17.89983150257906,-12.162919725744699,8
1,159.68545956886834,-15.005138011974983,-17.943934117998747,-12.06634190595122,8
1,160.05682110274944,-15.053309113419392,-18.255058006045687,-11.851560220793097,8
1,160.4281826366305,-14.996039501966553,-18.27073809256226,-11.721340911370845,8
1,160.7995441705116,-15.086279817479955,-18.336680802326676,-11.835878832633236,8
1,161.1709057043927,-15.012201595386141,-18.288700784334974,-11.735702406437309,8
1,161.54226723827378,-14.94524301748632,-18.35493005533497,-11.535555979637667,8
1,161.91362877215488,-14.98055616163958,-18.426816795343907,-11.534295527935253,8
1,162.28499030603595,-15.012716734605487,-18.583947129058377,-11.441486340152597,8
1,162.65635183991705,-14.956737138058047,-18.6651783546568,-11.248295921459295,8
1,163.02771337379815,-14.96644680038147,-18.78904353637579,-11.143850064387152,8
1,163.39907490767922,-15.000051500961758,-18.846064830970903,-11.154038170952616,8
1,163.77043644156032,-14.946206846024259,-18.7839500051199,-11.108463686928616,8
1,164.14179797544142,-15.267951435721663,-18.998474334744348,-11.537428536698979,8
1,164.5131595093225,-15.064356090929763,-18.697777128366738,-11.43093505349279,8
1,164.88452104320356,-15.023140601724018,-18.59496751690015,-11.451313686547884,8
1,165.2558825770847,-15.020425558996934,-18.583002136897083,-11.457848981096785,8
1,165.62724411096576,-15.08404959657799,-18.498241457436247,-11.669857735719733,8
1,165.99860564484683,-15.164464383562862,-18.582485437669202,-11.746443329456522,8
1,166.36996717872796,-15.358385560318856,-18.818154245009378,-11.898616875628335,8
1,166.74132871260903,-15.34428098256167,-18.828252642625344,-11.860309322497997,8
1,167.1126902464901,-15.329569143421786,-18.721782534749273,-11.937355752094298,8
1,167.48405178037123,-15.323987201447311,-18.691852539486746,-11.956121863407876,8
1,167.8554133142523,-15.26390731672602,-18.682724110309064,-11.845090523142973,8
1,168.22677484813337,-15.243498919346438,-18.74204036838403,-11.744957470308846,8
1,168.5981363820145,-15.092021125337396,-18.551728687400402,-11.63231356327439,8
1,168.96949791589557,-15.397152081076582,-18.761900076079804,-12.03240408607336,8
1,169.34085944977664,-15.539718809733786,-18.930780927590877,-12.148656691876694,8
1,169.71222098365774,-15.54887328499339,-18.98166403026825,-12.11608253971853,8
1,170.08358251753884,-15.33677471921313,-18.77242181402696,-11.901127624399301,8
1,170.45494405141991,-15.321804652835203,-18.722403747354697,-11.921205558315709,8
1,170.82630558530101,-15.373729693593319,-18.837492559549016,-11.909966827637621,8
1,171.1976671191821,-15.481952231404588,-19.050987434780623,-11.912917028028552,8
1,171.56902865306319,-15.432912075398955,-19.084246633508187,-11.781577517289723,8
1,171.94039018694428,-15.382526380800162,-18.9897429274739,-11.775309834126427,8
1,172.31175172082536,-15.377076538409874,-18.943345151982427,-11.81080792483732,8
1,172.68311325470646,-15.422172929755831,-18.794522504436493,-12.04982335507517,8
1,173.05447478858756,-15.380624967950537,-18.921736038965896,-11.839513896935177,8
1,173.42583632246863,-15.331868396722317,-18.835577582578996,-11.828159210865637,8
1,173.79719785634973,-15.282446430322624,-18.863196154092236,-11.701696706553014,8
1,174.16855939023083,-15.35829535916289,-18.718430642751105,-11.998160075574676,8
1,174.5399209241119,-15.425204014049887,-18.90136757170494,-11.949040456394831,8
1,174.91128245799297,-15.370669288403077,-18.90804265409807,-11.833295922708084,8
1,175.2826439918741,-15.388342345798716,-18.946994783637127,-11.829689907960304,8
1,175.65400552575517,-15.387593543647773,-18.79082246914505,-11.984364618150495,8
1,176.02536705963624,-15.534416186526997,-18.92483945955897,-12.143992913495024,8
1,176.39672859351737,-15.567365922459558,-19.038088473825898,-12.096643371093219,8
1,176.76809012739844,-15.546029143514707,-18.975843047877298,-12.116215239152115,8
1,177.1394516612795,-15.373889493511756,-18.755197127826776,-11.992581859196736,8
1,177.51081319516064,-15.554612176401685,-18.75698525001138,-12.352239102791989,8
1,177.8821747290417,-15.587678773983052,-18.792563832236084,-12.38279371573002,8
1,178.25353626292278,-15.695273488902204,-18.952868938918307,-12.437678038886101,8
1,178.6248977968039,-15.50407176907057,-18.767319189338085,-12.240824348803056,8
1,178.99625933068498,-15.354818900769612,-18.53376847431035,-12.175869327228876,8
1,179.36762086456605,-15.464576560995361,-18.573097272227677,-12.356055849763045,8
1,179.73898239844718,-15.6119140089134,-18.743220894382354,-12.480607123444445,8
1,180.11034393232825,-15.421831504790475,-18.49919167156058,-12.344471338020371,8
1,180.48170546620932,-15.21583994001762,-18.189149918908527,-12.242529961126714,8
1,180.85306700009042,-15.28623970194671,-18.312049434799917,-12.260429969093506,8
1,181.22442853397152,-15.150099619140706,-18.13237326585556,-12.167825972425852,8
1,181.5957900678526,-15.061342441517008,-18.095714766573444,-12.02697011646057,8
1,181.9671516017337,-14.774631913228742,-17.733623173613807,-11.815640652843676,8
1,182.3385131356148,-14.794174108866088,-17.77573502250219,-11.812613195229988,8
1,182.70987466949586,-14.737094839947943,-17.80539249429925,-11.668797185596635,8
1,183.08123620337696,-14.643362825042251,-17.702128348478336,-11.584597301606166,8
1,183.45259773725803,-14.548970758636516,-17.644596131369156,-11.453345385903878,8
1,183.82395927113913,-14.53430688770372,-17.74168745142091,-11.326926323986532,8
1,184.19532080502023,-14.390799158328548,-17.70964027471954,-11.071958041937556,8
1,184.5666823389013,-14.401605756517254,-17.7997399461217,-11.003471566912808,8
1,184.9380438727824,-14.324585624438084,-17.818768147532484,-10.830403101343684,8
1,185.3094054066635,-14.232605343263883,-17.7949369868644,-10.670273699663365,8
1,185.68076694054457,-14.141876645447061,-17.716971092732052,-10.56678219816207,8
1,186.05212847442564,-14.123533314496422,-17.74267144488105,-10.504395184111793,8
1,186.42349000830677,-14.256476639609158,-17.89678755335936,-10.616165725858957,8
1,186.79485154218784,-14.304131725385863,-17.9858198092114,-10.622443641560329,8
1,187.1662130760689,-14.254790415431895,-17.967136790900955,-10.542444039962835,8
1,187.53757460995004,-14.214197080326356,-17.993347654627875,-10.435046506024834,8
1,187.9089361438311,-14.191216960052722,-17.960855443704176,-10.421578476401269,8
1,188.28029767771218,-14.145222339673378,-17.891989943974718,-10.398454735372038,8
1,188.6516592115933,-14.155644859082159,-17.921038192877244,-10.390251525287072,8
1,189.02302074547438,-14.098938892488736,-17.71935136027371,-10.478526424703762,8
1,189.39438227935545,-14.094297520788125,-17.712673624745086,-10.475921416831161,8
1,189.76574381323658,-14.278060607603877,-18.11708559819879,-10.439035617008962,8
1,190.13710534711765,-14.467478714289904,-18.191434616179258,-10.743522812400547,8
1,190.50846688099872,-14.422869228965183,-17.97122780924163,-10.874510648688737,8
1,190.87982841487982,-14.361949161928178,-17.91490620917908,-10.80899211467728,8
1,191.25118994876092,-14.289006563339964,-17.803764184463972,-10.774248942215955,8
1,191.622551482642,-14.491908636226796,-18.122081932088413,-10.861735340365179,8
1,191.9939130165231,-14.628326616595553,-18.19463796969896,-11.062015263492144,8
1,192.3652745504042,-14.73670136287497,-18.237193528851577,-11.236209196898361,8
1,192.73663608428527,-14.680215372009952,-18.1830156184663,-11.177415125553605,8
1,193.10799761816637,-14.628624885057024,-18.120177985077785,-11.137071785036262,8
1,193.47935915204744,-14.880262903665852,-18.328001069718276,-11.432524737613425,8
1,193.85072068592854,-14.914698655674592,-18.44797426635908,-11.381423044990104,8
1,194.22208221980964,-14.96284480597673,-18.5043953342752,-11.42129427767826,8
1,194.5934437536907,-14.924685372131606,-18.492321295547896,-11.357049448715316,8
1,194.9648052875718,-15.079281174421915,-18.618707025524124,-11.539855323319708,8
1,195.3361668214529,-15.162729165755792,-18.676196396730777,-11.649261934780807,8
1,195.70752835533398,-15.254951372357583,-18.80761093754691,-11.702291807168255,8
1,196.07888988921505,-15.203784913935953,-18.717823170553903,-11.689746657318004,8
1,196.45025142309618,-15.272328301131532,-18.765860297856158,-11.778796304406908,8
1,196.82161295697725,-15.37110157197595,-18.87037860160158,-11.871824542350321,8
1,197.19297449085832,-15.42072186724713,-18.899066295171757,-11.942377439322504,8
1,197.56433602473945,-15.554345896577534,-19.040895931015076,-12.067795862139992,8
1,197.93569755862052,-15.569122845527932,-19.072995283205533,-12.065250407850332,8
1,198.3070590925016,-15.657152991045223,-19.16807289588735,-12.146233086203097,8
1,198.67842062638272,-15.840680689185792,-19.292436193444715,-12.388925184926867,8
1,199.0497821602638,-15.858780590999666,-19.29403188256764,-12.423529299431692,8
1,199.42114369414486,-15.85036447683761,-19.286571860819166,-12.414157092856055,8
1,199.792505228026,-15.892572010199801,-19.283220729256563,-12.50192329114304,8
1,200.16386676190706,-15.928379577772843,-19.39526392727384,-12.461495228271843,8
1,200.53522829578813,-15.885357955392774,-19.39720001043848,-12.37351590034707,8
1,200.90658982966926,-15.859361934351506,-19.338459299399418,-12.380264569303593,8
1,201.27795136355033,-15.826980640826838,-19.31068330088528,-12.343277980768397,8
1,201.6493128974314,-15.87569704816109,-19.303120980521186,-12.448273115800994,8
1,202.0206744313125,-15.905797086860284,-19.52011679141728,-12.29147738230329,8
1,202.3920359651936,-15.957722501587865,-19.62631573306369,-12.289129270112038,8
1,202.76339749907467,-15.968746807220189,-19.65446083440134,-12.283032780039035,8
1,203.13475903295577,-16.07902840330213,-19.613581926742697,-12.54447487986156,8
1,203.50612056683687,-16.15308671823945,-19.78864035972269,-12.517533076756207,8
1,203.87748210071794,-16.15458202131161,-19.874788326686396,-12.434375715936827,8
1,204.24884363459904,-16.201426324039605,-19.972695510480598,-12.430157137598613,8
1,204.6202051684801,-16.072688309875456,-19.886650595101052,-12.25872602464986,8
1,204.9915667023612,-16.11713395423509,-19.864199290938853,-12.370068617531327,8
1,205.3629282362423,-16.215050565400936,-19.99739029694544,-12.432710833856431,8
1,205.73428977012338,-16.258319763388606,-20.006853168044916,-12.509786358732295,8
1,206.10565130400448,-16.283183660336473,-20.062652399310974,-12.503714921361972,8
1,206.47701283788558,-16.32410595851779,-20.076283668935623,-12.571928248099958,8
1,206.84837437176665,-16.396135983033627,-20.13199228998513,-12.660279676082123,8
1,207.21973590564772,-16.513027725140113,-20.230652649412256,-12.795402800867969,8
1,207.59109743952885,-16.565781203993705,-20.257445284819582,-12.87411712316783,8
1,207.96245897340992,-16.626321785259375,-20.32874776000586,-12.923895810512889,8
1,208.333820507291,-16.680657547220168,-20.376080326326772,-12.985234768113562,8
1,208.70518204117212,-16.740920034917742,-20.405131931201993,-13.076708138633492,8
1,209.0765435750532,-16.835173964776132,-20.528377920248445,-13.141970009303817,8
1,209.44790510893426,-16.868629268483463,-20.538524614135895,-13.198733922831032,8
1,209.8192666428154,-16.913215128570354,-20.58176503070459,-13.244665226436117,8
1,210.19062817669646,-16.937586734506976,-20.6217485358159,-13.253424933198051,8
1,210.56198971057754,-17.03312217328053,-20.69774297718642,-13.368501369374638,8
1,210.93335124445866,-17.08322301580062,-20.751231071593427,-13.415214960007813,8
1,211.30471277833973,-17.127312184917262,-20.80255648508746,-13.452067884747064,8
1,211.6760743122208,-17.148924393069432,-20.827904308044797,-13.46994447809407,8
1,212.0474358461019,-17.150637475926473,-20.843822353944983,-13.457452597907963,8
1,212.418797379983,-17.22812950631502,-20.96452387985112,-13.491735132778922,8
1,212.79015891386408,-17.316577652913658,-21.07981595991259,-13.553339345914726,8
1,213.16152044774518,-17.38646959708735,-21.099390452945464,-13.673548741229233,8
1,213.53288198162628,-17.425776381774533,-21.146675105706414,-13.70487765784265,8
1,213.90424351550735,-17.49204956206011,-21.250939113540742,-13.733160010579478,8
1,214.27560504938845,-17.51274651609434,-21.285851711047698,-13.739641321140978,8
1,214.64696658326952,-17.60421597921689,-21.332131449670033,-13.876300508763743,8
1,215.01832811715062,-17.58873857417484,-21.32810215983227,-13.849374988517411,8
1,215.38968965103172,-17.675695508862457,-21.429584683102313,-13.9218063346226,8
1,215.7610511849128,-17.672333351234492,-21.481889070724023,-13.862777631744963,8
1,216.1324127187939,-17.824185322308587,-21.588065654150412,-14.060304990466763,8
1,216.503774252675,-17.837073645492453,-21.575553296846042,-14.098593994138863,8
1,216.87513578655606,-17.874392151183667,-21.63767199278966,-14.111112309577674,8
1,217.24649732043713,-17.920562188835184,-21.699855946783682,-14.141268430886687,8
1,217.61785885431826,-17.885529548847085,-21.75140562579037,-14.019653471903803,8
1,217.98922038819933,-17.89618314644561,-21.73924848090211,-14.05311781198911,8
1,218.3605819220804,-18.02027395192976,-21.808395161141767,-14.232152742717751,8
1,218.73194345596153,-18.08233906815564,-21.799044339965413,-14.365633796345866,8
1,219.1033049898426,-18.130569314516208,-21.999434670563005,-14.261703958469411,8
1,219.47466652372367,-18.160278919993456,-22.026091276433505,-14.294466563553407,8
1,219.8460280576048,-18.172514073424868,-22.007339540908035,-14.337688605941702,8
1,220.21738959148587,-18.093139028893027,-21.927937565432043,-14.258340492354012,8
1,220.58875112536694,-18.158450072521262,-22.10130920539496,-14.215590939647566,8
1,220.96011265924807,-18.178273274626363,-22.170663035534318,-14.185883513718409,8
1,221.33147419312914,-18.171628546179157,-22.093710269887907,-14.249546822470407,8
1,221.7028357270102,-18.16004004475843,-22.109623804100877,-14.21045628541598,8
1,222.07419726089134,-18.26084637918281,-22.097560071603795,-14.424132686761821,8
1,222.4455587947724,-18.359499468362202,-22.24499414073268,-14.474004795991727,8
1,222.81692032865348,-18.410253094432715,-22.310058215149684,-14.510447973715745,8
1,223.18828186253458,-18.461106640585967,-22.4181167344645,-14.504096546707434,8
1,223.55964339641568,-18.322910106188267,-22.342619336083985,-14.30320087629255,8
1,223.93100493029675,-18.61554373814798,-22.47333358263477,-14.757753893661194,8
1,224.30236646417785,-18.624423837569072,-22.452801416636614,-14.79604625850153,8
1,224.67372799805895,-18.73679877261715,-22.63589953420366,-14.83769801103064,8
1,225.04508953194002,-18.63860071915255,-22.606388864656875,-14.670812573648222,8
1,225.41645106582112,-18.585839745111222,-22.520722499556477,-14.650956990665968,8
1,225.7878125997022,-18.685017904180018,-22.609160889563313,-14.760874918796722,8
1,226.1591741335833,-18.77568628201144,-22.515941243861462,-15.035431320161415,8
1,226.5305356674644,-18.85852269217579,-22.875271226864367,-14.841774157487212,8
1,226.90189720134546,-18.780830532374065,-22.726459715431233,-14.835201349316897,8
1,227.27325873522656,-18.785675550960132,-22.72605771016708,-14.845293391753183,8
1,227.64462026910766,-18.63515040245712,-22.592243544238396,-14.678057260675846,8
1,228.01598180298873,-18.80477896730317,-22.659262025516917,-14.950295909089427,8
1,228.3873433368698,-18.609438404130312,-22.34466410310562,-14.874212705155003,8
1,228.75870487075093,-18.652139272764984,-22.41333391104326,-14.890944634486706,8
1,229.130066404632,-18.583373066895845,-22.32831541502476,-14.838430718766931,8
1,229.50142793851307,-18.58946362339173,-22.272870361474922,-14.906056885308537,8
1,229.8727894723942,-18.584180598730903,-22.337221760551696,-14.83113943691011,8
1,230.24415100627527,-18.66344966026787,-22.414769264171532,-14.912130056364205,8
1,230.61551254015635,-18.541521228634743,-22.267784264054782,-14.815258193214705,8
1,230.98687407403747,-18.439702149669134,-22.12262147367585,-14.756782825662421,8
1,231.35823560791854,-18.38881112037769,-22.02538916604093,-14.752233074714448,8
1,231.72959714179962,-18.336168769674867,-21.911356900718403,-14.760980638631331,8
1,232.10095867568074,-18.389768556291767,-21.823567416658115,-14.955969695925418,8
1,232.47232020956181,-18.441512407838605,-21.807804435585215,-15.075220380091995,8
1,232.8436817434429,-18.448827956370877,-21.7991683147504,-15.098487597991355,8
1,233.21504327732399,-18.384278534815373,-21.70819451335533,-15.060362556275416,8
1,233.58640481120509,-18.25472397370051,-21.58267011881194,-14.926777828589081,8
1,233.95776634508616,-18.35599868205619,-21.455785125517743,-15.256212238594635,8
1,234.32912787896726,-18.198786648069337,-21.414047659015825,-14.983525637122849,8
1,234.70048941284836,-17.993939046886403,-21.244651777661435,-14.743226316111372,8
1,235.07185094672943,-17.810926378441597,-21.105927728380106,-14.515925028503087,8
1,235.44321248061053,-17.798530107899516,-21.037395403403444,-14.559664812395589,8
1,235.8145740144916,-17.914914597120692,-21.064116767105656,-14.765712427135727,8
1,236.1859355483727,-18.028001543262,-21.074784378600818,-14.981218707923185,8
1,236.5572970822538,-17.990997740357926,-21.095167632906367,-14.886827847809485,8
1,236.92865861613487,-17.99503004946786,-21.10672742196887,-14.883332676966852,8
1,237.30002015001597,-18.049569900583403,-21.134671286275154,-14.964468514891653,8
1,237.67138168389707,-18.346230890716278,-21.167618759063735,-15.52484302236882,8
1,238.04274321777814,-18.29071513161733,-21.240458272944167,-15.340971990290491,8
1,238.4141047516592,-18.29021438085843,-21.30148498578989,-15.278943775926969,8
1,238.78546628554034,-18.272473818886603,-21.29061780517716,-15.254329832596046,8
1,239.1568278194214,-18.36755598456051,-21.369998639752602,-15.36511332936842,8
1,239.52818935330248,-18.602427563607407,-21.50005808740974,-15.70479703980507,8
1,239.8995508871836,-18.532961441937005,-21.5577691437214,-15.50815374015261,8
1,240.27091242106468,-18.590422607745122,-21.6488823530035,-15.531962862486742,8
1,240.64227395494575,-18.577243985424403,-21.553220349904468,-15.60126762094434,8
1,241.01363548882688,-18.707404056216152,-21.507978548221057,-15.906829564211247,8
1,241.38499702270795,-18.8439279203015,-21.837990038329167,-15.849865802273833,8
1,241.75635855658902,-18.893679730699713,-21.9038769373936,-15.883482524005824,8
1,242.12772009047015,-18.791858768375768,-21.83241257194701,-15.751304964804525,8
1,242.49908162435122,-18.760073944439686,-21.800964669978917,-15.719183218900456,8
1,242.8704431582323,-18.790149380283577,-21.84144761316943,-15.738851147397725,8
1,243.24180469211342,-18.858207299880725,-21.955980706442737,-15.760433893318714,8
1,243.6131662259945,-18.922828006000838,-22.008226113239516,-15.83742989876216,8
1,243.98452775987556,-19.040105947571266,-22.092151358172444,-15.988060536970089,8
1,244.35588929375666,-19.065589070052717,-22.12458733318633,-16.006590806919103,8
1,244.72725082763776,-18.98520091176913,-22.006457331273616,-15.963944492264643,8
1,245.09861236151883,-18.99734256740006,-22.249995557533733,-15.744689577266389,8
1,245.46997389539993,-19.04940371562239,-22.29385471971809,-15.804952711526688,8
1,245.84133542928103,-19.08467747248551,-22.32100820200689,-15.848346742964129,8
1,246.2126969631621,-19.018533721377086,-22.234937842544344,-15.80212960020983,8
1,246.5840584970432,-19.17175079578453,-22.258270971868132,-16.085230619700926,8
1,246.95542003092427,-19.14504751424722,-22.350290272076762,-15.93980475641768,8
1,247.32678156480537,-19.196369943224887,-22.443635396663463,-15.949104489786311,8
1,247.69814309868647,-19.293643703371654,-22.541880233505733,-16.045407173237574,8
1,248.06950463256754,-19.338644224514454,-22.394302094126303,-16.282986354902604,8
1,248.44086616644861,-19.366958196446742,-22.57985650042247,-16.154059892471015,8
1,248.81222770032974,-19.459088598345055,-22.696602433803108,-16.221574762887002,8
1,249.1835892342108,-19.537653987954908,-22.824051208427832,-16.251256767481983,8
1,249.55495076809189,-19.587204430248107,-22.77695172525405,-16.397457135242163,8
1,249.926312301973,-19.677350724153392,-22.851254816923454,-16.50344663138333,8
1,250.29767383585408,-19.799322624108065,-22.978519397049457,-16.620125851166673,8
1,250.66903536973516,-19.82249944495417,-23.111420043577766,-16.53357884633057,8
1,251.04039690361628,-19.75812822446677,-23.04737441634964,-16.4688820325839,8
1,251.41175843749735,-19.667108337393362,-22.92395895079477,-16.410257723991954,8
1,251.78311997137843,-19.69772882623451,-22.842244399466836,-16.553213253002184,8
1,252.15448150525955,-19.714051720548646,-22.984928955841497,-16.443174485255796,8
1,252.52584303914063,-19.692347355124703,-23.02312447073215,-16.361570239517256,8
1,252.8972045730217,-19.804121979482954,-23.08588981700822,-16.52235414195769,8
1,253.26856610690282,-19.970030683062575,-23.182137098122965,-16.757924268002185,8
1,253.6399276407839,-19.92167541493889,-23.06108911709908,-16.7822617127787,8
1,254.01128917466497,-19.99190585194852,-23.31407128293367,-16.669740420963368,8
1,254.38265070854607,-20.000847540412828,-23.245482865984673,-16.756212214840982,8
1,254.75401224242717,-19.996013044202105,-23.258475871125842,-16.733550217278367,8
1,255.12537377630824,-20.069826034252277,-23.229630861658002,-16.91002120684655,8
1,255.49673531018934,-20.10985604751873,-23.3061491847212,-16.91356291031626,8
1,255.86809684407044,-20.17759186507716,-23.43894502373645,-16.91623870641787,8
1,256.2394583779515,-20.182408332787194,-23.48112138630823,-16.883695279266156,8
1,256.6108199118326,-20.381798350783857,-23.536470023624734,-17.22712667794298,8
1,256.9821814457137,-20.37655403450098,-23.536714258463515,-17.216393810538445,8
1,257.35354297959475,-20.37718379512237,-23.523269478304496,-17.231098111940245,8
1,257.7249045134759,-20.432889560217603,-23.66243440066594,-17.203344719769266,8
1,258.09626604735695,-20.32208825873922,-23.677619938540154,-16.966556578938288,8
1,258.46762758123805,-20.360729957909577,-23.565716186622396,-17.155743729196757,8
1,258.83898911511915,-20.510540154965266,-23.685512158170543,-17.33556815175999,8
1,259.21035064900025,-20.633527795964476,-23.835991378171194,-17.431064213757757,8
1,259.5817121828813,-20.610665627023955,-23.879517887806312,-17.3418133662416,8
1,259.9530737167624,-20.57340909656748,-23.843012154504628,-17.303806038630334,8
1,260.3244352506435,-20.573665745530413,-23.857355511235166,-17.28997597982566,8
1,260.6957967845246,-20.50535631361135,-23.76040967680517,-17.25030295041753,8
1,261.0671583184057,-20.436773745643595,-23.744569636657104,-17.128977854630087,8
1,261.4385198522868,-20.51663503537188,-23.90391696082465,-17.129353109919112,8
1,261.80988138616783,-20.53239309760736,-23.96470313915932,-17.100083056055404,8
1,262.18124292004893,-20.569907931290516,-24.02637232208774,-17.11344354049329,8
1,262.55260445393003,-20.71252319998264,-23.984811046381434,-17.440235353583848,8
1,262.92396598781113,-20.686681056318772,-23.946107130534077,-17.427254982103467,8
1,263.29532752169223,-20.709160178184064,-23.995174333627997,-17.42314602274013,8
1,263.6666890555733,-20.65602806259922,-24.05997892309191,-17.252077202106527,8
1,264.0380505894544,-20.525407798322593,-23.98608898977226,-17.064726606872927,8
1,264.40941212333547,-20.407677764791494,-23.958042575183956,-16.85731295439903,8
1,264.78077365721657,-20.397837243723874,-23.959902373318062,-16.835772114129686,8
1,265.1521351910976,-20.290407451222915,-23.951159707161324,-16.629655195284506,8
1,265.52349672497877,-20.15900951180813,-23.888328283178843,-16.429690740437415,8
1,265.8948582588598,-20.097195546998773,-24.00389695969566,-16.190494134301886,8
1,266.2662197927409,-20.243052212710065,-24.17995258458257,-16.30615184083756,8
1,266.637581326622,-20.19106622453502,-24.188211873877577,-16.193920575192465,8
1,267.0089428605031,-20.18567762568088,-24.19240200901895,-16.178953242342814,8
1,267.38030439438415,-20.315552704974394,-24.270498296129517,-16.36060711381927,8
1,267.7516659282653,-20.45356686618195,-24.364129269484906,-16.543004462878997,8
1,268.12302746214635,-20.461118788819533,-24.371156558872613,-16.551081018766453,8
1,268.49438899602745,-20.410299374944515,-24.430914161942688,-16.38968458794634,8
1,268.86575052990855,-20.564508400488243,-24.528940637162812,-16.600076163813675,8
1,269.23711206378965,-20.72195074690857,-24.650999875006463,-16.792901618810674,8
1,269.6084735976707,-20.74373378210288,-24.66714586725173,-16.82032169695403,8
1,269.9798351315518,-20.683870576609323,-24.63155186911627,-16.736189284102377,8
1,270.3511966654329,-20.706536264695863,-24.62450483518012,-16.788567694211608,8
1,270.722558199314,-20.753532732675616,-24.635504593072717,-16.871560872278515,8
1,271.0939197331951,-20.981091991460005,-24.89895741349104,-17.06322656942897,8
1,271.4652812670762,-20.99790586360205,-24.92055225694043,-17.07525947026367,8
1,271.83664280095724,-21.00198870981425,-24.902729839278358,-17.10124758035014,8
1,272.20800433483834,-20.953446541454,-24.981715991753365,-16.925177091154634,8
1,272.57936586871944,-21.326720459468497,-25.25946083454889,-17.393980084388105,8
1,272.95072740260053,-21.313306109820484,-25.247832995108627,-17.37877922453234,8
1,273.32208893648163,-21.346485625959858,-25.30831614061736,-17.384655111302354,8
1,273.6934504703627,-21.25354418075861,-25.246703214305374,-17.260385147211846,8
1,274.0648120042438,-21.290235476866894,-25.176420676375912,-17.404050277357875,8
1,274.4361735381249,-21.301518010122937,-25.080099956778295,-17.52293606346758,8
1,274.807535072006,-21.377529720689914,-25.13675349557209,-17.618305945807737,8
1,275.178896605887,-21.330872208667067,-25.08696487797983,-17.574779539354303,8
1,275.5502581397682,-21.332873639981777,-25.15425947121376,-17.511487808749795,8
1,275.9216196736492,-21.451489322090886,-25.273921794200284,-17.629056849981488,8
1,276.2929812075303,-21.296268029027946,-25.30472301392614,-17.287813044129752,8
1,276.6643427414114,-21.33556675044129,-25.300371997270734,-17.37076150361185,8
1,277.0357042752925,-21.236415650696365,-25.224890941255786,-17.247940360136944,8
1,277.40706580917356,-21.366184691045834,-25.42143008760518,-17.310939294486488,8
1,277.7784273430547,-21.42056426553416,-25.47194051021949,-17.36918802084883,8
1,278.14978887693576,-21.60066547609717,-25.608907172488163,-17.592423779706177,8
1,278.52115041081686,-21.489209400612857,-25.46709348999661,-17.511325311229104,8
1,278.89251194469796,-21.512557093061236,-25.513218066150557,-17.511896119971915,8
1,279.26387347857906,-21.558549730430155,-25.583152139930977,-17.533947320929332,8
1,279.6352350124601,-21.77378841669401,-25.81851170527743,-17.72906512811059,8
1,280.00659654634126,-21.784661897655404,-25.770452971006534,-17.798870824304274,8
1,280.3779580802223,-21.71919454927071,-25.752229183705623,-17.686159914835798,8
1,280.7493196141034,-21.722157106793855,-25.74137363169747,-17.70294058189024,8
1,281.1206811479845,-21.819664414748424,-25.920463766521394,-17.718865062975453,8
1,281.4920426818656,-21.976381548051798,-26.044619615524397,-17.9081434805792,8
1,281.86340421574664,-22.001358460119086,-26.00203093169176,-18.00068598854641,8
1,282.23476574962774,-21.98317323934888,-26.00219025142942,-17.96415622726834,8
1,282.60612728350884,-21.939335052509318,-26.16460805753551,-17.714062047483125,8
1,282.97748881738994,-22.00745185886791,-26.204425966722493,-17.810477751013327,8
1,283.34885035127104,-22.016859078260204,-26.17556603054912,-17.858152125971287,8
1,283.7202118851521,-22.034263011013344,-26.102599818831553,-17.965926203195135,8
1,284.0915734190332,-21.849877102815178,-25.941708457994743,-17.758045747635613,8
1,284.4629349529143,-21.92389335522619,-26.199655406318044,-17.64813130413434,8
1,284.8342964867954,-22.135322458173427,-26.41774938254862,-17.852895533798232,8
1,285.2056580206765,-22.150243348873833,-26.410095802815913,-17.890390894931752,8
1,285.5770195545576,-22.135230066834175,-26.296946973700678,-17.973513159967673,8
1,285.9483810884386,-22.085114535827657,-26.305848243158202,-17.86438082849711,8
1,286.3197426223198,-22.11911506665396,-26.35513902439876,-17.883091108909163,8
1,286.6911041562008,-22.090006938586484,-26.32047925500097,-17.859534622172,8
1,287.0624656900819,-22.04206504134866,-26.221516796076564,-17.862613286620757,8
1,287.433827223963,-22.044687057291892,-26.179175650041813,-17.91019846454197,8
1,287.8051887578441,-22.121849241865977,-26.258199156306613,-17.98549932742534,8
1,288.17655029172516,-22.185731638889433,-26.35798207756233,-18.013481200216535,8
1,288.54791182560626,-22.260340763913028,-26.412444433497328,-18.10823709432873,8
1,288.91927335948736,-22.285455241743886,-26.445783377710782,-18.12512710577699,8
1,289.29063489336846,-22.324703428590414,-26.48978406643837,-18.159622790742457,8
1,289.66199642724956,-22.38183230818086,-26.583169244531483,-18.18049537183024,8
1,290.03335796113066,-22.453846957605577,-26.647853884931617,-18.259840030279538,8
1,290.4047194950117,-22.561519456977365,-26.721240508091277,-18.401798405863453,8
1,290.7760810288928,-22.628629747800534,-26.776477023436872,-18.480782472164197,8
1,291.1474425627739,-22.646625907696787,-26.783854589476622,-18.509397225916953,8
1,291.518804096655,-22.706555677992256,-26.91264563963873,-18.500465716345783,8
1,291.8901656305361,-22.796504362828756,-26.988878071619958,-18.604130654037554,8
1,292.26152716441715,-22.869469235194327,-27.047991896914347,-18.690946573474307,8
1,292.63288869829825,-22.88954033099429,-27.097364853878826,-18.681715808109754,8
1,293.00425023217934,-22.918139290076056,-27.21233795832903,-18.62394062182308,8
1,293.37561176606044,-22.94816396816026,-27.250560658028206,-18.64576727829231,8
1,293.7469732999415,-22.879318628482032,-27.27138365978294,-18.487253597181123,8
1,294.11833483382264,-22.75193535450763,-27.214975670667144,-18.288895038348116,8
1,294.4896963677037,-22.687945516299038,-27.263458794299943,-18.112432238298133,8
1,294.8610579015848,-22.909721906116616,-27.34817467706987,-18.47126913516336,8
1,295.2324194354659,-22.941865410536476,-27.377629890189812,-18.50610093088314,8
1,295.603780969347,-22.866991026734617,-27.370667710631672,-18.363314342837562,8
1,295.975142503228,-22.93148630318771,-27.48069393552619,-18.38227867084923,8
1,296.3465040371092,-22.983264967125407,-27.568510746506025,-18.39801918774479,8
1,296.7178655709902,-23.101719991250025,-27.656644852455837,-18.546795130044213,8
1,297.0892271048713,-23.109092137107513,-27.63258101371994,-18.585603260495088,8
1,297.4605886387524,-23.148295547144507,-27.674449027547926,-18.622142066741088,8
1,297.8319501726335,-23.27663126364159,-27.78002918863115,-18.77323333865203,8
1,298.20331170651457,-23.439231625907972,-27.983612603419502,-18.894850648396442,8
1,298.5746732403957,-23.441512665536145,-27.971635667965785,-18.911389663106505,8
1,298.94603477427677,-23.39463444965982,-27.93434352919186,-18.854925370127777,8
1,299.31739630815787,-23.38780539301791,-27.94170141699384,-18.83390936904198,8
1,299.68875784203897,-23.68528529444565,-28.24983184989977,-19.120738738991527,8
1.5,0.0,0.0,0.0,0.0,8
1.5,0.37136153388108917,-0.01137762583432055,-0.09744415369128946,0.07468890202264837,8
1.5,0.7427230677621783,0.0122214603332025,-0.14829316820996044,0.17273608887636546,8
1.5,1.1140846016432675,-0.1584699445313603,-0.47789518180911583,0.16095529274639522,8
1.5,1.4854461355243567,-0.3092867529998896,-0.433611526425576,-0.18496197957420327,8
1.5,1.8568076694054458,-0.3645752323446615,-0.4681869808839929,-0.2609634838053301,8
1.5,2.228169203286535,-0.3814972354370268,-0.506436401498496,-0.25655806937555764,8
1.5,2.5995307371676244,-0.42523662567845255,-0.7299204461306573,-0.12055280522624778,8
1.5,2.9708922710487133,-0.5343525659528598,-0.748068090021845,-0.32063704188387465,8
1.5,3.3422538049298023,-0.5993920741887158,-0.781820024725334,-0.41696412365209756,8
1.5,3.7136153388108917,-0.643712228683002,-0.7906872314307175,-0.4967372259352866,8
1.5,4.084976872691981,-0.6582405672869874,-1.0131877355449301,-0.30329339902904473,8
1.5,4.45633840657307,-0.6973265783208914,-0.9868821048705878,-0.40777105177119494,8
1.5,4.827699940454159,-0.7487787872031905,-1.0192189237420917,-0.4783386506642893,8
1.5,5.199061474335249,-0.8516105343162282,-1.0059995405449391,-0.6972215280875174,8
1.5,5.570423008216337,-0.9277480453093216,-1.4426288614750071,-0.41286722914363616,8
1.5,5.941784542097427,-0.8496218832690812,-1.1877597303520973,-0.5114840361860651,8
1.5,6.313146075978516,-0.8928611554785731,-1.2334520770748507,-0.5522702338822957,8
1.5,6.684507609859605,-0.9329448722038227,-1.2203222607867712,-0.6455674836208741,8
1.5,7.0558691437406935,-1.0430959678161278,-1.227093515511266,-0.8590984201209895,8
1.5,7.427230677621783,-1.0050948927642693,-1.4994167158457812,-0.5107730696827575,8
1.5,7.798592211502871,-0.9991957707717014,-1.5618512069794424,-0.4365403345639606,8
1.5,8.169953745383962,-0.9194044518479567,-1.4876230309125207,-0.35118587278339275,8
1.5,8.541315279265051,-1.0584983324192232,-1.7002255754205713,-0.4167710894178752,8
1.5,8.91267681314614,-1.1493317343657998,-1.712239002475564,-0.5864244662560355,8
1.5,9.284038347027229,-1.18856964510395,-1.7542564084243377,-0.6228828817835624,8
1.5,9.655399880908318,-1.078066859695944,-1.6208858830816575,-0.5352478363102303,8
1.5,10.026761414789407,-1.1041400372184844,-1.6008194845171786,-0.6074605899197902,8
1.5,10.398122948670498,-1.2603162893228927,-1.726482211620642,-0.7941503670251435,8
1.5,10.769484482551585,-1.3609478325215487,-1.8274765175399892,-0.8944191475031082,8
1.5,11.140846016432674,-1.3981297636952392,-1.9284432263553974,-0.867816301035081,8
1.5,11.512207550313764,-1.3281744176587345,-1.841859284579042,-0.8144895507384268,8
1.5,11.883569084194853,-1.4288576562640531,-1.930988453898849,-0.9267268586292572,8
1.5,12.25493061807594,-1.4738522920093073,-1.9964426015077956,-0.951261982510819,8
1.5,12.626292151957031,-1.7062603777332068,-2.275414267419376,-1.1371064880470374,8
1.5,12.99765368583812,-1.5796293844991465,-2.1202399294472496,-1.0390188395510431,8
1.5,13.36901521971921,-1.596438962804827,-2.1457297121913435,-1.0471482134183105,8
1.5,13.7403767536003,-1.610872259640405,-2.282379955381,-0.9393645638998102,8
1.5,14.111738287481387,-1.6082584958454227,-2.4248798463290244,-0.7916371453618208,8
1.5,14.483099821362476,-1.5840190350610173,-2.49448219061073,-0.6735558795113045,8
1.5,14.854461355243567,-1.5775557491756613,-2.5483341606009944,-0.6067773377503282,8
1.5,15.225822889124656,-1.3827354437190853,-2.4179364157838537,-0.34753447165431717,8
1.5,15.597184423005743,-1.3516861529365711,-2.5407933443405857,-0.16257896153255658,8
1.5,15.968545956886834,-1.406545017639802,-2.8453440364316087,0.03225400115200472,8
1.5,16.339907490767924,-1.3483074344368529,-2.826977136313868,0.1303622674401621,8
1.5,16.71126902464901,-1.2466748694500243,-2.760515021142997,0.26716528224294844,8
1.5,17.082630558530102,-1.00452250866231,-2.683583356232557,0.6745383389079371,8
1.5,17.45399209241119,-1.0162522259071962,-3.0043864107238605,0.9718819589094678,8
1.5,17.82535362629228,-1.0920327057961192,-3.1169213098372417,0.932855898245003,8
1.5,18.19671516017337,-1.1609183698632173,-3.3244873141147693,1.002650574388335,8
1.5,18.568076694054458,-0.8977323623984306,-3.1547211001498896,1.3592563753530287,8
1.5,18.939438227935547,-0.7975509684653463,-3.0815178449073186,1.486415907976626,8
1.5,19.310799761816636,-0.7376381085481695,-2.973437071438442,1.4981608543421028,8
1.5,19.682161295697725,-0.8319726686234413,-3.191283164630069,1.5273378273831861,8
1.5,20.053522829578814,-0.6110391562586395,-2.974534552293415,1.7524562397761356,8
1.5,20.424884363459903,-0.5752903126456628,-2.8797617523914054,1.72918112710008,8
1.5,20.796245897340995,-0.6225510737247542,-2.890485900952214,1.6453837535027056,8
1.5,21.16760743122208,-0.8872938044119716,-3.274602042291302,1.5000144334673584,8
1.5,21.53896896510317,-0.7503984950901088,-3.1749268658933314,1.674129875713114,8
1.5,21.910330498984262,-0.7222780185043933,-3.1189763344457915,1.6744202974370048,8
1.5,22.281692032865347,-0.7922974341732885,-3.1896103224012853,1.6050154540547084,8
1.5,22.65305356674644,-1.1505148316121199,-3.525944083576755,1.224914420352515,8
1.5,23.02441510062753,-1.075026782353143,-3.530751334551802,1.3806977698455158,8
1.5,23.395776634508614,-1.0079058098186955,-3.4790994208228865,1.4632878011854957,8
1.5,23.767138168389707,-0.9572739275708425,-3.4464186402869292,1.531870785145244,8
1.5,24.138499702270796,-1.1577060304723004,-3.5867697160468492,1.2713576551022485,8
1.5,24.50986123615188,-1.1318474774476703,-3.440163472009746,1.1764685171144054,8
1.5,24.881222770032974,-1.0573399764882414,-3.3823553803267945,1.267675427350312,8
1.5,25.252584303914063,-1.0100453756448866,-3.36762928207639,1.3475385307866166,8
1.5,25.62394583779515,-1.040077788835676,-3.36004750227245,1.279891924601098,8
1.5,25.99530737167624,-1.2356640628339783,-3.4623711545681326,0.9910430289001759,8
1.5,26.366668905557333,-1.3137516649723402,-3.609561248186719,0.9820579182420386,8
1.5,26.73803043943842,-1.351516653653334,-3.7021767074511605,0.9991434001444925,8
1.5,27.109391973319507,-1.1912389148044653,-3.5901372574760546,1.207659427867124,8
1.5,27.4807535072006,-1.392040957067528,-3.6396438541732574,0.8555619400382013,8
1.5,27.852115041081685,-1.4718482213664346,-3.675477926530176,0.7317814837973069,8
1.5,28.223476574962774,-1.640733577889134,-3.8997103160784015,0.618243160300133,8
1.5,28.594838108843867,-1.4911539275790044,-3.859879702506218,0.877571847348209,8
1.5,28.966199642724952,-1.390795805285008,-3.80058786405971,1.0189962534896944,8
1.5,29.337561176606044,-1.441915320965562,-3.8517702965221394,0.9679396545910155,8
1.5,29.708922710487133,-1.5401002444406375,-3.891646169098485,0.8114456802172099,8
1.5,30.08028424436822,-1.5312455815565296,-4.059081966339779,0.9965908032267199,8
1.5,30.45164577824931,-1.4199277776920456,-3.9808372436731245,1.1409816882890336,8
1.5,30.8230073121304,-1.439978045435036,-4.017203874398285,1.137247783528213,8
1.5,31.194368846011486,-1.3898397122524833,-4.078425023646033,1.2987455991410661,8
1.5,31.565730379892578,-1.3347551781398947,-4.371676419238311,1.7021660629585207,8
1.5,31.937091913773667,-1.2363492437415893,-4.332958864004811,1.8602603765216328,8
1.5,32.308453447654756,-1.2116935225055474,-4.324753570401733,1.9013665253906387,8
1.5,32.67981498153585,-1.0831995087318105,-4.221435203434466,2.0550361859708453,8
1.5,33.051176515416934,-1.3883637324635594,-4.275051612197014,1.4983241472698958,8
1.5,33.42253804929802,-1.464430120353687,-4.500194197676535,1.5713339569691616,8
1.5,33.79389958317911,-1.5065705371415408,-4.573228840995694,1.5600877667126125,8
1.5,34.165261117060204,-1.4166730488392092,-4.499674391951912,1.6663282942734943,8
1.5,34.53662265094129,-1.6535054519288106,-4.538162389697327,1.2311514858397052,8
1.5,34.90798418482238,-1.674799238313354,-4.610081048653093,1.2604825720263855,8
1.5,35.27934571870347,-1.7428241857732225,-4.707249169448541,1.2216007979020966,8
1.5,35.65070725258456,-1.715357565703836,-4.7732927842535515,1.3425776528458793,8
1.5,36.022068786465645,-1.6205006658074976,-4.675785145248884,1.4347838136338893,8
1.5,36.39343032034674,-1.7331938305727423,-4.775767972282516,1.3093803111370315,8
1.5,36.76479185422783,-1.6410087589902123,-4.841559540886939,1.559542022906514,8
1.5,37.136153388108916,-1.7393113389232846,-5.1160834403229565,1.637460762476387,8
1.5,37.50751492199001,-1.6681719312853334,-5.043982250100338,1.7076383875296717,8
1.5,37.878876455871094,-1.7059119071438196,-5.036748885622673,1.6249250713350336,8
1.5,38.25023798975218,-1.7574389311598848,-5.009459942459307,1.4945820801395366,8
1.5,38.62159952363327,-1.831108331987704,-5.03848274277979,1.3762660788043823,8
1.5,38.992961057514364,-1.9652258191045442,-5.283237500624832,1.3527858624157438,8
1.5,39.36432259139545,-2.046198283514062,-5.341853832651569,1.249457265623445,8
1.5,39.73568412527654,-2.0894844592269886,-5.318424098980145,1.1394551805261677,8
1.5,40.10704565915763,-2.140301104245148,-5.3162746340931015,1.0356724256028054,8
1.5,40.47840719303872,-2.3380873852001844,-5.681016891913284,1.0048421215129153,8
1.5,40.849768726919805,-2.3551760862133655,-5.65228238471186,0.9419302122851296,8
1.5,41.22113026080089,-2.3603796885490915,-5.6437969619866255,0.923037584888442,8
1.5,41.59249179468199,-2.3448414086735196,-5.474418231480069,0.7847354141330296,8
1.5,41.963853328563076,-2.2647684286431433,-5.376932513618261,0.8473956563319747,8
1.5,42.33521486244416,-2.3964582229631404,-5.5299268113577895,0.7370103654315088,8
1.5,42.706576396325254,-2.3503237530834813,-5.508872392543866,0.8082248863769039,8
1.5,43.07793793020634,-2.351575067736049,-5.27080788855222,0.5676577530801219,8
1.5,43.44929946408743,-2.306574740703863,-5.233056431072559,0.6199069496648333,8
1.5,43.820660997968524,-2.3678516347301115,-5.294442153007368,0.5587388835471447,8
1.5,44.19202253184961,-2.42431663067298,-5.426170115421321,0.5775368540753614,8
1.5,44.563384065730695,-2.426304547815795,-5.197115789762081,0.34450669413049084,8
1.5,44.934745599611794,-2.3374868321645486,-5.164490021263174,0.489516356934077,8
1.5,45.30610713349288,-2.3652741900564447,-5.2000028458728975,0.46945446576000815,8
1.5,45.677468667373965,-2.464781144052372,-5.379986129831529,0.4504238417267854,8
1.5,46.04883020125506,-2.3314964538233367,-5.293209651006549,0.6302167433598753,8
1.5,46.42019173513614,-2.3667687541501627,-5.235146517737658,0.5016090094373329,8
1.5,46.79155326901723,-2.405713203625451,-5.231175532083663,0.41974912483276006,8
1.5,47.16291480289833,-2.499398093565118,-5.315497191892221,0.3167010047619847,8
1.5,47.53427633677941,-2.6044390630899747,-5.526880217654981,0.3180020914750319,8
1.5,47.9056378706605,-2.58009801137642,-5.459248082305592,0.2990520595527526,8
1.5,48.27699940454159,-2.429327177406846,-5.571035193374719,0.7123808385610269,8
1.5,48.64836093842268,-2.2293540381717296,-5.50909136205091,1.050383285707451,8
1.5,49.01972247230376,-2.4135324447555497,-5.94306533987133,1.11600045036023,8
1.5,49.39108400618486,-2.3866295908202426,-5.936609997933718,1.1633508162932324,8
1.5,49.76244554006595,-2.354259899262063,-5.9895410751137135,1.2810212765895872,8
1.5,50.13380707394703,-2.3708241092918674,-5.864323756817157,1.1226755382334228,8
1.5,50.505168607828125,-2.3587455639770525,-6.020161723380161,1.3026705954260565,8
1.5,50.87653014170922,-2.4132994374889787,-6.127129305339065,1.3005304303611078,8
1.5,51.2478916755903,-2.423804716658336,-6.214683576069445,1.3670741427527742,8
1.5,51.619253209471395,-2.6127156209979217,-6.042468453131701,0.8170372111358573,8
1.5,51.99061474335248,-2.4784320823215555,-6.017915492824826,1.0610513281817147,8
1.5,52.361976277233566,-2.583224437538162,-6.164835713316251,0.9983868382399259,8
1.5,52.733337811114666,-2.497167233684366,-6.1229041687849435,1.1285697014162115,8
1.5,53.10469934499575,-2.6496537613669218,-5.977699038634952,0.678391515901108,8
1.5,53.47606087887684,-2.5357160041790405,-6.011669672125344,0.9402376637672631,8
1.5,53.84742241275793,-2.5670594863011904,-6.08032132850593,0.9462023559035493,8
1.5,54.218783946639014,-2.6332946080716892,-6.240688202497522,0.9740989863541438,8
1.5,54.5901454805201,-2.567747461664973,-6.305732200830466,1.1702372775005196,8
1.5,54.9615070144012,-2.622641544188032,-6.393341355073977,1.1480582666979129,8
1.5,55.332868548282285,-2.618456450278136,-6.446526480075285,1.2096135795190137,8
1.5,55.70423008216337,-2.6456268128030076,-6.557591527803957,1.2663379021979417,8
1.5,56.07559161604446,-2.627213794044879,-6.577245818250736,1.322818230160978,8
1.5,56.44695314992555,-2.5199345807090157,-6.305172999096028,1.2653038376779961,8
1.5,56.81831468380664,-2.58807409967578,-6.291562246881901,1.115414047530341,8
1.5,57.18967621768773,-2.5707459355881377,-6.232680244781255,1.0911883736049792,8
1.5,57.56103775156882,-2.4702510299218563,-6.201294024933798,1.2607919650900858,8
1.5,57.932399285449904,-2.366268883416149,-6.04724262336245,1.314704856530153,8
1.5,58.303760819330996,-2.3492788468652974,-5.971241569333004,1.272683875602409,8
1.5,58.67512235321209,-2.2562888394997564,-5.734745562536137,1.222167883536624,8
1.5,59.046483887093174,-2.2986231287363297,-5.924945891334632,1.3276996338619727,8
1.5,59.41784542097427,-2.3416254420084988,-5.972243610395205,1.2889927263782073,8
1.5,59.78920695485535,-2.4378330205882146,-6.037798585217973,1.162132544041544,8
1.5,60.16056848873644,-2.6062935545042616,-6.076828607211951,0.8642414982034272,8
1.5,60.53193002261754,-2.5159186192377123,-5.977203282594694,0.9453660441192691,8
1.5,60.90329155649862,-2.6283485596475065,-6.220687168956901,0.9639900496618878,8
1.5,61.27465309037971,-2.6932581435753677,-6.334179996892374,0.9476637097416378,8
1.5,61.6460146242608,-2.7363630750718624,-6.485909835954434,1.0131836858107097,8
1.5,62.017376158141886,-2.7718414235431226,-6.205376093850141,0.6616932467638956,8
1.5,62.38873769202297,-2.793448104892102,-6.293058608359667,0.7061623985754628,8
1.5,62.76009922590407,-2.7591075964905696,-6.212634709567171,0.6944195165860316,8
1.5,63.131460759785156,-2.698980445037989,-6.1031500117562825,0.7051891216803052,8
1.5,63.50282229366624,-2.5001867784131546,-5.782108045115287,0.781734488288977,8
1.5,63.874183827547334,-2.598720767503196,-5.864525118138035,0.6670835831316433,8
1.5,64.24554536142843,-2.64145665953287,-5.969855729298503,0.686942410232763,8
1.5,64.61690689530951,-2.6630997938784464,-6.051732334984813,0.7255327472279203,8
1.5,64.9882684291906,-2.7195275550709956,-6.051399321703066,0.6123442115610751,8
1.5,65.3596299630717,-2.76040466873037,-6.037516002198792,0.5167066647380527,8
1.5,65.73099149695278,-2.868137796967849,-5.994706309799698,0.2584307158639998,8
1.5,66.10235303083387,-2.958833442781401,-6.284859131361027,0.3671922457982246,8
1.5,66.47371456471495,-2.9379523544432393,-6.27540914359661,0.39950443471013086,8
1.5,66.84507609859604,-2.9710538065123746,-6.271299901707831,0.32919228868308226,8
1.5,67.21643763247714,-3.1093141482797435,-6.213610791392622,-0.005017505166865277,8
1.5,67.58779916635822,-3.005808572511609,-6.214477414801127,0.20286026977791005,8
1.5,67.95916070023931,-3.1423063011314705,-6.496240896743533,0.21162829448059162,8
1.5,68.33052223412041,-3.120631602035723,-6.503978913116526,0.26271570904508046,8
1.5,68.7018837680015,-3.0813717357444608,-6.525418272671198,0.36267480118227624,8
1.5,69.07324530188258,-3.2553324228806106,-6.348863549376445,-0.16180129638477592,8
1.5,69.44460683576368,-3.1335851397215215,-6.3889729340675085,0.12180265462446593,8
1.5,69.81596836964476,-3.0898438551930987,-6.363071664717323,0.18338395433112487,8
1.5,70.18732990352585,-2.9491492167948588,-6.3066299983777885,0.40833156478807053,8
1.5,70.55869143740694,-2.8504434948095585,-6.169090379182039,0.46820338956292185,8
1.5,70.93005297128802,-2.720427439649665,-6.235148823045842,0.7942939437465122,8
1.5,71.30141450516912,-2.6547241656861438,-6.258756430057271,0.9493080986849831,8
1.5,71.6727760390502,-2.578539246845599,-6.277861088464077,1.1207825947728787,8
1.5,72.04413757293129,-2.5069612932835064,-6.314540012192424,1.3006174256254108,8
1.5,72.41549910681239,-2.7552008444634764,-6.540451106961754,1.0300494180348014,8
1.5,72.78686064069348,-2.8247327387215626,-6.603002639295548,0.9535371618524229,8
1.5,73.15822217457456,-2.853002511000522,-6.470648611526148,0.7646435895251038,8
1.5,73.52958370845566,-2.897987872261932,-6.691502727504563,0.8955269829806989,8
1.5,73.90094524233675,-2.927546293201775,-6.747973243667331,0.8928806572637811,8
1.5,74.27230677621783,-2.980312408093069,-6.912480499193296,0.9518556830071576,8
1.5,74.64366831009893,-2.792231875601606,-6.950512506390009,1.3660487551867972,8
1.5,75.01502984398002,-2.6065616929812143,-6.998654693328927,1.7855313073664987,8
1.5,75.3863913778611,-2.5930274505679787,-7.102812820675487,1.9167579195395295,8
1.5,75.75775291174219,-2.697895606925485,-7.287044733319748,1.891253519468778,8
1.5,76.12911444562327,-2.677464491373941,-7.376093200584038,2.021164217836156,8
1.5,76.50047597950436,-2.663055224912471,-7.1821192991193765,1.8560088492944349,8
1.5,76.87183751338546,-2.721163236917,-7.216008693489076,1.7736822196550768,8
1.5,77.24319904726654,-2.7589990913342906,-7.255412984300784,1.7374148016322026,8
1.5,77.61456058114763,-2.837639541743667,-7.580038036831427,1.9047589533440927,8
1.5,77.98592211502873,-2.635256981322691,-7.367397293880721,2.0968833312353383,8
1.5,78.35728364890981,-2.4548863960903327,-7.443413435878384,2.533640643697719,8
1.5,78.7286451827909,-2.4303291663918243,-7.366140687226885,2.5054823544432363,8
1.5,79.100006716672,-2.5970244110171903,-7.83329943887092,2.6392506168365397,8
1.5,79.47136825055308,-2.519891058588028,-7.744945055971747,2.7051629387956906,8
1.5,79.84272978443417,-2.5265615904270193,-7.72044033945759,2.6673171586035513,8
1.5,80.21409131831525,-2.4034199645078274,-7.552261884864013,2.7454219558483586,8
1.5,80.58545285219635,-2.649948880337914,-7.560743952212093,2.260846191536265,8
1.5,80.95681438607744,-2.5214545032461513,-7.435397133050783,2.39248812655848,8
1.5,81.32817591995853,-2.495739907431266,-7.392813596364208,2.4013337815016764,8
1.5,81.69953745383961,-2.386152682894304,-7.2957082536110445,2.523402887822437,8
1.5,82.07089898772071,-2.569851959724925,-7.209382285310204,2.0696783658603533,8
1.5,82.44226052160178,-2.4760272738990703,-7.109183950743827,2.1571294029456864,8
1.5,82.81362205548288,-2.4739883273837395,-7.0855485763981,2.1375719216306206,8
1.5,83.18498358936398,-2.435403905911152,-7.148182471352417,2.2773746595301136,8
1.5,83.55634512324505,-2.40314147407484,-7.035672639702581,2.2293896915529,8
1.5,83.92770665712615,-2.3856146939249596,-7.193161587460089,2.42193219961017,8
1.5,84.29906819100725,-2.370326969544201,-7.127881150969812,2.3872272118814104,8
1.5,84.67042972488832,-2.259799415679999,-7.042975592326841,2.523376760966843,8
1.5,85.04179125876942,-2.1350871153079254,-6.997549287099646,2.727375056483795,8
1.5,85.41315279265051,-2.1376217705361698,-7.017434495761988,2.7421909546896477,8
1.5,85.78451432653159,-2.169014442528145,-7.070830727801509,2.732801842745219,8
1.5,86.15587586041268,-2.163572077135447,-7.163182668338768,2.8360385140678734,8
1.5,86.52723739429378,-2.1765255219569863,-7.328421419012553,2.975370375098581,8
1.5,86.89859892817486,-2.1492089579735363,-7.333305451685865,3.0348875357387928,8
1.5,87.26996046205595,-2.2488277770391987,-7.458805300938333,2.9611497468599355,8
1.5,87.64132199593705,-2.229353146675189,-7.56621333179723,3.107507038446852,8
1.5,88.01268352981812,-2.176168046740742,-7.628086405885824,3.2757503124043406,8
1.5,88.38404506369922,-2.3053197375685337,-7.606397775668075,2.995758300531007,8
1.5,88.75540659758032,-2.3084489760900815,-7.5657381483242805,2.948840196144117,8
1.5,89.12676813146139,-2.4416367694165575,-7.734445568860092,2.851172030026978,8
1.5,89.49812966534249,-2.4644851046737526,-7.808493053789727,2.879522844442221,8
1.5,89.86949119922359,-2.5127805157274854,-7.837435644045376,2.811874612590406,8
1.5,90.24085273310466,-2.5752556837069864,-7.89894108128807,2.7484297138740974,8
1.5,90.61221426698576,-2.473756090553669,-7.803694212583071,2.856182031475734,8
1.5,90.98357580086684,-2.495795536769666,-7.901067590508697,2.909476516969366,8
1.5,91.35493733474793,-2.5055133631216835,-7.920948690292327,2.9099219640489604,8
1.5,91.72629886862902,-2.5564184408832196,-7.975981071089392,2.863144189322953,8
1.5,92.09766040251012,-2.5257423604076856,-7.958310725874647,2.906826005059276,8
1.5,92.4690219363912,-2.659862832796607,-8.035503616070633,2.7157779504774187,8
1.5,92.84038347027229,-2.7115685636596876,-8.112392310423019,2.6892551831036435,8
1.5,93.21174500415339,-2.706488493045853,-8.178523221515816,2.7655462354241105,8
1.5,93.58310653803446,-2.8388291971541824,-8.183167605044876,2.505509210736511,8
1.5,93.95446807191556,-2.856043690180556,-8.229013457201864,2.516926076840752,8
1.5,94.32582960579666,-2.9148183259497187,-8.304295854066943,2.4746592021675053,8
1.5,94.69719113967773,-2.9065266578205002,-8.31117611111628,2.4981227954752794,8
1.5,95.06855267355883,-3.127349845581624,-8.428791549382156,2.174091858218908,8
1.5,95.43991420743991,-3.1242463333803716,-8.461159538552678,2.212666871791934,8
1.5,95.811275741321,-3.1236559561220467,-8.465780769398382,2.2184688571542885,8
1.5,96.1826372752021,-3.236614506850681,-8.57903534396059,2.105806330259229,8
1.5,96.55399880908318,-3.2002463440108744,-8.636166930460165,2.235674242438416,8
1.5,96.92536034296427,-3.3334170896369955,-8.683224439679783,2.0163902604057924,8
1.5,97.29672187684535,-3.3785453439214264,-8.753021388544308,1.9959307007014546,8
1.5,97.66808341072645,-3.4156199199919697,-8.708998789469911,1.877758949485972,8
1.5,98.03944494460752,-3.4666147133428065,-8.862855095756169,1.9296256690705555,8
1.5,98.41080647848862,-3.558260070664143,-8.924501197856626,1.8079810565283405,8
1.5,98.78216801236972,-3.586898214204837,-8.8883043841805,1.7145079557708267,8
1.5,99.1535295462508,-3.661859513286166,-9.047482109757528,1.7237630831851956,8
1.5,99.5248910801319,-3.5778394742883224,-9.10036027235801,1.9446813237813645,8
1.5,99.896252614013,-3.5996095831766275,-9.189111801172144,1.9898926348188897,8
1.5,100.26761414789407,-3.406938149147189,-9.281640660748238,2.4677643624538605,8
1.5,100.63897568177516,-3.2866361093464924,-9.098147111902815,2.52487489320983,8
1.5,101.01033721565625,-3.364996058169906,-9.165702090681311,2.4357099743415,8
1.5,101.38169874953734,-3.3309011503294834,-9.15590978185521,2.494107481196242,8
1.5,101.75306028341844,-3.4087508655211893,-9.253057463278509,2.435555732236131,8
1.5,102.12442181729952,-3.3664662327075194,-9.083582869230536,2.350650403815497,8
1.5,102.4957833511806,-3.275246083928748,-8.98242137108829,2.4319292032307938,8
1.5,102.86714488506169,-3.5663378773066263,-9.367912530768471,2.235236776155218,8
1.5,103.23850641894279,-3.731505621665333,-9.61410039966172,2.151089156331053,8
1.5,103.60986795282386,-3.6333796229911997,-9.3958616596383,2.1291024136559002,8
1.5,103.98122948670496,-3.5728052404910535,-9.281020087748473,2.1354096067663653,8
1.5,104.35259102058606,-3.619601210094705,-9.316940275593353,2.0777378554039436,8
1.5,104.72395255446713,-3.557821357560347,-9.172234809804243,2.0565920946835488,8
1.5,105.09531408834823,-3.4381214729969796,-9.004875520994151,2.1286325750001924,8
1.5,105.46667562222933,-3.374691853720597,-8.835136893052022,2.085753185610828,8
1.5,105.8380371561104,-3.4063031576868323,-8.891464766536117,2.078858451162453,8
1.5,106.2093986899915,-3.3350829009020977,-8.745920388364265,2.0757545865600697,8
1.5,106.58076022387259,-3.4971584990962183,-9.041649484221548,2.04733248602911,8
1.5,106.95212175775367,-3.3733462821458753,-8.860495443673386,2.1138028793816357,8
1.5,107.32348329163476,-3.3715821161827186,-8.826603245764257,2.083439013398821,8
1.5,107.69484482551586,-3.3138331451205194,-8.61816277835365,1.9904964881126106,8
1.5,108.06620635939694,-3.1985609829842194,-8.512277434516514,2.115155468548076,8
1.5,108.43756789327803,-3.3846567414495743,-8.74476390913972,1.9754504262405712,8
1.5,108.80892942715913,-3.3943153703241378,-8.763341198152242,1.9747104575039667,8
1.5,109.1802909610402,-3.307619303017467,-8.603666050142145,1.9884274441072112,8
1.5,109.5516524949213,-3.299568837505753,-8.530131431927158,1.9309937569156523,8
1.5,109.9230140288024,-3.443883781908431,-8.688145978147777,1.8003784143309138,8
1.5,110.29437556268347,-3.4832914172068388,-8.745769893780295,1.7791870593666181,8
1.5,110.66573709656457,-3.386923856675627,-8.632900074403011,1.8590523610517575,8
1.5,111.03709863044567,-3.332551650408324,-8.477258648013233,1.812155347196584,8
1.5,111.40846016432674,-3.435449786651895,-8.564448835102876,1.6935492617990855,8
1.5,111.77982169820784,-3.4366742087880757,-8.552994108934989,1.6796456913588376,8
1.5,112.15118323208893,-3.6810288611527167,-8.886538147057346,1.5244804247519124,8
1.5,112.52254476597001,-3.619965673682247,-8.775038826830162,1.5351074794656685,8
1.5,112.8939062998511,-3.639807107961422,-8.79444407479325,1.514829858870406,8
1.5,113.2652678337322,-3.610993355908984,-8.768613205330574,1.5466264935126053,8
1.5,113.63662936761328,-3.9818407969613303,-9.291690951546823,1.3280093576241625,8
1.5,114.00799090149437,-3.869911359121376,-9.132662427139785,1.3928397088970335,8
1.5,114.37935243537547,-3.87933990339471,-9.115024823739788,1.3563450169503666,8
1.5,114.75071396925654,-3.843506740989839,-9.022565288906286,1.335551806926608,8
1.5,115.12207550313764,-4.015715279904012,-9.187349779015033,1.155919219207008,8
1.5,115.49343703701874,-3.9786212007710784,-9.206646383492197,1.2494039819500404,8
1.5,115.86479857089981,-4.083163235422579,-9.294091670199034,1.1277651993538766,8
1.5,116.23616010478091,-4.091981301771236,-9.289431083575337,1.105468480032866,8
1.5,116.60752163866199,-4.010717173043716,-9.231198779336705,1.2097644332492727,8
1.5,116.97888317254308,-4.247550916717528,-9.52422816489674,1.0291263314616836,8
1.5,117.35024470642418,-4.2275158157295145,-9.472095509779876,1.0170638783208483,8
1.5,117.72160624030526,-4.361550143985714,-9.603162988575832,0.8800627006044044,8
1.5,118.09296777418635,-4.227660897258208,-9.388240637325001,0.9329188428085846,8
1.5,118.46432930806743,-4.387994194593607,-9.71833606161248,0.9423476724252655,8
1.5,118.83569084194853,-4.510889339111471,-9.857992829955489,0.8362141517325474,8
1.5,119.2070523758296,-4.502357254477483,-9.825243656624583,0.8205291476696166,8
1.5,119.5784139097107,-4.45924200468112,-9.668232657473014,0.7497486481107742,8
1.5,119.9497754435918,-4.395567568203604,-9.51254927876705,0.7214141423598415,8
1.5,120.32113697747288,-4.38118090913778,-9.475943648211715,0.7135818299361549,8
1.5,120.69249851135397,-4.301969442933982,-9.368784014474844,0.7648451286068818,8
1.5,121.06386004523507,-4.2587044613628855,-9.205410105359103,0.6880011826333314,8
1.5,121.43522157911615,-4.385451109797358,-9.186486721861971,0.4155845022672553,8
1.5,121.80658311299725,-4.392858996768693,-9.197041884054357,0.4113238905169725,8
1.5,122.17794464687833,-4.576358394256095,-9.630687951795373,0.47797116328318356,8
1.5,122.54930618075942,-4.542373250736356,-9.56885144716124,0.4841049456885278,8
1.5,122.92066771464052,-4.517711163923941,-9.45666412979919,0.42124180195130645,8
1.5,123.2920292485216,-4.531667955767042,-9.43898811493321,0.37565220339912475,8
1.5,123.66339078240269,-4.493998879731335,-9.26239489219679,0.27439713273411925,8
1.5,124.03475231628377,-4.748094508886291,-9.838842043099117,0.3426530253265341,8
1.5,124.40611385016487,-4.730370324942465,-9.743835581037237,0.28309493115230744,8
1.5,124.77747538404594,-4.771395160495349,-9.774498504444814,0.23170818345411615,8
1.5,125.14883691792704,-4.781572041086095,-9.598100482466936,0.03495640029474689,8
1.5,125.52019845180814,-4.75494262457512,-9.482129699929999,-0.027755549220240816,8
1.5,125.89155998568921,-4.693201062904898,-9.366622617999772,-0.01977950781002491,8
1.5,126.26292151957031,-4.711524796728073,-9.383037455085729,-0.040012138370416395,8
1.5,126.63428305345141,-4.649042350170662,-9.264738060495125,-0.03334663984619901,8
1.5,127.00564458733248,-4.6648366520115765,-9.065856652884621,-0.2638166511385318,8
1.5,127.37700612121358,-4.5892805880935335,-9.03959023288343,-0.13897094330363657,8
1.5,127.74836765509467,-4.549126931921524,-8.992974522384142,-0.10527934145890772,8
1.5,128.11972918897575,-4.703329480789201,-9.364978299808406,-0.04168066176999563,8
1.5,128.49109072285685,-4.772408427592954,-9.24429591845795,-0.3005209367279589,8
1.5,128.86245225673795,-4.7726209765972625,-9.250624884799969,-0.29461706839455637,8
1.5,129.23381379061902,-4.805419633992098,-9.217843773363366,-0.3929954946208287,8
1.5,129.60517532450012,-4.634468877916652,-9.014731877697375,-0.2542058781359291,8
1.5,129.9765368583812,-4.475872591954911,-8.717548267232019,-0.23419691667780196,8
1.5,130.3478983922623,-4.541864241053259,-8.718426568970514,-0.3653019131360029,8
1.5,130.7192599261434,-4.4599320174139185,-8.565857626074585,-0.3540064087532526,8
1.5,131.09062146002447,-4.337838887892388,-8.49231490662736,-0.1833628691574143,8
1.5,131.46198299390556,-4.2509407283993115,-8.346725361925191,-0.15515609487343163,8
1.5,131.83334452778664,-4.261085898453493,-8.324390318492554,-0.1977814784144334,8
1.5,132.20470606166774,-4.367882935826251,-8.280863167026112,-0.45490270462639026,8
1.5,132.5760675955488,-4.3671238051561705,-8.251910812188349,-0.48233679812399144,8
1.5,132.9474291294299,-4.309211907000401,-8.247509020688648,-0.3709147933121546,8
1.5,133.318790663311,-4.3700869859625,-8.264934659000973,-0.47523931292402644,8
1.5,133.69015219719208,-4.463937867660528,-8.226001735887287,-0.7018739994337682,8
1.5,134.06151373107318,-4.440767112706513,-8.115799242729837,-0.7657349826831878,8
1.5,134.43287526495428,-4.386423435731355,-8.137021940448108,-0.6358249310146027,8
1.5,134.80423679883535,-4.398658527105869,-8.195578095473914,-0.6017389587378239,8
1.5,135.17559833271645,-4.287808018072082,-8.146726036315101,-0.4288899998290625,8
1.5,135.54695986659755,-4.080471727353175,-7.892321561818941,-0.26862189288740934,8
1.5,135.91832140047862,-3.939103517414913,-7.781332261295871,-0.0968747735339548,8
1.5,136.28968293435972,-3.9452013396087406,-7.810509727632031,-0.07989295158545096,8
1.5,136.66104446824082,-3.8294817548550495,-7.8861596287298905,0.22719611901979198,8
1.5,137.0324060021219,-3.643215321460132,-7.741271987082204,0.4548413441619399,8
1.5,137.403767536003,-3.49604305668007,-7.648108430061541,0.6560223167014008,8
1.5,137.7751290698841,-3.468257024382573,-7.600684574901159,0.6641705261360129,8
1.5,138.14649060376516,-3.302174979401135,-7.546348819738473,0.9419988609362036,8
1.5,138.51785213764626,-3.2304217775339934,-7.67799708797914,1.2171535329111531,8
1.5,138.88921367152736,-3.1722840928212857,-7.700546301020431,1.3559781153778592,8
1.5,139.26057520540843,-3.229943565328414,-7.7293854800868855,1.2694983494300578,8
1.5,139.63193673928953,-3.1242986396800254,-7.643518169825393,1.3949208904653418,8
1.5,140.00329827317063,-3.028762059693671,-7.763630209288677,1.7061060899013354,8
1.5,140.3746598070517,-2.988290966317196,-7.80257217198114,1.8259902393467478,8
1.5,140.7460213409328,-2.8611221465052856,-7.811962902935994,2.089718609925423,8
1.5,141.11738287481387,-2.689478277647999,-7.6959495735552315,2.3169930182592333,8
1.5,141.48874440869497,-2.609246165360812,-7.804311378548718,2.585819047827094,8
1.5,141.86010594257604,-2.6139823228570562,-7.920630997252223,2.69266635153811,8
1.5,142.23146747645714,-2.729712669121403,-8.13077829951375,2.6713529612709452,8
1.5,142.60282901033824,-2.5207095357238347,-8.059656950973272,3.018237879525602,8
1.5,142.9741905442193,-2.6675792550949873,-8.160064382772552,2.8249058725825766,8
1.5,143.3455520781004,-2.7346649035659003,-8.265404323538826,2.796074516407026,8
1.5,143.7169136119815,-2.866181808441325,-8.503192633077456,2.770829016194806,8
1.5,144.08827514586258,-2.9367946679487336,-8.442976298966418,2.5693869630689505,8
1.5,144.45963667974368,-2.9402483368588728,-8.412329999675284,2.531833325957539,8
1.5,144.83099821362478,-2.9726566841082223,-8.471742191317958,2.526428823101514,8
1.5,145.20235974750585,-3.072394615596728,-8.633902309066078,2.489113077872623,8
1.5,145.57372128138695,-3.0352608089023625,-8.797296257244682,2.7267746394399563,8
1.5,145.94508281526805,-2.930761904001127,-8.823334622900635,2.9618108148983815,8
1.5,146.31644434914912,-2.9281206535129303,-8.82150427354278,2.9652629665169203,8
1.5,146.68780588303022,-2.980599411511081,-8.88116288905815,2.9199640660359867,8
1.5,147.05916741691132,-3.1064419092994515,-9.106778398809876,2.8938945802109735,8
1.5,147.4305289507924,-3.1028514109033694,-9.133007041605092,2.927304219798353,8
1.5,147.8018904846735,-3.1131991229225635,-9.096217758356694,2.869819512511567,8
1.5,148.1732520185546,-3.1079122193416397,-9.065463334652282,2.8496388959690027,8
1.5,148.54461355243566,-3.3125242041683327,-9.21431908940703,2.5892706810703654,8
1.5,148.91597508631676,-3.3152693766674033,-9.252013142057718,2.6214743887229113,8
1.5,149.28733662019786,-3.2408930835331624,-9.106386380676325,2.62460021361,8
1.5,149.65869815407893,-3.1527612029132595,-8.932556621317651,2.6270342154911335,8
1.5,150.03005968796003,-2.984322963942357,-8.890007916171099,2.921361988286385,8
1.5,150.4014212218411,-3.037528222387954,-9.082395179840226,3.007338735064318,8
1.5,150.7727827557222,-3.072027510650913,-9.177863201988291,3.0338081806864663,8
1.5,151.14414428960328,-3.022641478074302,-9.091717174830954,3.046434218682349,8
1.5,151.51550582348438,-3.325750956049507,-9.247729503827454,2.59622759172844,8
1.5,151.88686735736547,-3.291890764597707,-9.301021880889875,2.717240351694462,8
1.5,152.25822889124655,-3.4131015378350127,-9.540203991891213,2.714000916221187,8
1.5,152.62959042512765,-3.3813399715200156,-9.433581075798875,2.670901132758843,8
1.5,153.00095195900872,-3.2302311914672517,-9.384359009184756,2.9238966262502526,8
1.5,153.37231349288982,-3.1706662418170035,-9.380644665692941,3.039312182058933,8
1.5,153.74367502677092,-3.0256112067022016,-9.326743523793326,3.2755211103889224,8
1.5,154.115036560652,-2.9421929649026914,-9.204392259808095,3.3200063300027134,8
1.5,154.4863980945331,-2.8120439685369023,-9.119667446715702,3.495579509641898,8
1.5,154.8577596284142,-2.815188260932814,-9.174564362862501,3.544187840996874,8
1.5,155.22912116229526,-2.69971471330818,-9.169390584717755,3.7699611581013954,8
1.5,155.60048269617636,-2.6777863770099146,-9.205692036617535,3.850119282597706,8
1.5,155.97184423005746,-2.6840031557600432,-9.118878928377834,3.7508726168577478,8
1.5,156.34320576393853,-2.689027700077362,-9.139271910980522,3.761216510825798,8
1.5,156.71456729781963,-2.632649695273802,-9.146837203556196,3.881537813008592,8
1.5,157.08592883170073,-2.747854767742637,-9.510873026576988,4.015163491091714,8
1.5,157.4572903655818,-2.751004492356506,-9.4815592814734,3.9795502967603884,8
1.5,157.8286518994629,-2.742619054813781,-9.532340707023643,4.04710259739608,8
1.5,158.200013433344,-2.693268171622323,-9.543124808905054,4.156588465660407,8
1.5,158.57137496722507,-2.793501806500275,-9.935152327652958,4.3481487146524085,8
1.5,158.94273650110617,-2.7914058119987737,-9.866996146212639,4.284184522215092,8
1.5,159.31409803498727,-2.7836424795817125,-9.893469093803805,4.32618413464038,8
1.5,159.68545956886834,-2.7464380401534108,-9.901697931826366,4.408821851519543,8
1.5,160.05682110274944,-2.525748849191315,-9.810336303536648,4.758838605154017,8
1.5,160.4281826366305,-2.4950209559784646,-9.896140687258292,4.906098775301364,8
1.5,160.7995441705116,-2.5808510340316997,-9.95280035660781,4.7910982885444096,8
1.5,161.1709057043927,-2.48644192819329,-9.865463303730492,4.892579447343911,8
1.5,161.54226723827378,-2.4055562209147014,-9.918712113202691,5.107599671373287,8
1.5,161.91362877215488,-2.383897265675283,-9.983627812051308,5.215833280700743,8
1.5,162.28499030603595,-2.2979679956864363,-9.946705280147972,5.3507692887750995,8
1.5,162.65635183991705,-2.1915584346078747,-9.97298977564422,5.58987290642847,8
1.5,163.02771337379815,-2.2186102283864555,-10.057136927537348,5.619916470764437,8
1.5,163.39907490767922,-2.214161259848778,-10.078698628571727,5.6503761088741715,8
1.5,163.77043644156032,-2.1334871477351385,-10.057930871372413,5.790956575902135,8
1.5,164.14179797544142,-2.2935267261680012,-10.041663272492926,5.454609820156922,8
1.5,164.5131595093225,-2.056391975474647,-9.82332104384216,5.710537092892865,8
1.5,164.88452104320356,-2.004275761892785,-9.751315643805576,5.742764120020005,8
1.5,165.2558825770847,-1.9681632678381755,-9.734440433288174,5.798113897611823,8
1.5,165.62724411096576,-2.117736988577434,-9.82668556246292,5.591211585308051,8
1.5,165.99860564484683,-2.0645653181497656,-9.84074688471603,5.711616248416497,8
1.5,166.36996717872796,-2.1169797853343164,-9.966331875468542,5.73237230479991,8
1.5,166.74132871260903,-2.069095266568833,-9.950751586505152,5.812561053367487,8
1.5,167.1126902464901,-2.0964146811632594,-9.877603979618364,5.684774617291846,8
1.5,167.48405178037123,-2.0599959413650835,-10.026227431671519,5.906235548941352,8
1.5,167.8554133142523,-1.920681263035366,-9.938634214634376,6.097271688563644,8
1.5,168.22677484813337,-1.7239277765377574,-9.796264519151972,6.348408966076456,8
1.5,168.5981363820145,-1.5029219040296176,-9.598635899400039,6.592792091340803,8
1.5,168.96949791589557,-1.9094997045937132,-9.893147177655889,6.074147768468462,8
1.5,169.34085944977664,-2.0657223277500485,-10.053918577134024,5.9224739216339275,8
1.5,169.71222098365774,-2.0655314803380733,-10.081278218419605,5.950215257743459,8
1.5,170.08358251753884,-1.8007126485914466,-9.8295542954292,6.228128998246307,8
1.5,170.45494405141991,-1.7460015128885062,-9.773234362119071,6.281231336342058,8
1.5,170.82630558530101,-1.8096644247297256,-9.869102259870811,6.24977341041136,8
1.5,171.1976671191821,-1.9749693039437368,-10.246693378601112,6.296754770713638,8
1.5,171.56902865306319,-1.9223373908635195,-10.191978503758516,6.3473037220314765,8
1.5,171.94039018694428,-1.8440846339890042,-10.073325224089745,6.385155956111737,8
1.5,172.31175172082536,-1.6026673329938381,-10.093797637927718,6.888462971940043,8
1.5,172.68311325470646,-1.4065854531218978,-9.96879396380014,7.155623057556345,8
1.5,173.05447478858756,-1.5387453210327484,-10.384015048150161,7.306524406084663,8
1.5,173.42583632246863,-1.320517137644433,-10.162730903257565,7.521696627968698,8
1.5,173.79719785634973,-1.2515371431213824,-10.150706083903215,7.64763179766045,8
1.5,174.16855939023083,-1.0857765938622823,-10.107694807353605,7.93614161962904,8
1.5,174.5399209241119,-1.2133613433686206,-10.23226165802853,7.80553897129129,8
1.5,174.91128245799297,-1.1158120316522264,-10.117843270304794,7.886219207000342,8
1.5,175.2826439918741,-1.1268716626511497,-10.135487383411915,7.881744058109616,8
1.5,175.65400552575517,-0.8826652572901383,-9.974753922914486,8.209423408334208,8
1.5,176.02536705963624,-1.0386128844133218,-10.390898464315557,8.313672695488913,8
1.5,176.39672859351737,-1.0666107858594571,-10.430339833099893,8.29711826138098,8
1.5,176.76809012739844,-1.0470073781521978,-10.443866456838126,8.34985170053373,8
1.5,177.1394516612795,-0.8245601231286508,-10.239485049035943,8.590364802778643,8
1.5,177.51081319516064,-1.1160785932626038,-10.519816639810747,8.28765945328554,8
1.5,177.8821747290417,-1.0844879871602013,-10.488919851483107,8.319943877162704,8
1.5,178.25353626292278,-1.211691063968538,-10.710072927622349,8.286690799685271,8
1.5,178.6248977968039,-0.9757448377776274,-10.47060334293026,8.519113667375006,8
1.5,178.99625933068498,-0.7543102191921707,-10.244299597731157,8.735679159346816,8
1.5,179.36762086456605,-0.9194194942672993,-10.372357284696857,8.53351829616226,8
1.5,179.73898239844718,-1.1738881875449672,-10.688563312953569,8.340786937863633,8
1.5,180.11034393232825,-0.9114863125568489,-10.436155547365487,8.613182922251791,8
1.5,180.48170546620932,-0.6744634722019227,-10.120510233601605,8.771583289197759,8
1.5,180.85306700009042,-0.7569424168212973,-10.248357773468808,8.734472939826212,8
1.5,181.22442853397152,-0.5979949812176495,-10.13758682597089,8.941596863535592,8
1.5,181.5957900678526,-0.5895163833398265,-10.205783008357992,9.026750241678338,8
1.5,181.9671516017337,-0.2464539429021777,-9.843442490990912,9.350534605186555,8
1.5,182.3385131356148,-0.27318180518543866,-9.847495209218627,9.301131598847748,8
1.5,182.70987466949586,-0.22216970835499894,-9.898582151101126,9.454242734391128,8
1.5,183.08123620337696,-0.12937029813729795,-9.824031466871986,9.56529087059739,8
1.5,183.45259773725803,-0.009997918587053789,-9.731631114138265,9.711635276964158,8
1.5,183.82395927113913,0.005949567846835535,-9.802349763649717,9.814248899343388,8
1.5,184.19532080502023,0.06077619803981493,-9.746293784878759,9.867846180958388,8
1.5,184.5666823389013,0.1317133587794752,-9.785151474045454,10.048578191604404,8
1.5,184.9380438727824,0.1537066263193867,-9.808383612215904,10.115796864854678,8
1.5,185.3094054066635,0.23815925130114346,-9.74876063376792,10.225079136370207,8
1.5,185.68076694054457,0.4606818209564423,-9.493836487388664,10.415200129301548,8
1.5,186.05212847442564,0.3569249884995904,-9.643563473116778,10.35741345011596,8
1.5,186.42349000830677,0.20471753574689866,-9.874921218922177,10.284356290415973,8
1.5,186.79485154218784,0.19510759019712265,-9.931244444303669,10.321459624697916,8
1.5,187.1662130760689,0.28245098007363434,-9.902954818852145,10.467856778999412,8
1.5,187.53757460995004,0.32741996282387675,-9.992426546514192,10.647266472161945,8
1.5,187.9089361438311,0.32548762484417715,-9.927168170632982,10.578143420321336,8
1.5,188.28029767771218,0.372969631427865,-9.816092842087183,10.562032104942912,8
1.5,188.6516592115933,0.3544877875094363,-9.971548761696306,10.680524336715179,8
1.5,189.02302074547438,0.6813916326022562,-9.650722885899041,11.013506151103554,8
1.5,189.39438227935545,0.7118728175776854,-9.604214131552009,11.02795976670738,8
1.5,189.76574381323658,0.7613820782009654,-9.3445920538911,10.86735621029303,8
1.5,190.13710534711765,0.4704773735913659,-9.711357486834542,10.652312234017275,8
1.5,190.50846688099872,0.5772005709791619,-9.348987683392663,10.503388825350987,8
1.5,190.87982841487982,0.6602858894443348,-9.243080820105018,10.563652598993688,8
1.5,191.25118994876092,0.7552424449713968,-9.086913404738944,10.597398294681739,8
1.5,191.622551482642,0.4887282091591869,-9.462929540231517,10.440385958549893,8
1.5,191.9939130165231,0.3341229901443481,-9.627554339844671,10.295800320133367,8
1.5,192.3652745504042,0.27644891327145427,-9.592454249989657,10.145352076532568,8
1.5,192.73663608428527,0.3527359283709526,-9.502797222462204,10.20826907920411,8
1.5,193.10799761816637,0.5258463405147737,-9.333997431949738,10.385690112979285,8
1.5,193.47935915204744,0.10127860793818377,-9.653416962386949,9.855974178263317,8
1.5,193.85072068592854,0.08036091160690129,-9.794528710377397,9.9552505335912,8
1.5,194.22208221980964,0.04462920012730165,-9.842141271426991,9.931399671681595,8
1.5,194.5934437536907,0.1304192810159297,-9.738867741103912,9.999706303135772,8
1.5,194.9648052875718,-0.07729838158173719,-9.914445813387417,9.759849050223941,8
1.5,195.3361668214529,-0.1391988041104013,-9.976545730204757,9.698148121983953,8
1.5,195.70752835533398,-0.26989372492251396,-10.147091005855543,9.607303556010514,8
1.5,196.07888988921505,-0.1707496951691838,-10.021709798755884,9.680210408417517,8
1.5,196.45025142309618,-0.24472286745791783,-10.09765809778999,9.608212362874154,8
1.5,196.82161295697725,-0.36290837219903027,-10.217524223617726,9.491707479219667,8
1.5,197.19297449085832,-0.37397726048698665,-10.154184155721188,9.406229634747215,8
1.5,197.56433602473945,-0.5383652701816071,-10.412668330560985,9.33593779019777,8
1.5,197.93569755862052,-0.5363953009475833,-10.41308055806721,9.340289956172041,8
1.5,198.3070590925016,-0.6484106171584909,-10.534588316894277,9.237767082577294,8
1.5,198.67842062638272,-0.8179982995494266,-10.651653635644113,9.01565703654526,8
1.5,199.0497821602638,-0.8544279849997851,-10.722895986901179,9.014040016901607,8
1.5,199.42114369414486,-0.8210361799687111,-10.629933767795318,8.987861407857896,8
1.5,199.792505228026,-0.8552261801158736,-10.593229325170013,8.882776964938264,8
1.5,200.16386676190706,-0.9307422907144509,-10.767421677137772,8.905937095708872,8
1.5,200.53522829578813,-0.7923468189115657,-10.605028534912368,9.020334897089235,8
1.5,200.90658982966926,-0.8559323534817702,-10.636561849117637,8.924697142154098,8
1.5,201.27795136355033,-0.7974845896979852,-10.5853936510607,8.99042447166473,8
1.5,201.6493128974314,-0.8544602820509859,-10.529661157297815,8.820740593195842,8
1.5,202.0206744313125,-0.8983519051283533,-10.828217367530083,9.031513557273378,8
1.5,202.3920359651936,-0.937475732094367,-10.874212733297869,8.999261269109136,8
1.5,202.76339749907467,-0.9417448807274249,-10.880054713147308,8.996564951692458,8
1.5,203.13475903295577,-1.07981731128621,-10.859452202114944,8.699817579542525,8
1.5,203.50612056683687,-1.1593233530191482,-11.084766842929058,8.76612013689076,8
1.5,203.87748210071794,-1.1521745868724917,-11.152477158456596,8.848127984711612,8
1.5,204.24884363459904,-1.1975148803266886,-11.244015852565767,8.84898609191239,8
1.5,204.6202051684801,-1.0485598077823572,-11.021906699816808,8.924787084252094,8
1.5,204.9915667023612,-1.076901978812638,-10.953082760104815,8.79927880247954,8
1.5,205.3629282362423,-1.197648459290301,-11.169413710411492,8.77411679183089,8
1.5,205.73428977012338,-1.2625460148318055,-11.272833652783804,8.747741623120193,8
1.5,206.10565130400448,-1.3191011862200075,-11.352684852515118,8.714482480075102,8
1.5,206.47701283788558,-1.2928728129742122,-11.231274057441253,8.64552843149283,8
1.5,206.84837437176665,-1.3721260429223097,-11.295181548523173,8.550929462678555,8
1.5,207.21973590564772,-1.519003587854603,-11.468979361238814,8.430972185529606,8
1.5,207.59109743952885,-1.5525292283031373,-11.515213895781306,8.41015543917503,8
1.5,207.96245897340992,-1.611764391362217,-11.532251499640873,8.30872271691644,8
1.5,208.333820507291,-1.661169180885035,-11.572107406549893,8.249769044779825,8
1.5,208.70518204117212,-1.7143414421674927,-11.581125017062725,8.152442132727739,8
1.5,209.0765435750532,-1.8307079604593794,-11.804108991636783,8.142693070718023,8
1.5,209.44790510893426,-1.8534325134355851,-11.76375015837209,8.05688513150092,8
1.5,209.8192666428154,-1.8972432400602004,-11.790280631994197,7.995794151873795,8
1.5,210.19062817669646,-1.907655966874678,-11.732224425203455,7.916912491454099,8
1.5,210.56198971057754,-2.0174683689407287,-11.905080255672843,7.8701435177913845,8
1.5,210.93335124445866,-2.065162649440927,-11.989709928476707,7.859384629594853,8
1.5,211.30471277833973,-2.1125604395744126,-12.022261216923557,7.7971403377747315,8
1.5,211.6760743122208,-2.1449972240847366,-11.970766545429807,7.680772097260334,8
1.5,212.0474358461019,-2.109217454491178,-11.93250817477053,7.7140732657881745,8
1.5,212.418797379983,-2.2108602604934955,-12.128588599396753,7.706868078409762,8
1.5,212.79015891386408,-2.2995348979731256,-12.24732993188423,7.6482601359379805,8
1.5,213.16152044774518,-2.353503814292248,-12.266953495511533,7.559945866927038,8
1.5,213.53288198162628,-2.409692529409664,-12.240410229544059,7.421025170724731,8
1.5,213.90424351550735,-2.481458669007578,-12.377429115982624,7.414511777967467,8
1.5,214.27560504938845,-2.493955305873266,-12.43379623976353,7.445885628016999,8
1.5,214.64696658326952,-2.5976182146338127,-12.527285817095574,7.332049387827948,8
1.5,215.01832811715062,-2.50862861880569,-12.500157551075386,7.482900313464005,8
1.5,215.38968965103172,-2.433928109410619,-12.587212080987747,7.719355862166509,8
1.5,215.7610511849128,-2.3914788080904095,-12.611090563332253,7.828132947151433,8
1.5,216.1324127187939,-2.263228535190144,-12.609342111227388,8.0828850408471,8
1.5,216.503774252675,-2.3130640769126094,-12.583273386516765,7.957145232691546,8
1.5,216.87513578655606,-2.3889919020026227,-12.605655716019744,7.827671912014498,8
1.5,217.24649732043713,-2.4134052621352815,-12.632881416924786,7.806070892654223,8
1.5,217.61785885431826,-2.3437024588325905,-12.671051962973833,7.983647045308652,8
1.5,217.98922038819933,-2.360783700683959,-12.679991125758235,7.958423724390318,8
1.5,218.3605819220804,-2.490265766285701,-12.718996721304503,7.738465188733102,8
1.5,218.73194345596153,-2.5796535850617706,-12.695348454330091,7.536041284206551,8
1.5,219.1033049898426,-2.618514555545633,-12.887510055923972,7.650480944832705,8
1.5,219.47466652372367,-2.6492056706581164,-12.939023394288224,7.640612052971992,8
1.5,219.8460280576048,-2.644239270315971,-12.924487322835253,7.6360087822033105,8
1.5,220.21738959148587,-2.5450583547219043,-12.905965886478036,7.815849177034227,8
1.5,220.58875112536694,-2.656281146471343,-13.042250104699585,7.729687811756898,8
1.5,220.96011265924807,-2.6765561099826014,-13.167505626863342,7.814393406898138,8
1.5,221.33147419312914,-2.653336623877318,-13.092543296474634,7.785870048719997,8
1.5,221.7028357270102,-2.6107332397268816,-13.162002357915789,7.9405358784620255,8
1.5,222.07419726089134,-2.6928974787034896,-13.060302343625835,7.674507386218856,8
1.5,222.4455587947724,-2.84805588214715,-13.249934010366264,7.553822246071963,8
1.5,222.81692032865348,-2.917890541680347,-13.343749441873781,7.507968358513088,8
1.5,223.18828186253458,-2.945303819242627,-13.472367430014277,7.581759791529024,8
1.5,223.55964339641568,-2.7609845434072753,-13.42695743126604,7.904988344451489,8
1.5,223.93100493029675,-2.8849404002711094,-13.610966811019285,7.841086010477067,8
1.5,224.30236646417785,-2.8666523568878026,-13.578403696327035,7.845098982551429,8
1.5,224.67372799805895,-3.0333516177551916,-13.883516174623583,7.816812939113201,8
1.5,225.04508953194002,-2.871030909078585,-13.808688497206415,8.066626679049246,8
1.5,225.41645106582112,-2.78508913706524,-13.711536132034286,8.141357857903806,8
1.5,225.7878125997022,-2.621150048152536,-13.671680815990118,8.429380719685046,8
1.5,226.1591741335833,-2.5228249246821126,-13.592526408480998,8.546876559116773,8
1.5,226.5305356674644,-2.376790563275468,-13.410542515586364,8.656961389035427,8
1.5,226.90189720134546,-2.274552401791725,-13.26859712586995,8.7194923222865,8
1.5,227.27325873522656,-2.254570723013943,-13.259571365055649,8.750429919027763,8
1.5,227.64462026910766,-2.1144302838115725,-12.995441456176165,8.76658088855302,8
1.5,228.01598180298873,-1.7766901589727175,-12.708776157404847,9.15539583945941,8
1.5,228.3873433368698,-1.62233623863812,-12.62320039375554,9.378527916479301,8
1.5,228.75870487075093,-1.6420943391150502,-12.70270760285203,9.418518924621928,8
1.5,229.130066404632,-1.5268716378471816,-12.525111705111621,9.471368429417259,8
1.5,229.50142793851307,-1.52889605499919,-12.3561940827447,9.29840197274632,8
1.5,229.8727894723942,-1.5775372180563731,-12.459050843284771,9.303976407172026,8
1.5,230.24415100627527,-1.700024159388539,-12.553002314721017,9.152953995943939,8
1.5,230.61551254015635,-1.5049459572694805,-12.31944650938816,9.309554594849198,8
1.5,230.98687407403747,-1.4175109405995283,-12.018180555063074,9.183158673864016,8
1.5,231.35823560791854,-1.368926437206729,-11.958638458001381,9.220785583587922,8
1.5,231.72959714179962,-1.3034171249283373,-11.80913380405036,9.202299554193685,8
1.5,232.10095867568074,-1.3679190248663313,-11.648794231659116,8.912956181926452,8
1.5,232.47232020956181,-1.4227935700676118,-11.756978906147493,8.91139176601227,8
1.5,232.8436817434429,-1.4282961829626644,-11.689426550049838,8.832834184124508,8
1.5,233.21504327732399,-1.3581921536050192,-11.560222490141333,8.843838182931295,8
1.5,233.58640481120509,-1.2435836104980522,-11.283319731376231,8.796152510380129,8
1.5,233.95776634508616,-1.0563591020309229,-11.084313607573518,8.971595403511673,8
1.5,234.32912787896726,-0.913218302943539,-11.0289503764729,9.202513770585822,8
1.5,234.70048941284836,-0.7288368418217599,-10.789051401356378,9.331377717712858,8
1.5,235.07185094672943,-0.5251129978231486,-10.565843570159213,9.515617574512916,8
1.5,235.44321248061053,-0.5045422315520127,-10.46186196794091,9.452777504836886,8
1.5,235.8145740144916,-0.46498798425270127,-10.381809953925817,9.451833985420414,8
1.5,236.1859355483727,-0.5280739363303922,-10.516615819307138,9.460467946646354,8
1.5,236.5572970822538,-0.4776394325453188,-10.387961408848485,9.432682543757847,8
1.5,236.92865861613487,-0.4510563357157772,-10.381294960392035,9.479182288960482,8
1.5,237.30002015001597,-0.48853123195467363,-10.409845459530077,9.432782995620729,8
1.5,237.67138168389707,-0.5799563237564266,-10.696426289096264,9.53651364158341,8
1.5,238.04274321777814,-0.6432898971780502,-10.94549552714084,9.65891573278474,8
1.5,238.4141047516592,-0.5255767742194969,-10.819007159843418,9.767853611404425,8
1.5,238.78546628554034,-0.4928226421637434,-10.782798852003886,9.7971535676764,8
1.5,239.1568278194214,-0.5063785477054958,-10.656552918543326,9.643795823132336,8
1.5,239.52818935330248,-0.5902871841177,-11.113847571879367,9.933273203643965,8
1.5,239.8995508871836,-0.5465551838739944,-11.184197974346993,10.091087606599004,8
1.5,240.27091242106468,-0.5696046885339308,-11.229721238568256,10.090511861500396,8
1.5,240.64227395494575,-0.48918108988576825,-11.12850734084372,10.150145161072183,8
1.5,241.01363548882688,-0.7051073205402029,-11.081252573601017,9.671037932520612,8
1.5,241.38499702270795,-0.8334729859036298,-11.287922216519616,9.620976244712358,8
1.5,241.75635855658902,-0.9050622830019409,-11.43498893115211,9.624864365148229,8
1.5,242.12772009047015,-0.7825252109833475,-11.375484016927592,9.810433594960896,8
1.5,242.49908162435122,-0.7398161579307756,-11.326865391751076,9.847233075889525,8
1.5,242.8704431582323,-0.7651463460495544,-11.381279205082496,9.850986512983386,8
1.5,243.24180469211342,-0.8406400001849226,-11.570198403440646,9.8889184030708,8
1.5,243.6131662259945,-0.942248717141358,-11.604991143385071,9.720493709102357,8
1.5,243.98452775987556,-0.7983855230917649,-11.504157547757858,9.907386501574328,8
1.5,244.35588929375666,-0.7990434469818013,-11.517663611672699,9.919576717709095,8
1.5,244.72725082763776,-0.6642445242356243,-11.392594929955164,10.064105881483917,8
1.5,245.09861236151883,-0.7136943172729113,-11.707985036954472,10.280596402408651,8
1.5,245.46997389539993,-0.8092266351331876,-11.924655399475961,10.306202129209586,8
1.5,245.84133542928103,-0.837600961782391,-11.935038435084499,10.259836511519717,8
1.5,246.2126969631621,-0.7301739109022449,-11.771699147719435,10.311351325914945,8
1.5,246.5840584970432,-0.6621757063983125,-11.376116657185896,10.051765244389273,8
1.5,246.95542003092427,-0.6027457827957319,-11.35002484940916,10.144533283817694,8
1.5,247.32678156480537,-0.44098177753543233,-11.054198814983645,10.17223525991278,8
1.5,247.69814309868647,-0.559009309266699,-11.123393368668777,10.00537475013538,8
1.5,248.06950463256754,-0.3014214907933592,-10.958657585613496,10.355814604026778,8
1.5,248.44086616644861,-0.35668200211300793,-11.310083494599075,10.59671949037306,8
1.5,248.81222770032974,-0.43846573704474756,-11.40799026424813,10.531058790158635,8
1.5,249.1835892342108,-0.5266964439475453,-11.585725166099499,10.532332278204409,8
1.5,249.55495076809189,-0.5258661909829986,-11.487089358485614,10.435356976519616,8
1.5,249.926312301973,-0.665546970785856,-11.628199739822348,10.297105798250636,8
1.5,250.29767383585408,-0.782663514391149,-11.805841044736093,10.240514015953794,8
1.5,250.66903536973516,-0.8010817569768152,-11.936952843671028,10.334789329717397,8
1.5,251.04039690361628,-0.732706840551211,-11.74406773939554,10.278654058293117,8
1.5,251.41175843749735,-0.6504290832559007,-11.546481638708666,10.245623472196865,8
1.5,251.78311997137843,-0.6882872032616787,-11.409700477459653,10.033126070936296,8
1.5,252.15448150525955,-0.5589427259730027,-11.307237732743415,10.18935228079741,8
1.5,252.52584303914063,-0.4002271711076184,-11.136428057252624,10.335973715037388,8
1.5,252.8972045730217,-0.5236430662728405,-11.159009999758075,10.111723867212392,8
1.5,253.26856610690282,-0.5142434165430855,-11.585282564972065,10.556795731885895,8
1.5,253.6399276407839,-0.37870985383408795,-11.395365673666072,10.637945965997895,8
1.5,254.01128917466497,-0.47853104289386483,-11.601478426604675,10.644416340816946,8
1.5,254.38265070854607,-0.4676514746565221,-11.552769622647581,10.617466673334537,8
1.5,254.75401224242717,-0.46473692928928934,-11.457883493238358,10.528409634659779,8
1.5,255.12537377630824,-0.5256592282081589,-11.332495020728974,10.281176564312656,8
1.5,255.49673531018934,-0.575357910454502,-11.623969681475144,10.47325386056614,8
1.5,255.86809684407044,-0.6659436217500634,-11.739205919574376,10.407318676074249,8
1.5,256.2394583779515,-0.6599552125132409,-11.82010619450971,10.500195769483229,8
1.5,256.6108199118326,-0.872638504800405,-11.647600414612418,9.90232340501161,8
1.5,256.9821814457137,-0.8574791412960947,-11.782105065582925,10.067146782990736,8
1.5,257.35354297959475,-0.8907358250924454,-11.90414980056694,10.122678150382049,8
1.5,257.7249045134759,-0.9300619253610556,-12.051477131696313,10.191353280974202,8
1.5,258.09626604735695,-0.7754873691838762,-11.998263024427983,10.44728828606023,8
1.5,258.46762758123805,-0.8149094829238965,-11.744028618971097,10.114209653123304,8
1.5,258.83898911511915,-0.7655744984152445,-11.600356485836237,10.069207489005748,8
1.5,259.21035064900025,-0.9319219048578302,-11.783228490196354,9.919384680480693,8
1.5,259.5817121828813,-0.8463965040411194,-11.772565297523105,10.079772289440868,8
1.5,259.9530737167624,-0.7736809127668677,-11.631092778828215,10.08373095329448,8
1.5,260.3244352506435,-0.7756258581760803,-11.59186080274988,10.040609086397717,8
1.5,260.6957967845246,-0.7626953069608299,-11.466389314258997,9.940998700337339,8
1.5,261.0671583184057,-0.6505477018849003,-11.377189619698736,10.076094215928936,8
1.5,261.4385198522868,-0.5247712490613642,-11.271649112675162,10.222106614552432,8
1.5,261.80988138616783,-0.5074834369723998,-11.23742588525695,10.22245901131215,8
1.5,262.18124292004893,-0.5836898254775249,-11.154712875738417,9.987333224783368,8
1.5,262.55260445393003,-0.44395430915404066,-10.9766630522813,10.088754433973218,8
1.5,262.92396598781113,-0.40351090192587047,-10.945371402606085,10.138349598754345,8
1.5,263.29532752169223,-0.390510361807228,-10.923589696854325,10.142568973239868,8
1.5,263.6666890555733,-0.386350760816599,-10.802755912065921,10.030054390432722,8
1.5,264.0380505894544,-0.2752357014007565,-10.767066311693428,10.216594908891915,8
1.5,264.40941212333547,-0.1483408242967208,-10.667852609223667,10.371170960630225,8
1.5,264.78077365721657,-0.14469610413055878,-10.701026923551765,10.41163471529065,8
1.5,265.1521351910976,-0.003328594895530168,-10.610326861341745,10.603669671550685,8
1.5,265.52349672497877,0.18596527420132714,-10.29828483584665,10.670215384249305,8
1.5,265.8948582588598,0.13156944412178295,-10.422173991501332,10.685312879744899,8
1.5,266.2662197927409,0.017860333165416575,-10.574015962295874,10.609736628626706,8
1.5,266.637581326622,0.08824983870839809,-10.60118634150176,10.777686018918557,8
1.5,267.0089428605031,0.13661357443476363,-10.51008954717858,10.783316696048107,8
1.5,267.38030439438415,-0.051978919855271366,-10.682362678088426,10.578404838377883,8
1.5,267.7516659282653,-0.22211079167843528,-10.858476435826073,10.414254852469202,8
1.5,268.12302746214635,-0.19595678849901943,-10.849615262161226,10.457701685163187,8
1.5,268.49438899602745,-0.1048508461647557,-10.800640186408655,10.590938494079145,8
1.5,268.86575052990855,-0.2811187663847676,-10.981369266153568,10.419131733384031,8
1.5,269.23711206378965,-0.4832931244106864,-11.182472152017386,10.215885903196014,8
1.5,269.6084735976707,-0.49556911819746774,-11.169993627563713,10.178855391168778,8
1.5,269.9798351315518,-0.3984883459833537,-11.080239713324627,10.283263021357918,8
1.5,270.3511966654329,-0.4166025153032358,-11.090985998283184,10.257780967676712,8
1.5,270.722558199314,-0.44995678825061036,-11.091740133404052,10.191826556902832,8
1.5,271.0939197331951,-0.7641781573836628,-11.468182402239211,9.939826087471886,8
1.5,271.4652812670762,-0.7257776023382394,-11.394757619235788,9.94320241455931,8
1.5,271.83664280095724,-0.7160268595074857,-11.361963242974234,9.929909523959264,8
1.5,272.20800433483834,-0.6234088998588019,-11.32425656483763,10.077438765120025,8
1.5,272.57936586871944,-1.0864668910381798,-11.815469932272526,9.642536150196166,8
1.5,272.95072740260053,-1.0583062265135381,-11.747952421293787,9.63133996826671,8
1.5,273.32208893648163,-1.0762995664170723,-11.781624643726092,9.629025510891948,8
1.5,273.6934504703627,-0.9398463918406912,-11.672700265058289,9.793007481376907,8
1.5,274.0648120042438,-0.995093232510174,-11.624675183827065,9.634488718806718,8
1.5,274.4361735381249,-1.0487553658508402,-11.47235799773831,9.374847266036628,8
1.5,274.807535072006,-1.131910550035872,-11.533968225057924,9.27014712498618,8
1.5,275.178896605887,-1.0431048352754941,-11.433503270684724,9.347293600133735,8
1.5,275.5502581397682,-1.0377255855091245,-11.458580541256683,9.383129370238436,8
1.5,275.9216196736492,-1.1686496527975512,-11.67906769401937,9.341768388424267,8
1.5,276.2929812075303,-1.304193423344338,-11.769023187018124,9.160636340329447,8
1.5,276.6643427414114,-1.3303722465696204,-11.711551614492928,9.050807121353687,8
1.5,277.0357042752925,-1.113105186489587,-11.522089134107754,9.295878761128579,8
1.5,277.40706580917356,-1.3327126376626603,-11.710442090491075,9.045016815165752,8
1.5,277.7784273430547,-1.3738650633509466,-11.757405318308667,9.009675191606775,8
1.5,278.14978887693576,-1.621200777240511,-12.026644567274367,8.784243012793347,8
1.5,278.52115041081686,-1.46237029402703,-11.846671705092696,8.921931117038636,8
1.5,278.89251194469796,-1.469755458038385,-11.848247615165684,8.908736699088914,8
1.5,279.26387347857906,-1.5175871370864555,-11.870840330933174,8.835666056760264,8
1.5,279.6352350124601,-1.854450832593951,-12.310840555849884,8.601938890661982,8
1.5,280.00659654634126,-1.7824422049738895,-12.16883460701501,8.60395019706723,8
1.5,280.3779580802223,-1.6970089288998502,-12.061914043310244,8.667896185510545,8
1.5,280.7493196141034,-1.6597695423464707,-12.006919145037596,8.687380060344655,8
1.5,281.1206811479845,-1.7768903740681763,-12.13135550019646,8.577574752060105,8
1.5,281.4920426818656,-1.9273074735914646,-12.233761677698219,8.379146730515288,8
1.5,281.86340421574664,-1.7381653582166219,-11.940385726186548,8.464055009753306,8
1.5,282.23476574962774,-1.7007329595791458,-11.955049417491525,8.553583498333234,8
1.5,282.60612728350884,-1.6284451711632104,-11.990980553696227,8.734090211369805,8
1.5,282.97748881738994,-1.7516270134161702,-12.143180863264032,8.639926836431691,8
1.5,283.34885035127104,-1.7576298072565657,-12.127024858601043,8.611765244087913,8
1.5,283.7202118851521,-1.773699720863418,-12.149116587117451,8.601717145390616,8
1.5,284.0915734190332,-1.548494617401898,-11.97692070709166,8.879931472287863,8
1.5,284.4629349529143,-1.6470847547453265,-12.135333022181582,8.841163512690928,8
1.5,284.8342964867954,-1.8676058216149698,-12.478723552009162,8.743511908779224,8
1.5,285.2056580206765,-1.8984114020132625,-12.504749401871619,8.707926597845093,8
1.5,285.5770195545576,-1.8805209852537916,-12.3326475762838,8.571605605776217,8
1.5,285.9483810884386,-1.7873871533535617,-12.283318925344947,8.708544618637823,8
1.5,286.3197426223198,-1.83625567154267,-12.27238854446959,8.59987720138425,8
1.5,286.6911041562008,-1.8100174268462454,-12.131313400667429,8.511278546974937,8
1.5,287.0624656900819,-1.774036074723457,-12.092660940924915,8.544588791478002,8
1.5,287.433827223963,-1.7830456985190337,-11.968361218145464,8.402269821107396,8
1.5,287.8051887578441,-1.8437305277183296,-12.026773170560416,8.339312115123755,8
1.5,288.17655029172516,-1.9063149241624382,-11.975352904715503,8.162723056390625,8
1.5,288.54791182560626,-2.096513737930243,-12.38789667998602,8.194869204125535,8
1.5,288.91927335948736,-2.0177039569425874,-12.251450295697865,8.216042381812692,8
1.5,289.29063489336846,-2.0485471077855824,-12.289498862652884,8.19240464708172,8
1.5,289.66199642724956,-2.1186538055030892,-12.287297298238869,8.049989687232692,8
1.5,290.03335796113066,-2.175940829847728,-12.313981227195601,7.962099567500144,8
1.5,290.4047194950117,-2.3069530569533945,-12.504288458080172,7.890382344173382,8
1.5,290.7760810288928,-2.3689479377536173,-12.614515617106408,7.876619741599173,8
1.5,291.1474425627739,-2.3736219667786336,-12.564106134419822,7.816862200862554,8
1.5,291.518804096655,-2.442336933494852,-12.592906081611002,7.708232214621297,8
1.5,291.8901656305361,-2.5287680535255004,-12.7361144984093,7.6785783913583,8
1.5,292.26152716441715,-2.621948759455418,-12.914792518003013,7.670894999092178,8
1.5,292.63288869829825,-2.5992116481210887,-12.91217165312571,7.713748356883532,8
1.5,293.00425023217934,-2.648234762418104,-12.90566282151413,7.609193296677921,8
1.5,293.37561176606044,-2.6683344075889517,-12.876763903934407,7.540095088756503,8
1.5,293.7469732999415,-2.611475400694209,-12.73853687103841,7.515586069649991,8
1.5,294.11833483382264,-2.469514956104867,-12.558329710608351,7.619299798398618,8
1.5,294.4896963677037,-2.395453152765482,-12.386272693104273,7.595366387573309,8
1.5,294.8610579015848,-2.4210770529423318,-12.337523278721362,7.495369172836698,8
1.5,295.2324194354659,-2.4285061171988036,-12.329940309663808,7.4729280752662,8
1.5,295.603780969347,-2.3022218927762736,-12.223260885463143,7.618817099910595,8
1.5,295.975142503228,-2.4039652326585976,-12.457336874955027,7.649406409637832,8
1.5,296.3465040371092,-2.4616538975455358,-12.554889675892039,7.631581880800968,8
1.5,296.7178655709902,-2.5959561802275224,-12.66024296705164,7.468330606596595,8
1.5,297.0892271048713,-2.582167915766491,-12.539377608973869,7.375041777440887,8
1.5,297.4605886387524,-2.5591293636107313,-12.595639203366629,7.477380476145166,8
1.5,297.8319501726335,-2.558126092186065,-12.678119070765776,7.561866886393647,8
1.5,298.20331170651457,-2.6801758042550237,-12.844395379478122,7.484043770968075,8
1.5,298.5746732403957,-2.682271410567932,-12.7461549440077,7.381612122871836,8
1.5,298.94603477427677,-2.602524160697283,-12.671227402114116,7.466179080719551,8
1.5,299.31739630815787,-2.540213180539401,-12.564964518400554,7.484538157321752,8
1.5,299.68875784203897,-2.7028015251990185,-12.67746615882858,7.271863108430542,8
2,0.0,0.0,0.0,0.0,8
2,0.37136153388108917,0.002587932668275037,-0.08634893527531708,0.09152480061186714,8
2,0.7427230677621783,0.043896616970303504,-0.12645739310698575,0.21425062704759276,8
2,1.1140846016432675,-0.13268542328111652,-0.49683525858940547,0.2314644120271724,8
2,1.4854461355243567,-0.3077217965778494,-0.45263977500359065,-0.16280381815210818,8
2,1.8568076694054458,-0.35769180982011073,-0.4590183469462525,-0.25636527269396897,8
2,2.228169203286535,-0.3531359336115364,-0.47366886179730405,-0.23260300542576873,8
2,2.5995307371676244,-0.3962529934740171,-0.7453842583734638,-0.047121728574570365,8
2,2.9708922710487133,-0.5361576417562894,-0.7563795961642208,-0.3159356873483581,8
2,3.3422538049298023,-0.5934192449036134,-0.7749573368279911,-0.4118811529792358,8
2,3.7136153388108917,-0.6337257140832783,-0.775771986580814,-0.4916794415857425,8
2,4.084976872691981,-0.6445075420359195,-1.0380527826881534,-0.25096230138368575,8
2,4.45633840657307,-0.6714099875648795,-0.9891122134840107,-0.3537077616457482,8
2,4.827699940454159,-0.7227392329230098,-1.0169624172356375,-0.42851604861038195,8
2,5.199061474335249,-0.8775912048707597,-1.0207334381305264,-0.7344489716109929,8
2,5.570423008216337,-0.6747327685937768,-0.831139442645927,-0.5183260945416267,8
2,5.941784542097427,-0.58892679415221,-0.9039078963559224,-0.27394569194849766,8
2,6.313146075978516,-0.6347594415585396,-1.0252251008663313,-0.24429378225074788,8
2,6.684507609859605,-0.6567489142286886,-1.10028317467283,-0.21321465378454718,8
2,7.0558691437406935,-0.7822661213334694,-1.3356389591884863,-0.2288932834784525,8
2,7.427230677621783,-0.7523226733657224,-1.1013118872479433,-0.4033334594835017,8
2,7.798592211502871,-0.739860622914723,-1.1008672560867643,-0.3788539897426818,8
2,8.169953745383962,-0.624919228541785,-1.0446658544899554,-0.2051726025936147,8
2,8.541315279265051,-0.8104250495282875,-1.4779130200331738,-0.14293707902340125,8
2,8.91267681314614,-0.918756078437204,-1.2963812781935982,-0.5411308786808099,8
2,9.284038347027229,-0.9538937901457663,-1.3055394857083698,-0.6022480945831628,8
2,9.655399880908318,-0.8013915632148437,-1.1207671275949043,-0.4820159988347831,8
2,10.026761414789407,-0.7965964485610996,-1.2066501899059472,-0.386542707216252,8
2,10.398122948670498,-1.0000959355780796,-1.444363786120262,-0.5558280850358972,8
2,10.769484482551585,-1.0944052334103838,-1.5857877389265438,-0.6030227278942237,8
2,11.140846016432674,-1.1404563222514188,-1.4418852924757601,-0.8390273520270776,8
2,11.512207550313764,-1.035916040611293,-1.375274331468316,-0.6965577497542702,8
2,11.883569084194853,-1.1512259961873912,-1.5585778205177578,-0.7438741718570245,8
2,12.25493061807594,-1.2047838979198928,-1.7205999095110633,-0.6889678863287223,8
2,12.626292151957031,-1.4786884005842456,-1.719434627523605,-1.2379421736448861,8
2,12.99765368583812,-1.306916126543102,-1.6093688110126396,-1.0044634420735643,8
2,13.36901521971921,-1.3141796339995686,-1.6356739803169742,-0.992685287682163,8
2,13.7403767536003,-1.3352839378254835,-1.8980281157711332,-0.7725397598798337,8
2,14.111738287481387,-1.3847718645641185,-2.021850691373211,-0.7476930377550259,8
2,14.483099821362476,-1.1146665085223613,-1.9103260047638646,-0.3190070122808579,8
2,14.854461355243567,-1.064172390199738,-1.9094709555923175,-0.21887382480715833,8
2,15.225822889124656,-0.856889488333099,-1.7551296600385324,0.041350683372334385,8
2,15.597184423005743,-0.5456300571940935,-1.546949504989503,0.45568939060131597,8
2,15.968545956886834,-0.6975405470486253,-2.159445597819227,0.7643645037219762,8
2,16.339907490767924,-0.6203487646459298,-2.1242695224818613,0.8835719931900015,8
2,16.71126902464901,-0.4790939094834591,-2.0475615785303654,1.0893737595634474,8
2,17.082630558530102,-0.20029971379519168,-1.8951365358616785,1.4945371082712953,8
2,17.45399209241119,-0.2938439986735527,-2.316597937693195,1.7289099403460897,8
2,17.82535362629228,-0.3466501759014174,-2.4150068682901837,1.721706516487349,8
2,18.19671516017337,-0.15272868660527233,-2.3265710837874995,2.0211137105769548,8
2,18.568076694054458,0.13861043750545557,-2.1323801526267667,2.4096010276376782,8
2,18.939438227935547,0.3185608440673496,-2.100712883026136,2.737834571160835,8
2,19.310799761816636,0.7221898455509703,-1.8878842936780758,3.3322639847800164,8
2,19.682161295697725,0.6675262486685294,-2.117344563171265,3.4523970605083236,8
2,20.053522829578814,0.9371803797481192,-1.867474355160251,3.7418351146564897,8
2,20.424884363459903,0.9433441425434712,-1.7813919674516117,3.6680802525385543,8
2,20.796245897340995,0.9222481282237076,-1.7674323477477365,3.6119286041951515,8
2,21.16760743122208,0.5816918729815412,-2.29344101001662,3.456824755979703,8
2,21.53896896510317,0.7754362007358961,-2.125495995235341,3.676368396707133,8
2,21.910330498984262,0.824588277867254,-2.053957695416454,3.7031342511509617,8
2,22.281692032865347,0.7584798839580533,-2.1030755940903547,3.6200353620064614,8
2,22.65305356674644,0.5139062530436043,-2.5946516019869716,3.62246410807418,8
2,23.02441510062753,0.6750566047333832,-2.6181992914114494,3.9683125008782163,8
2,23.395776634508614,0.7676043034713393,-2.5451980787942974,4.080406685736976,8
2,23.767138168389707,0.848819292539061,-2.4846904988320206,4.182329083910143,8
2,24.138499702270796,0.49977518641807916,-2.9084951789289963,3.908045551765155,8
2,24.50986123615188,0.5917310959059884,-2.722082013480727,3.9055442052927036,8
2,24.881222770032974,0.6927193235851185,-2.6385115881831074,4.023950235353344,8
2,25.252584303914063,0.7688754431113751,-2.5865277880797457,4.124278674302496,8
2,25.62394583779515,0.8420350517837529,-2.469625213827897,4.153695317395403,8
2,25.99530737167624,0.4835177307374021,-2.7341898496132275,3.7012253110880318,8
2,26.366668905557333,0.4251819237501657,-2.869905440040685,3.720269287541016,8
2,26.73803043943842,0.40714753311926544,-2.9380239292600763,3.752318995498607,8
2,27.109391973319507,0.6239349167524937,-2.7806208750194297,4.0284907085244175,8
2,27.4807535072006,0.6274746777465545,-2.8080544248729904,4.063003780366099,8
2,27.852115041081685,0.542448276171433,-2.837078723845623,3.921975276188489,8
2,28.223476574962774,0.28160340734613615,-3.1813631767719954,3.7445699914642674,8
2,28.594838108843867,0.5330578480787627,-2.9948587190168285,4.060974415174353,8
2,28.966199642724952,0.6477942176393583,-2.965813903408089,4.261402338686805,8
2,29.337561176606044,0.5718760687669491,-3.068174886163431,4.21192702369733,8
2,29.708922710487133,0.5645491732170818,-3.0632422995017654,4.1923406459359285,8
2,30.08028424436822,0.7152012463306392,-3.153502181248494,4.583904673909772,8
2,30.45164577824931,0.8650620181639931,-3.05427790266603,4.784401938994016,8
2,30.8230073121304,0.8611632397442365,-3.0878179259959553,4.8101444054844285,8
2,31.194368846011486,0.8687796491713206,-3.1628042342261984,4.900363532568839,8
2,31.565730379892578,0.8683318064465131,-3.4284330902054587,5.1650967030984845,8
2,31.937091913773667,1.0291428564600156,-3.3190903201623168,5.3773760330823475,8
2,32.308453447654756,1.0622560151934106,-3.3024904486996975,5.427002479086519,8
2,32.67981498153585,1.2905273898825125,-3.1077128769223274,5.688767656687352,8
2,33.051176515416934,0.8707004750833162,-3.341691922944257,5.083092873110889,8
2,33.42253804929802,0.7843119058244198,-3.535065822944679,5.103689634593518,8
2,33.79389958317911,0.7477675683887675,-3.586673075672846,5.082208212450381,8
2,34.165261117060204,0.8759408819007106,-3.471918163719531,5.223799927520952,8
2,34.53662265094129,0.5843660219030281,-3.595705114744592,4.764437158550648,8
2,34.90798418482238,0.5879624224842116,-3.6517121791246754,4.827637024093098,8
2,35.27934571870347,0.5118379653280862,-3.7554711618169745,4.779147092473147,8
2,35.65070725258456,0.5525170284991949,-3.7695155363402852,4.874549593338675,8
2,36.022068786465645,0.6711661147501635,-3.652947808416031,4.995280037916358,8
2,36.39343032034674,0.5507253516647745,-3.804717949171536,4.906168652501085,8
2,36.76479185422783,0.6009612687492341,-3.8741903297739437,5.076112867272412,8
2,37.136153388108916,0.49368502460985164,-4.137320427263216,5.12469047648292,8
2,37.50751492199001,0.6095226407503996,-4.003990043760818,5.223035325261617,8
2,37.878876455871094,0.5782122285926468,-4.016370494716464,5.172794951901757,8
2,38.25023798975218,0.5977814182590229,-4.042513624476776,5.238076460994822,8
2,38.62159952363327,0.4411847481086103,-4.126116770115661,5.0084862663328815,8
2,38.992961057514364,0.28132481205962717,-4.309504250798345,4.8721538749176,8
2,39.36432259139545,0.22936669922325176,-4.336249264437049,4.794982662883552,8
2,39.73568412527654,0.18877790673833378,-4.314254378703202,4.6918101921798705,8
2,40.10704565915763,0.121965260357285,-4.387828517209502,4.6317590379240725,8
2,40.47840719303872,0.13595947811161502,-4.578066457449125,4.849985413672355,8
2,40.849768726919805,0.15532844137497837,-4.556698080907298,4.867354963657254,8
2,41.22113026080089,0.16111962445083394,-4.521059393092683,4.843298641994352,8
2,41.59249179468199,0.16929327054444998,-4.440805103152526,4.779391644241425,8
2,41.963853328563076,0.2502595262376832,-4.432742312037383,4.93326136451275,8
2,42.33521486244416,0.35286145955247084,-4.470770177303137,5.176493096408079,8
2,42.706576396325254,0.43445575871858755,-4.397403484427539,5.266315001864713,8
2,43.07793793020634,0.42224370097905817,-4.224355775188415,5.0688431771465305,8
2,43.44929946408743,0.4566127156154075,-4.281697140425841,5.194922571656656,8
2,43.820660997968524,0.404937371647631,-4.347584943731746,5.157459687027009,8
2,44.19202253184961,0.34090298291641863,-4.311954797876183,4.99376076370902,8
2,44.563384065730695,0.5818316075174329,-4.211721780229044,5.37538499526391,8
2,44.934745599611794,0.6789202330291375,-4.203517364240918,5.561357830299194,8
2,45.30610713349288,0.6455520564854262,-4.244827915459732,5.535932028430585,8
2,45.677468667373965,0.5312826200316183,-4.360606977332756,5.423172217395992,8
2,46.04883020125506,0.7150471817787033,-4.249489850425497,5.679584213982904,8
2,46.42019173513614,0.653278956278243,-4.182075631062964,5.488633543619449,8
2,46.79155326901723,0.6236283654333877,-4.191130422971275,5.43838715383805,8
2,47.16291480289833,0.6281512078562734,-4.323471598808921,5.579774014521468,8
2,47.53427633677941,0.6555891361236924,-4.499298810896707,5.810477083144092,8
2,47.9056378706605,0.7035340769785144,-4.435111977535115,5.842180131492144,8
2,48.27699940454159,0.8242267592839781,-4.468895825443598,6.117349344011554,8
2,48.64836093842268,1.0460442898427669,-4.42096424471288,6.513052824398414,8
2,49.01972247230376,0.8306617848655161,-4.680791172974468,6.342114742705499,8
2,49.39108400618486,0.8851985703236455,-4.716981840975779,6.48737898162307,8
2,49.76244554006595,0.9351921140134204,-4.749059291951503,6.619443519978344,8
2,50.13380707394703,1.1559650400679389,-4.7046588633083,7.016588943444178,8
2,50.505168607828125,1.1618493382466193,-4.920707410726869,7.244406087220107,8
2,50.87653014170922,1.0801733313956823,-4.916380141999609,7.076726804790974,8
2,51.2478916755903,1.1052608918008342,-4.961266067238193,7.171787850839862,8
2,51.619253209471395,0.8911712793501044,-4.8807245841730404,6.66306714287325,8
2,51.99061474335248,1.0603631705767724,-4.859814801083443,6.980541142236989,8
2,52.361976277233566,1.1827747817939023,-4.780167773401931,7.145717336989737,8
2,52.733337811114666,1.279202624530494,-4.827300846386128,7.385706095447116,8
2,53.10469934499575,1.338471990175073,-4.751784693149073,7.428728673499219,8
2,53.47606087887684,1.4854930298841695,-4.775530056005376,7.746516115773716,8
2,53.84742241275793,1.4537821235514616,-4.854317399653733,7.761881646756657,8
2,54.218783946639014,1.4004029238006854,-5.045500203060121,7.846306050661492,8
2,54.5901454805201,1.5388532441014495,-4.79369117702261,7.871397665225509,8
2,54.9615070144012,1.6382105122433495,-4.52290961181113,7.799330636297828,8
2,55.332868548282285,1.6458709795961337,-4.565208574210991,7.856950533403258,8
2,55.70423008216337,1.6210260988251277,-4.706311323008011,7.9483635206582655,8
2,56.07559161604446,1.6353269612723478,-4.619985750678315,7.890639673223011,8
2,56.44695314992555,1.7519170191791953,-4.362363731931255,7.866197770289647,8
2,56.81831468380664,1.6650662097160625,-4.362917931863411,7.693050351295536,8
2,57.18967621768773,1.7199445700168767,-4.325086088073499,7.764975228107254,8
2,57.56103775156882,1.7767242533084564,-4.439855101201345,7.993303607818258,8
2,57.932399285449904,1.909121960192824,-4.325441756707547,8.143685677093195,8
2,58.303760819330996,1.911486018972546,-4.270647157286434,8.093619195231526,8
2,58.67512235321209,2.003960910706904,-4.047519443864996,8.055441265278803,8
2,59.046483887093174,1.971142927255441,-4.280779149265847,8.223065003776728,8
2,59.41784542097427,1.9287752477542228,-4.2870312340565135,8.144581729564958,8
2,59.78920695485535,1.8367447662059664,-4.319447976405903,7.992937508817836,8
2,60.16056848873644,1.6297991878993685,-4.413029733391894,7.67262810919063,8
2,60.53193002261754,1.7793967656510377,-4.269239827190142,7.828033358492218,8
2,60.90329155649862,1.6366724365934708,-4.551373802471446,7.824718675658387,8
2,61.27465309037971,1.5653219444111526,-4.642448251744514,7.77309214056682,8
2,61.6460146242608,1.5500578135159735,-4.792103595966963,7.89221922299891,8
2,62.017376158141886,1.742846790715528,-4.586455061210538,8.072148642641594,8
2,62.38873769202297,1.738041723000142,-4.6715197511415365,8.14760319714182,8
2,62.76009922590407,1.7483215396617309,-4.662617914214774,8.159260993538236,8
2,63.131460759785156,1.811073382871897,-4.407505311430094,8.029652077173887,8
2,63.50282229366624,2.036318649955559,-4.131201818538836,8.203839118449954,8
2,63.874183827547334,2.0287762710713406,-3.9568821169666415,8.014434659109323,8
2,64.24554536142843,2.121706406980236,-3.8042520167726437,8.047664830733115,8
2,64.61690689530951,2.110107373606141,-3.8979046554607066,8.118119402672988,8
2,64.9882684291906,2.04719911337157,-3.8650694800632586,7.959467706806398,8
2,65.3596299630717,2.0085217688451382,-3.864981155338423,7.882024693028699,8
2,65.73099149695278,1.910868996586001,-3.7938074918019025,7.615545484973905,8
2,66.10235303083387,1.7686201871652631,-4.185683721615031,7.722924095945557,8
2,66.47371456471495,1.8403668112325917,-4.075082152156909,7.755815774622093,8
2,66.84507609859604,1.8092128331470119,-4.049542733820095,7.667968400114118,8
2,67.21643763247714,1.6223384492427273,-4.025343229564763,7.270020128050218,8
2,67.58779916635822,1.77895280784518,-4.017331546572544,7.575237162262905,8
2,67.95916070023931,1.613216120561311,-4.3277238814690895,7.554156122591711,8
2,68.33052223412041,1.6589869641554884,-4.297802995717715,7.615776924028692,8
2,68.7018837680015,1.7201580144052242,-4.206834660549306,7.647150689359754,8
2,69.07324530188258,1.5234748885676175,-4.116594512732501,7.163544289867737,8
2,69.44460683576368,1.6316435078772429,-4.23345269992833,7.496739715682816,8
2,69.81596836964476,1.6901122336167642,-4.19925904927815,7.5794835165116785,8
2,70.18732990352585,1.8158300254963335,-4.2129565922698795,7.844616643262546,8
2,70.55869143740694,1.8441777129567143,-4.237787478109837,7.926142904023266,8
2,70.93005297128802,2.0282530635822393,-4.328174703437978,8.384680830602456,8
2,71.30141450516912,2.0954921407806157,-4.334341776545179,8.52532605810641,8
2,71.6727760390502,2.1778421921854423,-4.383362864078107,8.739047248448992,8
2,72.04413757293129,2.2712571819892227,-4.405657984017381,8.948172347995826,8
2,72.41549910681239,1.9870615936650817,-4.623278070426817,8.597401257756982,8
2,72.78686064069348,1.9177717911502743,-4.738821498913962,8.574365081214511,8
2,73.15822217457456,2.170907867555826,-4.639686203519841,8.981501938631492,8
2,73.52958370845566,2.1008807076159206,-4.909131063613691,9.110892478845532,8
2,73.90094524233675,2.101003339589922,-4.91525223691531,9.117258916095153,8
2,74.27230677621783,2.0306272464790984,-5.0607480355766175,9.122002528534814,8
2,74.64366831009893,2.2346432534021625,-5.031133463660749,9.500419970465074,8
2,75.01502984398002,2.413747770796628,-5.060731543887014,9.88822708548027,8
2,75.3863913778611,2.428723706771813,-5.139643468465557,9.997090882009184,8
2,75.75775291174219,2.319353137971929,-5.363841249604311,10.00254752554817,8
2,76.12911444562327,2.3369188071627987,-5.388568323449897,10.062405937775495,8
2,76.50047597950436,2.3806790943737717,-5.13311936410285,9.894477552850393,8
2,76.87183751338546,2.2922375296520565,-5.2389690858507265,9.82344414515484,8
2,77.24319904726654,2.2524111305146777,-5.330544812125989,9.835367073155345,8
2,77.61456058114763,2.3730824300725866,-5.301811381805599,10.047976241950773,8
2,77.98592211502873,2.692788314661547,-5.042598966603022,10.428175595926117,8
2,78.35728364890981,2.812921595178091,-5.1127154978066525,10.738558688162835,8
2,78.7286451827909,2.878625820278306,-5.012189410038442,10.769441050595054,8
2,79.100006716672,2.905309032066374,-5.115563457480073,10.92618152161282,8
2,79.47136825055308,3.0069526788496552,-5.023656139778534,11.037561497477846,8
2,79.84272978443417,3.0071101663391575,-4.995532171379316,11.00975250405763,8
2,80.21409131831525,3.1639330872925644,-4.818140432789801,11.146006607374929,8
2,80.58545285219635,3.09066066991773,-4.945163806475479,11.126485146310939,8
2,80.95681438607744,3.2400362578129993,-4.854496990717752,11.334569506343751,8
2,81.32817591995853,3.2714581391695163,-4.817009553925619,11.35992583226465,8
2,81.69953745383961,3.428973291853291,-4.738233530442418,11.596180114149,8
2,82.07089898772071,3.141141816838061,-4.630557062148672,10.912840695824793,8
2,82.44226052160178,3.2543591542410097,-4.647605962942071,11.156324271424092,8
2,82.81362205548288,3.2763145539404923,-4.623713854817641,11.176342962698627,8
2,83.18498358936398,3.3360126157331873,-4.673693493722581,11.345718725188956,8
2,83.55634512324505,3.277517215798409,-4.434790370829868,10.989824802426686,8
2,83.92770665712615,3.354518563137832,-4.586995839272132,11.296032965547795,8
2,84.29906819100725,3.3870363146764486,-4.522634424547982,11.296707053900878,8
2,84.67042972488832,3.503074673611643,-4.477317156945308,11.483466504168595,8
2,85.04179125876942,3.6532970450872653,-4.370206974560126,11.676801064734658,8
2,85.41315279265051,3.6202975946762397,-4.3097619675584795,11.550357156910959,8
2,85.78451432653159,3.587246257423139,-4.3618306189508464,11.536323133797126,8
2,86.15587586041268,3.688730866119884,-4.331149714830624,11.708611447070393,8
2,86.52723739429378,3.5960494566109595,-4.587497331919559,11.779596245141478,8
2,86.89859892817486,3.6348156478933795,-4.526339634388782,11.79597093017554,8
2,87.26996046205595,3.7390792663046586,-4.556438113157851,12.034596645767168,8
2,87.64132199593705,3.7852273022442575,-4.677803749854968,12.248258354343482,8
2,88.01268352981812,3.8549723895207952,-4.730173589509161,12.440118368550753,8
2,88.38404506369922,3.7087145767988265,-4.797033704893018,12.21446285849067,8
2,88.75540659758032,3.7214800112531563,-4.7937432426596835,12.236703265165996,8
2,89.12676813146139,3.564534593403744,-4.840204269602392,11.96927345640988,8
2,89.49812966534249,3.5485206540229735,-4.949718252492484,12.04675956053843,8
2,89.86949119922359,3.5041994782717962,-5.01117683809433,12.019575794637923,8
2,90.24085273310466,3.4391270900567825,-5.114542486531375,11.99279666664494,8
2,90.61221426698576,3.545316620292087,-5.069065813690521,12.159699054274697,8
2,90.98357580086684,3.516077097261844,-5.242221327091128,12.274375521614816,8
2,91.35493733474793,3.5094737432099925,-5.2687028303443295,12.287650316764315,8
2,91.72629886862902,3.4558764196446212,-5.356103512063841,12.267856351353084,8
2,92.09766040251012,3.496953225449631,-5.385866320199175,12.379772771098438,8
2,92.4690219363912,3.5889194820976753,-5.414191634393451,12.592030598588803,8
2,92.84038347027229,3.546334597269723,-5.507016226957276,12.599685421496723,8
2,93.21174500415339,3.5605131910468186,-5.574202266359985,12.695228648453622,8
2,93.58310653803446,3.432147446123202,-5.683905496161327,12.548200388407732,8
2,93.95446807191556,3.403368202233948,-5.6663060729252015,12.473042477393097,8
2,94.32582960579666,3.3499605035462436,-5.733142279805346,12.433063286897834,8
2,94.69719113967773,3.364628136695184,-5.716214046363738,12.445470319754104,8
2,95.06855267355883,3.127655501675292,-5.92985533079457,12.185166334145155,8
2,95.43991420743991,3.140967251769891,-5.933244554121125,12.215179057660908,8
2,95.811275741321,3.147015063952881,-5.924933653362268,12.21896378126803,8
2,96.1826372752021,2.9988215580527924,-6.001614073968598,11.999257190074184,8
2,96.55399880908318,3.0829401009965567,-6.013323449022676,12.17920365101579,8
2,96.92536034296427,2.924461500968828,-6.169297587785286,12.018220589722942,8
2,97.29672187684535,2.869004284107657,-6.275341883742378,12.013350451957692,8
2,97.66808341072645,2.8203695199101064,-6.065112695448884,11.705851735269096,8
2,98.03944494460752,2.8528468416684656,-6.188594526610624,11.894288209947556,8
2,98.41080647848862,2.958910677216295,-6.048663918445053,11.966485272877643,8
2,98.78216801236972,2.960544655966988,-5.995242187403408,11.916331499337383,8
2,99.1535295462508,2.8552262483325115,-6.269245984180062,11.979698480845085,8
2,99.5248910801319,2.9408964702487754,-6.360190395929088,12.241983336426639,8
2,99.896252614013,2.912112624663216,-6.4646425595198185,12.28886780884625,8
2,100.26761414789407,3.0626218922773196,-6.40067420895113,12.525917993505768,8
2,100.63897568177516,3.256392641876876,-6.199266915964782,12.712052199718535,8
2,101.01033721565625,3.1132854682294626,-6.261622033237512,12.488192969696438,8
2,101.38169874953734,3.169562414870642,-6.224133476946092,12.563258306687375,8
2,101.75306028341844,3.1054606362595054,-6.303828593368393,12.514749865887403,8
2,102.12442181729952,3.162494804327927,-6.154954091771334,12.479943700427189,8
2,102.4957833511806,3.2779791040912976,-6.008011458629111,12.563969666811706,8
2,102.86714488506169,3.173054393241175,-6.12420004890695,12.4703088353893,8
2,103.23850641894279,2.999399926746638,-6.3520474035749155,12.350847257068192,8
2,103.60986795282386,3.125397468197688,-6.138203330786258,12.388998267181634,8
2,103.98122948670496,3.221269672679593,-5.998575270470164,12.44111461582935,8
2,104.35259102058606,3.1798343040793133,-6.0239528191981515,12.383621427356779,8
2,104.72395255446713,3.1705254175061395,-5.9634906352504355,12.304541470262714,8
2,105.09531408834823,3.3283686940739585,-5.782273734692074,12.439011122839991,8
2,105.46667562222933,3.399608835102672,-5.642600255927219,12.441817926132563,8
2,105.8380371561104,3.3756269828481726,-5.677319335847848,12.428573301544194,8
2,106.2093986899915,3.440351482673911,-5.5291746556673935,12.409877621015216,8
2,106.58076022387259,3.4968225191702365,-5.483099039620206,12.476744077960678,8
2,106.95212175775367,3.6465148467646045,-5.304720269767543,12.597749963296753,8
2,107.32348329163476,3.6476283685749333,-5.275991995948278,12.571248733098145,8
2,107.69484482551586,3.72057329521501,-5.091661380660916,12.532807971090936,8
2,108.06620635939694,3.8165423929954954,-4.980368902740377,12.613453688731369,8
2,108.43756789327803,3.608016417724984,-5.3089343139654215,12.52496714941539,8
2,108.80892942715913,3.6155716648366587,-5.317213723251322,12.54835705292464,8
2,109.1802909610402,3.719179859999551,-5.173858544125649,12.612218264124751,8
2,109.5516524949213,3.7522223256582357,-5.093307775877884,12.597752427194356,8
2,109.9230140288024,3.5722318202710457,-5.2754600866184695,12.419923727160562,8
2,110.29437556268347,3.5122248574570762,-5.392975272577576,12.417424987491728,8
2,110.66573709656457,3.6323001515281943,-5.2961662762471375,12.560766579303525,8
2,111.03709863044567,3.711683227295639,-5.145887207340955,12.569253661932233,8
2,111.40846016432674,3.595555606356115,-5.212058053676122,12.403169266388351,8
2,111.77982169820784,3.6278998835336482,-5.123652447570394,12.379452214637691,8
2,112.15118323208893,3.566587576226632,-5.230940107799484,12.364115260252749,8
2,112.52254476597001,3.656890643053133,-5.126824715481458,12.440606001587724,8
2,112.8939062998511,3.6516026114926383,-5.131945600465382,12.435150823450659,8
2,113.2652678337322,3.793044393410395,-5.106116003601163,12.692204790421954,8
2,113.63662936761328,3.7282340781594834,-5.435467450003459,12.891935606322425,8
2,114.00799090149437,3.8938521635334293,-5.257661485439018,13.045365812505876,8
2,114.37935243537547,3.8907340645413195,-5.2551424917827525,13.036610620865392,8
2,114.75071396925654,3.9428685476917886,-5.193967786599143,13.079704881982721,8
2,115.12207550313764,3.9789981021859635,-5.364321016218238,13.322317220590165,8
2,115.49343703701874,4.036746972079026,-5.436659496404955,13.510153440563007,8
2,115.86479857089981,4.11281828529884,-5.346157310934507,13.571793881532187,8
2,116.23616010478091,4.178667469553042,-5.285487435717868,13.64282237482395,8
2,116.60752163866199,4.3109231407630215,-5.223987510950812,13.845833792476855,8
2,116.97888317254308,4.00792264198717,-5.492353858508258,13.508199142482598,8
2,117.35024470642418,4.036139097213776,-5.4526468711630764,13.52492506559063,8
2,117.72160624030526,4.140731953357347,-5.347645069259404,13.629108975974098,8
2,118.09296777418635,4.336978542513885,-5.109802790914827,13.783759875942597,8
2,118.46432930806743,4.17374042849286,-5.628641052577847,13.976121909563567,8
2,118.83569084194853,4.474654497368726,-5.535824432312558,14.485133427050009,8
2,119.2070523758296,4.515619421424529,-5.446402311421205,14.477641154270263,8
2,119.5784139097107,4.559173018354718,-5.326157897317609,14.444503934027045,8
2,119.9497754435918,4.654249854765643,-5.179251945932899,14.487751655464185,8
2,120.32113697747288,4.883992802162194,-4.772235617985819,14.540221222310207,8
2,120.69249851135397,4.960791022016608,-4.739461125340455,14.66104316937367,8
2,121.06386004523507,4.990071044554998,-4.643691766667526,14.623833855777523,8
2,121.43522157911615,5.1059742475524335,-4.638819164365007,14.850767659469874,8
2,121.80658311299725,5.123624271735825,-4.652637796961948,14.8998863404336,8
2,122.17794464687833,5.141446429448445,-4.577040828771208,14.859933687668098,8
2,122.54930618075942,5.225953656956083,-4.499158314401139,14.951065628313305,8
2,122.92066771464052,5.249305294859781,-4.4062448218955765,14.904855411615138,8
2,123.2920292485216,5.244780328220865,-4.38242364643616,14.871984302877891,8
2,123.66339078240269,5.295328157113454,-4.096130865630423,14.686787179857332,8
2,124.03475231628377,5.263626118774605,-4.143647292984692,14.670899530533902,8
2,124.40611385016487,5.277723864858171,-4.0856296446190985,14.64107737433544,8
2,124.77747538404594,5.243085894211479,-4.125309007910511,14.611480796333469,8
2,125.14883691792704,5.202415865944359,-3.8362076540999874,14.241039385988707,8
2,125.52019845180814,5.248807971030242,-3.7760863697220337,14.273702311782518,8
2,125.89155998568921,5.3137127119575425,-3.719138026677406,14.346563450592491,8
2,126.26292151957031,5.33953529802101,-3.677075648192419,14.35614624423444,8
2,126.63428305345141,5.362974282462387,-3.7154598482467094,14.441408413171484,8
2,127.00564458733248,5.599751360153263,-3.559817045372247,14.759319765678773,8
2,127.37700612121358,5.669869043105429,-3.5765344719818035,14.916272558192661,8
2,127.74836765509467,5.723444555735625,-3.547402572786188,14.994291684257439,8
2,128.11972918897575,5.81316066829846,-3.4595163489465985,15.085837685543519,8
2,128.49109072285685,5.733343691481629,-3.2294636515615682,14.696151034524826,8
2,128.86245225673795,5.755075447599316,-3.2482198564866804,14.758370751685312,8
2,129.23381379061902,5.7052167421227535,-3.2298341278300873,14.640267612075593,8
2,129.60517532450012,5.879826740153163,-3.0760068429642295,14.835660323270556,8
2,129.9765368583812,6.059815696266657,-2.8088733469463563,14.92850473947967,8
2,130.3478983922623,5.968717246799798,-2.733301625912537,14.670736119512133,8
2,130.7192599261434,6.053130317880791,-2.562645071424763,14.668905707186346,8
2,131.09062146002447,6.18995987246639,-2.5090942208892377,14.889013965822016,8
2,131.46198299390556,6.262001967928364,-2.4488743222734746,14.972878258130201,8
2,131.83334452778664,6.272598733260875,-2.4418640043025306,14.98706147082428,8
2,132.20470606166774,6.402806772662508,-2.451065427882467,15.256678973207483,8
2,132.5760675955488,6.640475394789746,-2.329613515011383,15.610564304590875,8
2,132.9474291294299,6.709472889561078,-2.3409862639294206,15.759932043051577,8
2,133.318790663311,6.6505655688636995,-2.368624730830307,15.669755868557706,8
2,133.69015219719208,6.539820113243083,-2.1698591450777,15.249499371563866,8
2,134.06151373107318,6.565721697478118,-2.1112157956421456,15.242659190598381,8
2,134.43287526495428,6.640576548962809,-2.14431337110733,15.425466469032948,8
2,134.80423679883535,6.619010914553687,-2.2521541429426115,15.490175972049986,8
2,135.17559833271645,6.7189469775100275,-2.2968682878347586,15.734762242854814,8
2,135.54695986659755,6.9314144653132965,-2.1408878019720463,16.00371673259864,8
2,135.91832140047862,7.082411274186579,-2.062567285654624,16.227389834027782,8
2,136.28968293435972,7.094243390549112,-2.0806717028358435,16.269158483934067,8
2,136.66104446824082,7.172012702260238,-2.2546274079847137,16.59865281250519,8
2,137.0324060021219,7.357145837923653,-2.1531357503301596,16.867427426177464,8
2,137.403767536003,7.517324694420113,-2.0897610675413336,17.12441045638156,8
2,137.7751290698841,7.554381553261031,-2.0586950474310104,17.16745815395307,8
2,138.14649060376516,7.737010925238012,-1.9694311228093504,17.443452973285375,8
2,138.51785213764626,7.795319303861094,-2.1680158217585657,17.758654429480753,8
2,138.88921367152736,8.046684997090793,-2.1235190252240557,18.21688901940564,8
2,139.26057520540843,8.020711616955346,-2.132747617527235,18.17417085143793,8
2,139.63193673928953,8.162505349973541,-2.0292400230031227,18.354250722950205,8
2,140.00329827317063,8.246443704800498,-2.1887196076773616,18.68160701727836,8
2,140.3746598070517,8.291337268261886,-2.232596440067713,18.815270976591485,8
2,140.7460213409328,8.409477500905705,-2.2394554762271603,19.05841047803857,8
2,141.11738287481387,8.581592553630685,-2.132799121709912,19.29598422897128,8
2,141.48874440869497,8.675640150031947,-2.2452070267493536,19.596487326813246,8
2,141.86010594257604,8.673131325878277,-2.3380846444200305,19.684347296176583,8
2,142.23146747645714,8.780364391698788,-2.4185761735562075,19.979304956953783,8
2,142.60282901033824,9.005033957952582,-2.32698232004374,20.337050235948904,8
2,142.9741905442193,9.109431920272094,-2.353742904932533,20.57260674547672,8
2,143.3455520781004,9.072623409435508,-2.4443040060510803,20.589550824922096,8
2,143.7169136119815,8.890460445392549,-2.6869463627475962,20.467867253532695,8
2,144.08827514586258,8.825322617316354,-2.4876878042797603,20.13833303891247,8
2,144.45963667974368,8.828997216609114,-2.5771141932769464,20.235108626495176,8
2,144.83099821362478,8.800551418150084,-2.6469030877063027,20.24800592400647,8
2,145.20235974750585,8.848513500939248,-2.7850955742015184,20.482122576080016,8
2,145.57372128138695,8.967144673884196,-2.9139612231919276,20.848250570960317,8
2,145.94508281526805,9.0850402342367,-2.9634595146928007,21.1335399831662,8
2,146.31644434914912,9.090555124213996,-2.9650203148886938,21.146130563316685,8
2,146.68780588303022,9.0332127561337,-3.1422021028230667,21.208627615090467,8
2,147.05916741691132,8.89424336680269,-3.3069320192240994,21.09541875282948,8
2,147.4305289507924,8.915323639351627,-3.3057611228068637,21.136408401510117,8
2,147.8018904846735,8.89932278709052,-3.2465830513831815,21.04522862556422,8
2,148.1732520185546,8.935668583455874,-3.153435087679398,21.024772254591145,8
2,148.54461355243566,8.934840208815118,-3.1699344823076494,21.039614899937884,8
2,148.91597508631676,8.962879622270709,-3.1512214621331243,21.07698070667454,8
2,149.28733662019786,9.029581569675177,-3.055747162120312,21.114910301470665,8
2,149.65869815407893,9.124120254934045,-2.8349110737636565,21.083151583631746,8
2,150.03005968796003,9.279357938964193,-2.803473212363773,21.36218909029216,8
2,150.4014212218411,9.216866723784218,-2.9617346650551273,21.39546811262356,8
2,150.7727827557222,9.179289572032978,-3.0347926515952697,21.393371795661224,8
2,151.14414428960328,9.260500608614764,-2.8443044597258993,21.36530567695543,8
2,151.51550582348438,9.163983158714633,-3.090936831389211,21.418903148818476,8
2,151.88686735736547,9.263203940544877,-3.069957498009522,21.596365379099275,8
2,152.25822889124655,9.330178673712737,-3.0286421971824957,21.68899954460797,8
2,152.62959042512765,9.36206678808994,-2.7867984125857674,21.51093198876565,8
2,153.00095195900872,9.546579069462144,-2.7412037724059015,21.83436191133019,8
2,153.37231349288982,9.594131155248114,-2.761306709975555,21.949569020471785,8
2,153.74367502677092,9.704271538525566,-2.7361233704287944,22.144666447479928,8
2,154.115036560652,9.762314860158394,-2.5153579796025323,22.039987699919322,8
2,154.4863980945331,9.963746458280795,-2.41236308092399,22.33985599748558,8
2,154.8577596284142,9.972338867921062,-2.4697673470350754,22.4144450828772,8
2,155.22912116229526,10.06190943718373,-2.5145598682244703,22.63837874259193,8
2,155.60048269617636,10.349850838547347,-2.4307854055245404,23.130487082619233,8
2,155.97184423005746,10.328214568705052,-2.2423727874591997,22.898801924869304,8
2,156.34320576393853,10.336193991895925,-2.2560611520599476,22.9284491358518,8
2,156.71456729781963,10.396612597985904,-2.260364741331598,23.053589937303407,8
2,157.08592883170073,10.24137635740864,-2.5212469730903297,23.00399968790761,8
2,157.4572903655818,10.249259499601546,-2.3423554767276187,22.84087447593071,8
2,157.8286518994629,10.262665261740569,-2.402679116817474,22.92800964029861,8
2,158.200013433344,10.352603427790967,-2.3426049158436957,23.04781177142563,8
2,158.57137496722507,10.238492523020131,-2.707143463143071,23.18412850918333,8
2,158.94273650110617,10.196902717324793,-2.4987708102893436,22.89257624493893,8
2,159.31409803498727,10.215111451347955,-2.5013000439748048,22.931522946670714,8
2,159.68545956886834,10.264766079215018,-2.4731588639047217,23.00269102233476,8
2,160.05682110274944,10.500882941340958,-2.36557225253145,23.367338135213366,8
2,160.4281826366305,10.506585132764396,-2.3886400969490484,23.40181036247784,8
2,160.7995441705116,10.435635938503097,-2.425479845208688,23.296751722214882,8
2,161.1709057043927,10.553839803092274,-2.1762581541144286,23.283937760298976,8
2,161.54226723827378,10.628101116745649,-2.23705934173236,23.493261575223656,8
2,161.91362877215488,10.676807863509516,-2.2727728633601814,23.626388590379214,8
2,162.28499030603595,10.915499918718764,-2.2437823093162663,24.074782146753794,8
2,162.65635183991705,11.078611420382774,-2.1656158996174852,24.322838740383034,8
2,163.02771337379815,11.04007354138036,-2.151966562305697,24.23211364506642,8
2,163.39907490767922,11.070378193372502,-2.160571558633487,24.30132794537849,8
2,163.77043644156032,11.151093241471132,-2.1787948984929404,24.480981381435207,8
2,164.14179797544142,11.19870821147233,-2.267981251865397,24.665397674810055,8
2,164.5131595093225,11.44986329591104,-1.9691945815238512,24.86892117334593,8
2,164.88452104320356,11.512919129588592,-1.8748035762288016,24.900641835405985,8
2,165.2558825770847,11.57438937057056,-1.8359208644147476,24.984699605555868,8
2,165.62724411096576,11.344784680872433,-2.047242856649156,24.73681221839402,8
2,165.99860564484683,11.434866576222845,-2.0877321653717598,24.95746531781745,8
2,166.36996717872796,11.383050400147365,-2.2206488270735107,24.98674962736824,8
2,166.74132871260903,11.45535890216106,-2.204801897654118,25.115519701976236,8
2,167.1126902464901,11.288487848217265,-2.246410109085618,24.823385805520147,8
2,167.48405178037123,11.450288770371827,-2.405325097004493,25.305902637748147,8
2,167.8554133142523,11.601083707108035,-2.300234159770918,25.502401573986987,8
2,168.22677484813337,11.792890423457568,-2.1661645762700648,25.751945423185198,8
2,168.5981363820145,12.055298310661025,-1.9893958896351034,26.09999251095715,8
2,168.96949791589557,12.116258752562652,-2.1541082526598334,26.38662575778514,8
2,169.34085944977664,12.157642955181398,-2.2843613158346834,26.59964722619748,8
2,169.71222098365774,12.176689266121766,-2.3092910687723585,26.662669601015892,8
2,170.08358251753884,12.478780115287197,-2.0504797804347756,27.00804001100917,8
2,170.45494405141991,12.562367839685026,-2.033570792372622,27.158306471742673,8
2,170.82630558530101,12.489813907698917,-2.150270114928592,27.129897930326425,8
2,171.1976671191821,12.30278589015202,-2.570839077446859,27.1764108577509,8
2,171.56902865306319,12.339772369458418,-2.5615459416439244,27.24109068056076,8
2,171.94039018694428,12.441876326515453,-2.4696814217403027,27.353434074771208,8
2,172.31175172082536,12.618346748170897,-2.3208129079764515,27.557506404318246,8
2,172.68311325470646,12.864741645507726,-2.2159619472317704,27.945445238247224,8
2,173.05447478858756,13.200549709074679,-1.9052714226682692,28.306370840817628,8
2,173.42583632246863,13.44421632409404,-1.6619928876808086,28.55042553586889,8
2,173.79719785634973,13.520579000838987,-1.6189111898184834,28.660069191496458,8
2,174.16855939023083,13.630868023678255,-1.6211918411197637,28.882927888476274,8
2,174.5399209241119,13.507291736286746,-1.5370152137604318,28.551598686333925,8
2,174.91128245799297,13.636256929065585,-1.3812042618959293,28.6537181200271,8
2,175.2826439918741,13.631521094393893,-1.3747055365290617,28.63774772531685,8
2,175.65400552575517,13.910121885346845,-1.0904609979349562,28.910704768628648,8
2,176.02536705963624,13.709320520623548,-1.4420795546326932,28.86072059587979,8
2,176.39672859351737,13.678344601860971,-1.447406471562756,28.8040956752847,8
2,176.76809012739844,13.703517656188982,-1.4326372220762842,28.839672534454248,8
2,177.1394516612795,13.96425941126311,-1.1769192696466924,29.105438092172914,8
2,177.51081319516064,14.109622178566626,-0.8013410612172329,29.020585418350485,8
2,177.8821747290417,14.169917754887983,-0.6683878599532314,29.008223369729198,8
2,178.25353626292278,14.025466670140425,-0.8938553665596256,28.944788706840477,8
2,178.6248977968039,14.297826481870082,-0.5835057089010416,29.179158672641208,8
2,178.99625933068498,14.580731947840796,-0.3052672392883853,29.466731134969976,8
2,179.36762086456605,14.619651631840552,-0.40831605924572045,29.647619322926825,8
2,179.73898239844718,14.281204394235594,-0.7282913450420132,29.2907001335132,8
2,180.11034393232825,14.60108642176058,-0.4334935770682815,29.635666420589445,8
2,180.48170546620932,14.894028086200628,-0.14130310084963504,29.92935927325089,8
2,180.85306700009042,15.016222921397663,-0.22727491476983452,30.259720757565162,8
2,181.22442853397152,15.19117312604903,-0.12014631847320345,30.502492570571263,8
2,181.5957900678526,15.409505838379767,0.06484750019143704,30.754164176568096,8
2,181.9671516017337,15.784281634662698,0.43844696769488856,31.13011630163051,8
2,182.3385131356148,15.75280420211418,0.4152525599794341,31.090355844248926,8
2,182.70987466949586,15.79038048518662,0.2848149930906043,31.295945977282635,8
2,183.08123620337696,15.854154357404731,0.4591350243036736,31.24917369050579,8
2,183.45259773725803,16.02182789880758,0.6767651097884162,31.366890687826743,8
2,183.82395927113913,16.041594630348342,0.6455246227554206,31.437664637941264,8
2,184.19532080502023,16.047580492332337,0.5702413883363668,31.524919596328306,8
2,184.5666823389013,16.40654166101993,0.9165876233458654,31.896495698693993,8
2,184.9380438727824,16.392563027763327,1.0335899029175017,31.75153615260915,8
2,185.3094054066635,16.469257681926482,1.0975706644290852,31.84094469942388,8
2,185.68076694054457,16.764488799171456,1.476267586337915,32.052710012004994,8
2,186.05212847442564,16.765228281888575,1.1996145521116865,32.33084201166547,8
2,186.42349000830677,16.938205217036693,1.3113499876411687,32.56506044643221,8
2,186.79485154218784,16.950072933130905,1.2799507500191787,32.62019511624263,8
2,187.1662130760689,17.07354175696578,1.36704123927713,32.780042274654434,8
2,187.53757460995004,17.21060677221312,1.2041105937399088,33.217102950686325,8
2,187.9089361438311,17.092042837389034,1.193319110076711,32.99076656470136,8
2,188.28029767771218,17.141278364705098,1.2961646514204421,32.986392077989755,8
2,188.6516592115933,17.112870187231593,1.1431527366672452,33.08258763779594,8
2,189.02302074547438,17.464724487551933,1.4850209034861148,33.44442807161775,8
2,189.39438227935545,17.51327227539067,1.5219431302375401,33.5046014205438,8
2,189.76574381323658,17.53790725922978,1.7185375714431856,33.35727694701637,8
2,190.13710534711765,17.448001171281177,1.5531204645536185,33.34288187800874,8
2,190.50846688099872,17.83596267256308,1.9447572386217402,33.72716810650442,8
2,190.87982841487982,17.930898213630993,2.009056026177623,33.85274040108436,8
2,191.25118994876092,18.03148019095085,2.1608352237030957,33.90212515819861,8
2,191.622551482642,18.253869740773432,2.599641629568106,33.90809785197876,8
2,191.9939130165231,17.995515585967304,2.5068405860459464,33.48419058588866,8
2,192.3652745504042,18.039018638061144,2.567936293969032,33.510100982153254,8
2,192.73663608428527,18.130267818724512,2.6575748987241283,33.602960738724896,8
2,193.10799761816637,18.363002204929177,2.845719826699984,33.88028458315837,8
2,193.47935915204744,17.84324702278903,2.492101236359259,33.1943928092188,8
2,193.85072068592854,17.825175338482325,2.3280784891691564,33.32227218779549,8
2,194.22208221980964,17.804954477308932,2.300348977956334,33.30955997666153,8
2,194.5934437536907,17.93237424467535,2.422592751330143,33.44215573802056,8
2,194.9648052875718,17.67381534475187,2.1305723834877917,33.21705830601594,8
2,195.3361668214529,17.636643987651365,2.093421756940863,33.179866218361866,8
2,195.70752835533398,17.458995758754565,1.9514586419794142,32.966532875529715,8
2,196.07888988921505,17.605703366202476,2.103068298925301,33.10833843347965,8
2,196.45025142309618,17.53897733777254,1.9728342274198738,33.105120448125206,8
2,196.82161295697725,17.636931719977085,1.9355517564706162,33.33831168348355,8
2,197.19297449085832,17.662857532745107,2.040581901226533,33.285133164263684,8
2,197.56433602473945,17.47726838061103,1.8211953076370655,33.13334145358499,8
2,197.93569755862052,17.496572410514183,1.7890289971941584,33.20411582383421,8
2,198.3070590925016,17.514056129088864,1.6711552302810126,33.35695702789671,8
2,198.67842062638272,17.706433375564664,1.8862228550236093,33.52664389610572,8
2,199.0497821602638,17.628404234566766,1.8353854899701343,33.421422979163395,8
2,199.42114369414486,17.7049628388146,1.9648783615528895,33.445047316076305,8
2,199.792505228026,17.678880055929696,1.9976485734720733,33.360111538387315,8
2,200.16386676190706,17.56908375926201,1.720111273939004,33.41805624458502,8
2,200.53522829578813,17.734793949362437,1.879800988438344,33.589786910286534,8
2,200.90658982966926,17.89845426935211,2.0567883552689175,33.74012018343531,8
2,201.27795136355033,17.96579763941107,2.1012064448756984,33.83038883394644,8
2,201.6493128974314,18.16342541767209,2.2662223198817077,34.060628515462476,8
2,202.0206744313125,18.099966765837777,1.8887230311651493,34.311210500510406,8
2,202.3920359651936,18.0795377721849,1.9410032459419035,34.2180722984279,8
2,202.76339749907467,18.076026691846252,1.970323291489457,34.18173009220305,8
2,203.13475903295577,18.104085341788604,2.16252126440156,34.045649419175646,8
2,203.50612056683687,18.075398090438817,1.8646599446712884,34.286136236206346,8
2,203.87748210071794,18.1011380705732,1.858780302275683,34.343495838870716,8
2,204.24884363459904,18.046994496606445,1.809434096490353,34.28455489672254,8
2,204.6202051684801,18.221271140667824,2.0779461124066003,34.36459616892905,8
2,204.9915667023612,18.20361450211273,2.147407762525937,34.25982124169952,8
2,205.3629282362423,18.067597698340972,1.863820301986646,34.2713750946953,8
2,205.73428977012338,17.96969716524781,1.6677181114038824,34.27167621909173,8
2,206.10565130400448,17.939666087561022,1.755212087232863,34.12412008788918,8
2,206.47701283788558,17.98793007955432,1.8265342482804208,34.149325910828225,8
2,206.84837437176665,17.900710368300807,1.7320103650154302,34.06941037158619,8
2,207.21973590564772,17.732128589559032,1.4835601002680683,33.98069707885,8
2,207.59109743952885,17.71082049010877,1.4619871988848807,33.95965378133266,8
2,207.96245897340992,17.647830217059937,1.487159224792343,33.80850120932753,8
2,208.333820507291,17.605831406327972,1.4443838206495627,33.76727899200638,8
2,208.70518204117212,17.64723874973062,1.5405855955039378,33.753891903957296,8
2,209.0765435750532,17.423023124036554,1.1439522662522101,33.702093981820894,8
2,209.44790510893426,17.409983741743368,1.238251607003317,33.581715876483415,8
2,209.8192666428154,17.366155585823222,1.218707981544643,33.513603190101804,8
2,210.19062817669646,17.362996282822742,1.3012734185782904,33.424719147067194,8
2,210.56198971057754,17.249830120992186,1.0629299120314748,33.436730329952894,8
2,210.93335124445866,17.202613333500402,0.9822001788058081,33.42302648819499,8
2,211.30471277833973,17.399253706011752,0.8861763929065916,33.91233101911691,8
2,211.6760743122208,17.360108631150286,0.9369778882351909,33.78323937406538,8
2,212.0474358461019,17.434845728951665,1.0355019060435318,33.834189551859794,8
2,212.418797379983,17.30474313266564,0.7736685431437884,33.835817722187485,8
2,212.79015891386408,17.216919762956852,0.6694502606866308,33.764389265227074,8
2,213.16152044774518,17.218988963921618,0.7367562160956638,33.70122171174757,8
2,213.53288198162628,17.110616192468143,0.680944773487191,33.540287611449095,8
2,213.90424351550735,17.027959118897243,0.5152230832270099,33.54069515456747,8
2,214.27560504938845,17.023550923302764,0.45685507940851977,33.59024676719701,8
2,214.64696658326952,16.906405295177603,0.437294658490714,33.37551593186449,8
2,215.01832811715062,17.046395787176248,0.5586543014740109,33.53413727287848,8
2,215.38968965103172,17.074720360065985,0.5439210819193825,33.605519638212584,8
2,215.7610511849128,17.127579418163386,0.538727260529356,33.716431575797415,8
2,216.1324127187939,17.29605409698687,0.5343682431710306,34.05773995080271,8
2,216.503774252675,17.229277542202084,0.6569671391658325,33.80158794523834,8
2,216.87513578655606,17.346134750480772,0.7285271767193429,33.963742324242205,8
2,217.24649732043713,17.345472272162212,0.7225963314691981,33.968348212855226,8
2,217.61785885431826,17.44770594447711,0.7316566180464505,34.16375527090777,8
2,217.98922038819933,17.40950345078905,0.7503678955587318,34.06863900601937,8
2,218.3605819220804,17.310850078669873,0.7157535927415992,33.905946564598146,8
2,218.73194345596153,17.45849254532416,0.8888816683114378,34.02810342233688,8
2,219.1033049898426,17.384627991991152,0.6987730686337876,34.07048291534852,8
2,219.47466652372367,17.357101737731266,0.7443739990219242,33.96982947644061,8
2,219.8460280576048,17.380918464803564,0.7948066778816205,33.967030251725504,8
2,220.21738959148587,17.495841960745267,0.8407293003061369,34.1509546211844,8
2,220.58875112536694,17.383864162150687,0.9357062380342889,33.83202208626709,8
2,220.96011265924807,17.32519359152366,0.7146896537834238,33.9356975292639,8
2,221.33147419312914,17.365326172802675,0.8060444748019506,33.9246078708034,8
2,221.7028357270102,17.400144933407454,0.7290005647597724,34.071289302055135,8
2,222.07419726089134,17.663326817019026,0.9391472253909399,34.38750640864711,8
2,222.4455587947724,17.41985346944888,0.7713933692253967,34.06831356967237,8
2,222.81692032865348,17.314662471570077,0.6688921248500215,33.96043281829013,8
2,223.18828186253458,17.31905349914527,0.560727513606107,34.07737948468443,8
2,223.55964339641568,17.526833679207495,0.6813188423916365,34.37234851602335,8
2,223.93100493029675,17.342521134849605,0.537695737644011,34.147346532055195,8
2,224.30236646417785,17.392154574981717,0.6026582963367559,34.18165085362668,8
2,224.67372799805895,17.19847114989104,0.28695760008029936,34.10998469970178,8
2,225.04508953194002,17.393462403258575,0.4384383401201326,34.34848646639702,8
2,225.41645106582112,17.508711388352165,0.5707165917615065,34.446706184942826,8
2,225.7878125997022,17.660327329758488,0.6773558888434721,34.6432987706735,8
2,226.1591741335833,17.99761405727047,0.99442965910238,35.00079845543856,8
2,226.5305356674644,18.10547615471146,1.207385654416779,35.00356665500614,8
2,226.90189720134546,18.23205585082276,1.3816083314617202,35.0825033701838,8
2,227.27325873522656,18.271020490140874,1.4017246304314348,35.14031634985031,8
2,227.64462026910766,18.397669915485146,1.6285610082572042,35.166778822713084,8
2,228.01598180298873,18.75388993560213,1.9649886874163691,35.542791183787884,8
2,228.3873433368698,18.86335113161877,1.9357330606378724,35.79096920259967,8
2,228.75870487075093,18.86862648055024,1.9013693164829064,35.835883644617574,8
2,229.130066404632,19.02892898288658,2.122325306887909,35.93553265888525,8
2,229.50142793851307,19.019146008705185,2.3014005550311403,35.73689146237923,8
2,229.8727894723942,18.939289842159774,2.187494499316845,35.691085185002706,8
2,230.24415100627527,18.774133142818123,2.0453117024974965,35.502954583138745,8
2,230.61551254015635,19.026697811600904,2.334182319020755,35.719213304181054,8
2,230.98687407403747,19.092250015428448,2.6112913611747075,35.57320866968219,8
2,231.35823560791854,19.14800163827967,2.6998188885249412,35.5961843880344,8
2,231.72959714179962,19.224395979126875,2.8619167727128563,35.58687518554089,8
2,232.10095867568074,19.140743589050263,3.0842152861160237,35.1972718919845,8
2,232.47232020956181,19.09270047970983,2.9376874996264775,35.24771345979318,8
2,232.8436817434429,19.08406949066672,3.0087974848843793,35.15934149644906,8
2,233.21504327732399,19.165662535430023,3.1667127932075836,35.164612277652466,8
2,233.58640481120509,19.26512122545403,3.558395694127954,34.97184675678011,8
2,233.95776634508616,19.491728214628722,3.82097963292256,35.162476796334886,8
2,234.32912787896726,19.60393032731694,3.9516011323342983,35.25625952229959,8
2,234.70048941284836,19.80455697832185,4.275255690544439,35.333858266099256,8
2,235.07185094672943,20.014725034241756,4.592160843751625,35.437289224731884,8
2,235.44321248061053,20.02696840863045,4.7828185184552865,35.27111829880561,8
2,235.8145740144916,20.058561142360347,4.883572473025874,35.23354981169482,8
2,236.1859355483727,20.205479707281903,5.245289436948154,35.16566997761565,8
2,236.5572970822538,20.288700179021344,5.500261943046004,35.07713841499668,8
2,236.92865861613487,20.33550509469932,5.575399985523211,35.09561020387543,8
2,237.30002015001597,20.31675330224033,5.57791858435904,35.05558802012162,8
2,237.67138168389707,20.17894733147246,5.152214199604739,35.20568046334019,8
2,238.04274321777814,20.35785714775,5.330473114909301,35.3852411805907,8
2,238.4141047516592,20.491028961689743,5.433688791576376,35.54836913180311,8
2,238.78546628554034,20.532146671561254,5.469648630437247,35.59464471268526,8
2,239.1568278194214,20.53579409537793,5.765225841622415,35.306362349133444,8
2,239.52818935330248,20.68479148131431,5.8163794563439595,35.55320350628466,8
2,239.8995508871836,20.948016533879624,6.05095735694683,35.84507571081242,8
2,240.27091242106468,20.95362559209483,6.054267687958868,35.85298349623079,8
2,240.64227395494575,21.05533326440112,6.09913062833864,36.0115359004636,8
2,241.01363548882688,21.03943358350884,6.013956246065874,36.0649109209518,8
2,241.38499702270795,20.931703341890262,5.984072629599149,35.87933405418138,8
2,241.75635855658902,21.057533540818714,6.279958752110364,35.83510832952706,8
2,242.12772009047015,21.233040700445784,6.555441279820798,35.91064012107077,8
2,242.49908162435122,21.280700016323323,6.646519167062879,35.91488086558377,8
2,242.8704431582323,21.260084889083835,6.603477235574619,35.916692542593054,8
2,243.24180469211342,21.16166975462977,6.405429500629866,35.917910008629676,8
2,243.6131662259945,21.057693285462555,6.204667047490172,35.910719523434935,8
2,243.98452775987556,21.194539272940602,6.277301889000736,36.111776656880465,8
2,244.35588929375666,21.21592920236827,6.297721185807669,36.13413721892887,8
2,244.72725082763776,21.402476690156885,6.476989678176519,36.327963702137254,8
2,245.09861236151883,21.310009128448087,6.247561824072903,36.37245643282327,8
2,245.46997389539993,21.35230572604884,6.056611741991107,36.647999710106575,8
2,245.84133542928103,21.40321449468012,6.1564800068252,36.649948982535044,8
2,246.2126969631621,21.544834488533056,6.384260961989078,36.70540801507703,8
2,246.5840584970432,21.60425666204027,6.681194995876778,36.52731832820376,8
2,246.95542003092427,21.68021746609638,6.856907476052051,36.50352745614071,8
2,247.32678156480537,21.79739946854697,7.122099967345886,36.47269896974805,8
2,247.69814309868647,21.67828042019451,7.156829527953127,36.199731312435894,8
2,248.06950463256754,21.984509206026285,7.468302020362474,36.5007163916901,8
2,248.44086616644861,21.902278102887497,7.153266282000724,36.65128992377427,8
2,248.81222770032974,21.836811018385,7.100416368835173,36.57320566793483,8
2,249.1835892342108,21.685215801505343,6.92162363814265,36.44880796486804,8
2,249.55495076809189,21.794571284976765,7.057205774010026,36.53193679594351,8
2,249.926312301973,22.099785201968988,7.3951889828034965,36.80438142113448,8
2,250.29767383585408,21.985362536246853,7.184176259199726,36.78654881329398,8
2,250.66903536973516,21.96521934274392,7.083354625136666,36.84708406035118,8
2,251.04039690361628,22.05143269684755,7.406139943947483,36.69672544974762,8
2,251.41175843749735,22.120560714067,7.550569379884706,36.690552048249295,8
2,251.78311997137843,22.075760984726024,7.606145441409975,36.54537652804207,8
2,252.15448150525955,22.18549652038164,7.521522086282404,36.84947095448088,8
2,252.52584303914063,22.374998525866346,7.6802824493201935,37.069714602412496,8
2,252.8972045730217,22.26788946788054,7.743529489652611,36.79224944610847,8
2,253.26856610690282,22.41696939483099,7.9340685009028515,36.899870288759125,8
2,253.6399276407839,22.654117107033525,8.082679722912983,37.225554491154064,8
2,254.01128917466497,22.529322389359987,7.949293276974286,37.109351501745685,8
2,254.38265070854607,22.560728847447553,7.968678070094683,37.152779624800424,8
2,254.75401224242717,22.751877208269356,8.034774863735139,37.468979552803575,8
2,255.12537377630824,23.007414536920084,8.125237828425512,37.88959124541466,8
2,255.49673531018934,22.966029847274424,7.757448085517064,38.174611609031786,8
2,255.86809684407044,22.841793575877915,7.665790197101671,38.01779695465416,8
2,256.2394583779515,22.85567246235678,7.602816690556271,38.10852823415729,8
2,256.6108199118326,22.653441232659194,7.810203409243293,37.496679056075095,8
2,256.9821814457137,22.659773528260725,7.581490657251145,37.738056399270306,8
2,257.35354297959475,22.603778876770832,7.40552823278202,37.802029520759646,8
2,257.7249045134759,22.582875401846593,7.295033365065461,37.87071743862772,8
2,258.09626604735695,22.758160047137885,7.442358955444787,38.07396113883098,8
2,258.46762758123805,22.71437727760757,7.547890722147136,37.880863833068005,8
2,258.83898911511915,22.704756136635083,7.6835358248396055,37.72597644843056,8
2,259.21035064900025,22.553032817012497,7.572926769013575,37.533138865011416,8
2,259.5817121828813,22.665358808238082,7.642060884140827,37.68865673233534,8
2,259.9530737167624,22.768773996354255,7.795368940719355,37.742179051989154,8
2,260.3244352506435,22.7626167276185,7.817049599533746,37.708183855703254,8
2,260.6957967845246,22.711910014835595,7.9149380523591635,37.50888197731203,8
2,261.0671583184057,22.87364259173233,8.019797975584751,37.72748720787991,8
2,261.4385198522868,22.985914992281966,8.152354583019827,37.8194754015441,8
2,261.80988138616783,23.019046153015008,8.19298941003662,37.84510289599339,8
2,262.18124292004893,22.89314415062954,8.283522101315555,37.50276619994352,8
2,262.55260445393003,23.076294015931175,8.438811560285439,37.713776471576914,8
2,262.92396598781113,23.122321069923654,8.459860062600853,37.784782077246454,8
2,263.29532752169223,23.154123005533037,8.49112277720666,37.81712323385941,8
2,263.6666890555733,23.377273507039277,8.8000037102751,37.954543303803455,8
2,264.0380505894544,23.47215755759562,8.68349374777303,38.26082136741821,8
2,264.40941212333547,23.614497836810592,8.812967260205701,38.41602841341548,8
2,264.78077365721657,23.602804093112425,8.733341839508805,38.47226634671605,8
2,265.1521351910976,23.774750862358292,8.905200705517942,38.64430101919864,8
2,265.52349672497877,24.00610127516719,9.216737326058869,38.79546522427551,8
2,265.8948582588598,23.856498494487518,8.895890236757548,38.817106752217484,8
2,266.2662197927409,23.794116243127746,8.810167440662498,38.778065045592996,8
2,266.637581326622,23.861803057500243,8.81435826759181,38.90924784740868,8
2,267.0089428605031,23.96183510404697,8.965577464465452,38.958092743628484,8
2,267.38030439438415,23.7080221502651,8.69319073898198,38.72285356154822,8
2,267.7516659282653,23.514123547339615,8.474285188922321,38.55396190575691,8
2,268.12302746214635,23.567886506325067,8.48074761050242,38.655025402147714,8
2,268.49438899602745,23.690686806324344,8.640898211411768,38.74047540123692,8
2,268.86575052990855,23.505247096617868,8.401660735510104,38.60883345772563,8
2,269.23711206378965,23.273549203623595,8.17965546747788,38.36744293976931,8
2,269.6084735976707,23.2526979193368,8.171874387725078,38.333521450948524,8
2,269.9798351315518,23.383752778883302,8.323645398657192,38.44386015910941,8
2,270.3511966654329,23.37085601786086,8.320395216889391,38.421316818832324,8
2,270.722558199314,23.382423577149417,8.299063760155509,38.46578339414333,8
2,271.0939197331951,22.941203298964602,7.837720536839669,38.044686061089536,8
2,271.4652812670762,23.04408638409099,7.974056387899752,38.114116380282226,8
2,271.83664280095724,23.06549185050271,8.00886321531189,38.12212048569353,8
2,272.20800433483834,23.178657636411074,8.150006832344634,38.20730844047752,8
2,272.57936586871944,23.191517420172612,8.630138844617413,37.75289599572781,8
2,272.95072740260053,23.19626633681475,8.675496931801138,37.71703574182837,8
2,273.32208893648163,23.19177107128647,8.669295881092225,37.71424626148072,8
2,273.6934504703627,23.360662556922964,8.829521540542778,37.89180357330315,8
2,274.0648120042438,23.28876424106734,9.008281115798818,37.569247366335865,8
2,274.4361735381249,23.203476648386808,9.062999143871576,37.34395415290204,8
2,274.807535072006,23.113041902579912,8.985297937328767,37.24078586783106,8
2,275.178896605887,23.23907972301196,9.122074682438988,37.35608476358493,8
2,275.5502581397682,23.245818897378204,9.281726398516508,37.2099113962399,8
2,275.9216196736492,23.10869661314206,8.956455596975072,37.260937629309055,8
2,276.2929812075303,23.179062467677113,8.927444405647439,37.43068052970679,8
2,276.6643427414114,23.174362320948788,8.951339761703478,37.397384880194096,8
2,277.0357042752925,23.43459851912195,9.152794369372785,37.71640266887111,8
2,277.40706580917356,23.453914106557953,9.009504478321896,37.89832373479401,8
2,277.7784273430547,23.655944505621655,9.511449942272195,37.800439068971116,8
2,278.14978887693576,23.363445615241083,9.150962839128333,37.575928391353834,8
2,278.52115041081686,23.560244636014787,9.345297231012115,37.77519204101746,8
2,278.89251194469796,23.568545261667484,9.401085228832217,37.73600529450275,8
2,279.26387347857906,23.520127865531983,9.503481286254152,37.536774444809815,8
2,279.6352350124601,23.115020109066048,8.89837441020148,37.33166580793062,8
2,280.00659654634126,23.22241090818284,9.021254582602868,37.42356723376281,8
2,280.3779580802223,23.323277879347813,9.165661913063426,37.4808938456322,8
2,280.7493196141034,23.425317731318735,9.215622836693488,37.635012625943986,8
2,281.1206811479845,23.31087991993204,9.289084487448486,37.3326753524156,8
2,281.4920426818656,23.14107892724714,9.138132348262769,37.144025506231515,8
2,281.86340421574664,23.27026685298528,9.33730760817437,37.20322609779619,8
2,282.23476574962774,23.32406776875066,9.275034599728926,37.37310093777239,8
2,282.60612728350884,23.417900060441994,9.361799253296999,37.47400086758699,8
2,282.97748881738994,23.505994445219862,9.608911309195403,37.40307758124432,8
2,283.34885035127104,23.5015835298143,9.59909542614195,37.40407163348665,8
2,283.7202118851521,23.483482342690603,9.488332086019716,37.47863259936149,8
2,284.0915734190332,23.742502921186787,9.64054576225956,37.84446008011402,8
2,284.4629349529143,23.67901993105838,9.60763115263991,37.75040870947685,8
2,284.8342964867954,23.662684075165124,9.667087830105789,37.65828032022446,8
2,285.2056580206765,23.600767461612243,9.54650658795596,37.655028335268526,8
2,285.5770195545576,23.88183110285095,9.728795714975156,38.03486649072674,8
2,285.9483810884386,24.00529171498431,9.82481701166448,38.18576641830414,8
2,286.3197426223198,24.033232805081777,9.82717973476509,38.239285875398465,8
2,286.6911041562008,24.2340565774457,9.983658726789987,38.484454428101415,8
2,287.0624656900819,24.241872642155442,9.893990884964088,38.589754399346795,8
2,287.433827223963,24.228691171971168,10.150755339141012,38.30662700480132,8
2,287.8051887578441,24.189946718522506,10.101642253641852,38.27825118340316,8
2,288.17655029172516,24.124510523824117,10.155286799146673,38.09373424850156,8
2,288.54791182560626,24.133313001443135,10.103408446941206,38.16321755594507,8
2,288.91927335948736,24.250646344284775,10.296681500789946,38.204611187779605,8
2,289.29063489336846,24.235464342363464,10.281620802019358,38.18930788270757,8
2,289.66199642724956,24.135824104650617,10.378207698722848,37.89344051057839,8
2,290.03335796113066,24.11168327826345,10.37429523746423,37.849071319062666,8
2,290.4047194950117,23.946135930463658,10.032893123710357,37.85937873721696,8
2,290.7760810288928,23.896429779650244,9.946065502668588,37.8467940566319,8
2,291.1474425627739,23.899540481004323,10.101589378084979,37.697491583923664,8
2,291.518804096655,23.80420256011428,10.074839568375355,37.53356555185321,8
2,291.8901656305361,23.737833152887433,9.882738740951536,37.59292756482333,8
2,292.26152716441715,23.62087541171475,9.609884646650917,37.63186617677858,8
2,292.63288869829825,23.742153155201983,9.643140167928623,37.841166142475345,8
2,293.00425023217934,23.61936125480294,9.813147813008886,37.425574696596996,8
2,293.37561176606044,23.602741825570263,9.820152454671133,37.385331196469394,8
2,293.7469732999415,23.65395533886695,9.94796349926921,37.359947178464694,8
2,294.11833483382264,23.802487260705398,10.10484838706301,37.50012613434779,8
2,294.4896963677037,23.86301524253543,10.444026718560108,37.28200376651075,8
2,294.8610579015848,23.822165047914083,10.50747886074586,37.136851235082304,8
2,295.2324194354659,23.831804410385573,10.537454474272304,37.12615434649884,8
2,295.603780969347,24.00834513852871,10.673631921452277,37.343058355605145,8
2,295.975142503228,23.865486632071786,10.315843844733514,37.41512941941006,8
2,296.3465040371092,23.804583163815504,10.225590176840976,37.383576150790034,8
2,296.7178655709902,23.8120385159943,10.055712399782186,37.56836463220641,8
2,297.0892271048713,23.938085358604305,10.128285235241941,37.74788548196667,8
2,297.4605886387524,23.991107181141253,10.09196129330633,37.89025306897618,8
2,297.8319501726335,23.944500456103537,10.000721419665123,37.888279492541955,8
2,298.20331170651457,23.856519619713787,9.836743857125903,37.87629538230167,8
2,298.5746732403957,23.824703986625728,10.045719173845766,37.60368879940569,8
2,298.94603477427677,23.93884748043454,10.125183354437853,37.75251160643123,8
2,299.31739630815787,24.02151189979637,10.258890481113827,37.78413331847891,8
2,299.68875784203897,24.049835928438206,10.253407742445864,37.84626411443055,8
2.5,0.0,0.0,0.0,0.0,8
2.5,0.37136153388108917,0.015824432978130805,-0.07287643130004637,0.10452529725630799,8
2.5,0.7427230677621783,0.07125908301828389,-0.10269165280082586,0.24520981883739362,8
2.5,1.1140846016432675,0.2083926651672488,-0.2493462911940607,0.6661316215285583,8
2.5,1.4854461355243567,-0.05154152077357332,-0.6057498838179802,0.5026668422708336,8
2.5,1.8568076694054458,-0.10204354114333351,-0.6652492313700046,0.4611621490833376,8
2.5,2.228169203286535,-0.0758145094324073,-0.6485020524078986,0.496873033543084,8
2.5,2.5995307371676244,-0.12040121935387654,-0.5285827221055177,0.2877802833977646,8
2.5,2.9708922710487133,-0.11887233178801412,-0.7097968522536522,0.4720521886776239,8
2.5,3.3422538049298023,-0.088159672934254,-0.8256090185127158,0.6492896726442079,8
2.5,3.7136153388108917,-0.12344852172116959,-0.9205933891794138,0.6736963457370746,8
2.5,4.084976872691981,-0.12813533307658284,-0.8277220860919966,0.5714514199388309,8
2.5,4.45633840657307,-0.14669166061748184,-0.9386424375636689,0.6452591163287053,8
2.5,4.827699940454159,-0.19585349785057457,-1.0075695563519247,0.6158625606507755,8
2.5,5.199061474335249,-0.4310050524379516,-1.179507408394601,0.31749730351869787,8
2.5,5.570423008216337,-0.16048016280505495,-1.0164512556750904,0.6954909300649806,8
2.5,5.941784542097427,-0.10483649126972477,-1.1711691515716627,0.961496169032213,8
2.5,6.313146075978516,-0.12060265478931728,-1.2253668836420903,0.9841615740634557,8
2.5,6.684507609859605,-0.12637670626897074,-1.3472017567897843,1.094448344251843,8
2.5,7.0558691437406935,-0.274144188019524,-1.5126323524929415,0.9643439764538936,8
2.5,7.427230677621783,-0.24394412015869293,-1.2105545580408583,0.7226663177234725,8
2.5,7.798592211502871,-0.224957740247953,-1.1767905415736548,0.7268750610777487,8
2.5,8.169953745383962,-0.08397621616080791,-1.0855220484966932,0.9175696161750773,8
2.5,8.541315279265051,-0.3161633585767328,-1.542681904212223,0.9103551870587576,8
2.5,8.91267681314614,-0.4461508924570806,-1.3960781376512608,0.5037763527370996,8
2.5,9.284038347027229,-0.4654466595899386,-1.3956184779386187,0.46472515875874154,8
2.5,9.655399880908318,-0.2772298519273897,-1.1921010459210502,0.6376413420662709,8
2.5,10.026761414789407,-0.24482626216719341,-1.256108098754375,0.766455574419988,8
2.5,10.398122948670498,-0.49240256265600457,-1.5645577457750521,0.5797526204630431,8
2.5,10.769484482551585,-0.5736363142390185,-1.726604044904302,0.5793314164262652,8
2.5,11.140846016432674,-0.6314036817853235,-1.517711766822569,0.2549044032519221,8
2.5,11.512207550313764,-0.4962112979224331,-1.4450811100571848,0.4526585142123184,8
2.5,11.883569084194853,-0.6244872304752858,-1.5936286418123196,0.34465418086174815,8
2.5,12.25493061807594,-0.6835290362135089,-1.6965717089632981,0.3295136365362803,8
2.5,12.626292151957031,-0.9895480992621957,-1.8145480913139556,-0.16454810721043578,8
2.5,12.99765368583812,-0.785848724807058,-1.679132367355339,0.10743491774122316,8
2.5,13.36901521971921,-0.78407167586439,-1.679625011261799,0.11148165953301903,8
2.5,13.7403767536003,-0.5470382159522951,-1.5677401970193907,0.4736637651148006,8
2.5,14.111738287481387,-0.678522648873852,-1.8829498999312126,0.5259046021835085,8
2.5,14.483099821362476,-0.3633796743755602,-1.689078626073516,0.9623192773223956,8
2.5,14.854461355243567,-0.3006508003313756,-1.6757450545678632,1.0744434539051122,8
2.5,15.225822889124656,-0.08274381950119047,-1.487730660142093,1.322243021139712,8
2.5,15.597184423005743,0.26166525084790937,-1.2090803160108874,1.7324108177067061,8
2.5,15.968545956886834,0.28231890510369273,-1.596582312818648,2.1612201230260335,8
2.5,16.339907490767924,0.37006459122385027,-1.5611911516558985,2.301320334103599,8
2.5,16.71126902464901,0.5376132640053357,-1.4574331339919944,2.532659662002666,8
2.5,17.082630558530102,0.8431511216457361,-1.248915898964113,2.935218142255585,8
2.5,17.45399209241119,0.6521601963444819,-1.8432801028295467,3.1476004955185104,8
2.5,17.82535362629228,0.6445748955256405,-1.9113254670413344,3.2004752580926157,8
2.5,18.19671516017337,0.8573923001178094,-1.8706645298019888,3.585449130037608,8
2.5,18.568076694054458,1.1696089669883563,-1.6357690765782689,3.9749870105549814,8
2.5,18.939438227935547,1.3694729268572554,-1.5982793131412918,4.337225166855802,8
2.5,19.310799761816636,1.6835961754696245,-1.3465543720572042,4.713746722996453,8
2.5,19.682161295697725,1.9205648565858868,-1.1144888529021202,4.955618566073894,8
2.5,20.053522829578814,2.221704555923378,-0.8845707260141031,5.327979837860859,8
2.5,20.424884363459903,2.2116919727791013,-0.9303946102406511,5.353778555798854,8
2.5,20.796245897340995,2.2559018571535887,-0.8817853486787297,5.393589062985907,8
2.5,21.16760743122208,1.8048234093381832,-1.5995132891718908,5.209160107848257,8
2.5,21.53896896510317,2.047486274897994,-1.3811339017337336,5.476106451529722,8
2.5,21.910330498984262,2.1186015173107164,-1.2871112294305136,5.524314264051947,8
2.5,22.281692032865347,2.3936215240346175,-1.3561850035600966,6.143428051629332,8
2.5,22.65305356674644,2.2581904374232127,-1.8324740664694628,6.348854941315889,8
2.5,23.02441510062753,2.4276407023756135,-1.8101826860315477,6.665464090782775,8
2.5,23.395776634508614,2.5403837288175524,-1.704449596247211,6.785217053882316,8
2.5,23.767138168389707,2.6444279678949623,-1.6493488237811804,6.938204759571105,8
2.5,24.138499702270796,2.7438406341404646,-1.4639970559104412,6.95167832419137,8
2.5,24.50986123615188,2.9941612509125903,-1.1263150063649983,7.114637508190179,8
2.5,24.881222770032974,3.194801036268226,-0.9061221565314974,7.29572422906795,8
2.5,25.252584303914063,3.2937970036196424,-0.8446047422353513,7.432198749474637,8
2.5,25.62394583779515,3.394192911570557,-0.49561104757773267,7.2839968707188465,8
2.5,25.99530737167624,3.1959793583455496,-0.6098905027026142,7.001849219393714,8
2.5,26.366668905557333,3.161234427607058,-0.7015500349961896,7.024018890210305,8
2.5,26.73803043943842,3.166260411053043,-0.7681735124930991,7.100694334599185,8
2.5,27.109391973319507,3.4408184011629026,-0.5892937849198563,7.470930587245661,8
2.5,27.4807535072006,3.503158390705872,-0.7654855606917561,7.7718023421035,8
2.5,27.852115041081685,3.560092199279353,-0.8116054634169281,7.931789861975634,8
2.5,28.223476574962774,3.514811152427555,-0.9018603738633786,7.931482678718488,8
2.5,28.594838108843867,3.803956702432156,-0.7241699214943362,8.332083326358648,8
2.5,28.966199642724952,3.938876670302108,-0.7239524085592541,8.60170574916347,8
2.5,29.337561176606044,3.8404497435768157,-0.8967735828919174,8.577673070045549,8
2.5,29.708922710487133,3.8082503931047262,-0.8819395423053149,8.498440328514768,8
2.5,30.08028424436822,3.9638523793382427,-0.8884494716745612,8.816154230351046,8
2.5,30.45164577824931,4.145764988681468,-0.765196515006914,9.056726492369851,8
2.5,30.8230073121304,4.159885527640554,-0.7798416074521768,9.099612662733286,8
2.5,31.194368846011486,4.1386063590586994,-1.0246245570652937,9.301837275182692,8
2.5,31.565730379892578,4.0788740528629495,-1.3745380605617363,9.532286166287635,8
2.5,31.937091913773667,4.293391339309008,-1.2217394101858492,9.808522088803866,8
2.5,32.308453447654756,4.333391802962166,-1.1994261802229076,9.86620978614724,8
2.5,32.67981498153585,4.598548874284107,-0.9710612233120788,10.168158971880294,8
2.5,33.051176515416934,4.376867959860057,-0.8100115562322125,9.563747475952326,8
2.5,33.42253804929802,4.2811007918979715,-1.0300880975918503,9.592289681387793,8
2.5,33.79389958317911,4.252148011089274,-1.0966194840765144,9.600915506255063,8
2.5,34.165261117060204,4.411285463444065,-0.9801089186405605,9.80267984552869,8
2.5,34.53662265094129,4.062743190700904,-1.0782306667159611,9.20371704811777,8
2.5,34.90798418482238,4.101136444968133,-1.1457891084841298,9.348061998420395,8
2.5,35.27934571870347,4.014698425476323,-1.2695292633417745,9.29892611429442,8
2.5,35.65070725258456,4.068999918542123,-1.304891516906629,9.442891353990875,8
2.5,36.022068786465645,4.2083356527021625,-1.2125330345808765,9.6292043399852,8
2.5,36.39343032034674,4.075496884769229,-1.381514576148538,9.532508345686995,8
2.5,36.76479185422783,4.101338608941109,-1.4923126065890226,9.694989824471241,8
2.5,37.136153388108916,3.9764406283567584,-1.8237200654532022,9.77660132216672,8
2.5,37.50751492199001,4.135265045027195,-1.6672944274555244,9.937824517509913,8
2.5,37.878876455871094,4.107688203241346,-1.682457899232345,9.897834305715037,8
2.5,38.25023798975218,4.152306771226099,-1.6936387263101533,9.998252268762352,8
2.5,38.62159952363327,3.955420309013159,-1.7315107452667613,9.64235136329308,8
2.5,38.992961057514364,3.7842171633118773,-1.962686065367936,9.53112039199169,8
2.5,39.36432259139545,3.7543044264983667,-1.9766928311441019,9.485301684140836,8
2.5,39.73568412527654,3.7255478586302964,-1.937005300894211,9.388101018154803,8
2.5,40.10704565915763,3.6301649004575647,-1.9904476782725102,9.25077747918764,8
2.5,40.47840719303872,3.637157448587257,-2.0910809327562867,9.3653958299308,8
2.5,40.849768726919805,3.66777285754837,-2.027903803881862,9.363449518978602,8
2.5,41.22113026080089,3.8306483141197862,-2.0712560767697905,9.732552705009363,8
2.5,41.59249179468199,3.93177956052428,-2.0841222227590412,9.947681343807602,8
2.5,41.963853328563076,4.011131890583697,-2.093668040394885,10.11593182156228,8
2.5,42.33521486244416,4.071553259265007,-2.0742591074114225,10.217365625941436,8
2.5,42.706576396325254,4.214192820671801,-2.010470368243374,10.438856009586978,8
2.5,43.07793793020634,4.195700648313383,-1.7632430597617965,10.154644356388562,8
2.5,43.44929946408743,4.2190595371172455,-1.8632885404721096,10.301407614706601,8
2.5,43.820660997968524,4.172779087434073,-1.9351232980116064,10.280681472879753,8
2.5,44.19202253184961,4.355940083443195,-1.873263606979891,10.585143773866282,8
2.5,44.563384065730695,4.604268974472819,-1.8081785974942797,11.016716546439918,8
2.5,44.934745599611794,4.697008725805306,-1.8652237565324112,11.259241208143024,8
2.5,45.30610713349288,4.659615784231749,-1.926551659271838,11.245783227735338,8
2.5,45.677468667373965,4.5294990546435745,-2.1126135988891726,11.171611708176322,8
2.5,46.04883020125506,4.750759753453675,-1.9952450144509655,11.496764521358315,8
2.5,46.42019173513614,4.668411325861556,-1.8767622540727453,11.213584905795859,8
2.5,46.79155326901723,4.648738107377552,-1.898683912329873,11.196160127084976,8
2.5,47.16291480289833,4.656540455720322,-2.0056279679877713,11.318708879428414,8
2.5,47.53427633677941,4.6663404421279235,-2.127172896869708,11.459853781125556,8
2.5,47.9056378706605,4.735736851097191,-2.047051094925859,11.518524797120241,8
2.5,48.27699940454159,4.854717460152816,-2.111201602497914,11.820636522803547,8
2.5,48.64836093842268,5.066708291669017,-2.1269771616675808,12.260393745005615,8
2.5,49.01972247230376,5.334019000300186,-2.110728794637472,12.778766795237845,8
2.5,49.39108400618486,5.4050766823118845,-2.127322422369695,12.937475786993463,8
2.5,49.76244554006595,5.468204567948551,-2.1631659317016725,13.099575067598774,8
2.5,50.13380707394703,5.676287198506667,-2.180168870150034,13.532743267163369,8
2.5,50.505168607828125,5.677941067431636,-2.3502485607882484,13.70613069565152,8
2.5,50.87653014170922,5.8160310929147165,-2.3050009044604227,13.937063090289856,8
2.5,51.2478916755903,5.878716413557441,-2.342970643420217,14.100403470535099,8
2.5,51.619253209471395,5.897917871041663,-2.4301765486195066,14.226012290702833,8
2.5,51.99061474335248,6.079832195834921,-2.439644682389222,14.599309074059065,8
2.5,52.361976277233566,6.192685617335565,-2.402734260413224,14.788105495084354,8
2.5,52.733337811114666,6.3013065771491,-2.425275696158037,15.027888850456238,8
2.5,53.10469934499575,6.343431233010117,-2.2715048167923992,14.958367282812633,8
2.5,53.47606087887684,6.508404442175586,-2.3052642065895412,15.322073090940712,8
2.5,53.84742241275793,6.471343457371839,-2.407493114128618,15.350180028872296,8
2.5,54.218783946639014,6.414257641552743,-2.588618074809496,15.417133357914981,8
2.5,54.5901454805201,6.815279961680236,-2.3117817958846274,15.9423417192451,8
2.5,54.9615070144012,7.154837987206124,-2.1328934684057153,16.442569442817963,8
2.5,55.332868548282285,7.16524386978741,-2.1716740564912413,16.502161796066062,8
2.5,55.70423008216337,7.139361458077921,-2.371847496243344,16.650570412399187,8
2.5,56.07559161604446,7.146524333440663,-2.2711123824616646,16.564161049342992,8
2.5,56.44695314992555,7.276900658379113,-1.9709352006217111,16.52473651737994,8
2.5,56.81831468380664,7.395667411557463,-1.9199332169939325,16.71126804010886,8
2.5,57.18967621768773,7.520072532122855,-1.836323245133494,16.876468309379206,8
2.5,57.56103775156882,7.524915957036625,-2.047727723298064,17.097559637371315,8
2.5,57.932399285449904,7.683075131114072,-1.8745279953509018,17.240678257579045,8
2.5,58.303760819330996,7.6718273766493414,-1.8031505199266196,17.146805273225304,8
2.5,58.67512235321209,7.767227714161521,-1.5600348991397084,17.09449032746275,8
2.5,59.046483887093174,7.743175168032614,-1.8389864179513076,17.325336754016536,8
2.5,59.41784542097427,7.697826990840261,-1.8386250122022325,17.234278993882754,8
2.5,59.78920695485535,7.609730803516434,-1.876269462817338,17.095731069850206,8
2.5,60.16056848873644,7.37182724337746,-1.9500421040064602,16.69369659076138,8
2.5,60.53193002261754,7.569766453828073,-1.7747306414789374,16.914263549135086,8
2.5,60.90329155649862,7.400431646426485,-2.1144831067260803,16.91534639957905,8
2.5,61.27465309037971,7.31520935693082,-2.2208232108934585,16.8512419247551,8
2.5,61.6460146242608,7.31983677721394,-2.378040558742608,17.017714113170488,8
2.5,62.017376158141886,7.5091705875830765,-2.180692301146193,17.199033476312344,8
2.5,62.38873769202297,7.516826329969792,-2.2579493452870825,17.291602005226665,8
2.5,62.76009922590407,7.49409884019037,-2.2840605804523264,17.272258260833066,8
2.5,63.131460759785156,7.825343269666015,-1.9986870406482309,17.64937357998026,8
2.5,63.50282229366624,8.061714333963634,-1.7242206109366904,17.84764927886396,8
2.5,63.874183827547334,8.043380933988324,-1.5215885837762624,17.608350451752912,8
2.5,64.24554536142843,8.140724735286247,-1.3731851878961958,17.654634658468687,8
2.5,64.61690689530951,8.129569863322063,-1.464695821079431,17.723835547723557,8
2.5,64.9882684291906,8.060684359438003,-1.4459662298522336,17.567334948728238,8
2.5,65.3596299630717,8.025200416513345,-1.4414179119406043,17.491818744967293,8
2.5,65.73099149695278,7.940615653599137,-1.3050292267964068,17.18626053399468,8
2.5,66.10235303083387,7.742257443790585,-1.8169280015395195,17.30144288912069,8
2.5,66.47371456471495,7.865241946271784,-1.635780108690625,17.366264001234192,8
2.5,66.84507609859604,7.837348285586218,-1.6027120006367408,17.277408571809175,8
2.5,67.21643763247714,7.614136813382222,-1.5738151342035263,16.80208876096797,8
2.5,67.58779916635822,7.791200369650166,-1.5768141597169194,17.15921489901725,8
2.5,67.95916070023931,7.620262199466838,-1.9150926514525306,17.155617050386205,8
2.5,68.33052223412041,7.7006413280931785,-1.858278451335984,17.25956110752234,8
2.5,68.7018837680015,7.758429396764436,-1.7385203089193713,17.255379102448245,8
2.5,69.07324530188258,7.546055405583694,-1.6301718862731942,16.722282697440583,8
2.5,69.44460683576368,7.6497992194596485,-1.7950193994192833,17.09461783833858,8
2.5,69.81596836964476,7.736249628886091,-1.7196245258620504,17.19212378363423,8
2.5,70.18732990352585,7.830137533851676,-1.8365471188545275,17.49682218655788,8
2.5,70.55869143740694,7.82965202333576,-1.8920401213689173,17.551344168040437,8
2.5,70.93005297128802,8.028852106336124,-1.9986953411794648,18.056399553851712,8
2.5,71.30141450516912,8.106052560540196,-1.985368661362946,18.19747378244334,8
2.5,71.6727760390502,8.183724425372025,-2.0872836482826873,18.45473249902674,8
2.5,72.04413757293129,8.294464627681634,-2.039500294316051,18.628429549679318,8
2.5,72.41549910681239,7.9860899912734045,-2.3112792718747635,18.283459254421572,8
2.5,72.78686064069348,7.914499396379857,-2.4429521743956224,18.271950967155338,8
2.5,73.15822217457456,8.199567262470715,-2.284394095494875,18.683528620436306,8
2.5,73.52958370845566,8.363517992199142,-2.335403987210004,19.06243997160829,8
2.5,73.90094524233675,8.380858716903557,-2.3479909055477535,19.109708339354867,8
2.5,74.27230677621783,8.284671622098372,-2.52996693899315,19.099310183189893,8
2.5,74.64366831009893,8.509590808571232,-2.4768256083789897,19.496007225521453,8
2.5,75.01502984398002,8.680441849720877,-2.524357347848637,19.885241047290393,8
2.5,75.3863913778611,8.699828522738468,-2.595017450481228,19.994674495958165,8
2.5,75.75775291174219,8.855201165646472,-2.5288255434930793,20.239227874786025,8
2.5,76.12911444562327,8.851278443384027,-2.633158399003893,20.335715285771947,8
2.5,76.50047597950436,9.165471912666778,-2.487185119959408,20.818128945292962,8
2.5,76.87183751338546,9.0532860076717,-2.6486873771550634,20.755259392498463,8
2.5,77.24319904726654,9.013372299207322,-2.7674063216098013,20.794150920024446,8
2.5,77.61456058114763,9.380420055995863,-2.4688628344155177,21.229702946407244,8
2.5,77.98592211502873,9.723372556867432,-2.1972902863530006,21.644035400087866,8
2.5,78.35728364890981,9.829895498960205,-2.2545216309233833,21.914312628843795,8
2.5,78.7286451827909,9.888215565774532,-2.138795109580844,21.915226241129908,8
2.5,79.100006716672,9.91137068988963,-2.324562819705246,22.147304199484505,8
2.5,79.47136825055308,10.030418551879734,-2.1393114823634924,22.20014858612296,8
2.5,79.84272978443417,10.03725880154362,-2.0970392615091686,22.17155686459641,8
2.5,80.21409131831525,10.196555629188406,-1.8649941665898755,22.258105424966686,8
2.5,80.58545285219635,10.090616923956528,-2.057767955963744,22.2390018038768,8
2.5,80.95681438607744,10.251225107451289,-1.9152007941533036,22.41765100905588,8
2.5,81.32817591995853,10.287610816891894,-1.8583937342098675,22.433615367993653,8
2.5,81.69953745383961,10.47552846969547,-1.7404047952253432,22.691461734616283,8
2.5,82.07089898772071,10.400549233507785,-1.4757291962770864,22.276827663292657,8
2.5,82.44226052160178,10.508265008662146,-1.5253668762605574,22.54189689358485,8
2.5,82.81362205548288,10.530143063737976,-1.493801823252431,22.55408795072838,8
2.5,83.18498358936398,10.604160220585877,-1.4951089628181755,22.70342940398993,8
2.5,83.55634512324505,10.724393705674164,-1.3399676423727254,22.788755053721054,8
2.5,83.92770665712615,11.037321442282826,-1.2491509484666388,23.32379383303229,8
2.5,84.29906819100725,11.138787945514956,-1.0661557274633626,23.343731618493273,8
2.5,84.67042972488832,11.265053535842663,-0.9659775468950773,23.496084618580404,8
2.5,85.04179125876942,11.441773145772284,-0.8063857157072611,23.68993200725183,8
2.5,85.41315279265051,11.379791339953407,-0.7257678512535204,23.485350531160336,8
2.5,85.78451432653159,11.34680382971239,-0.7759979444634588,23.46960560388824,8
2.5,86.15587586041268,11.468206881611286,-0.7262084602352434,23.662622223457817,8
2.5,86.52723739429378,11.613494798556825,-0.5975899480435647,23.824579545157214,8
2.5,86.89859892817486,11.672020041011473,-0.4974752117361483,23.841515293759095,8
2.5,87.26996046205595,11.77465875227632,-0.4404425504974032,23.98976005505004,8
2.5,87.64132199593705,11.801232267940769,-0.6258489278957438,24.228313463777283,8
2.5,88.01268352981812,11.883613426242238,-0.68658194123363,24.453808793718107,8
2.5,88.38404506369922,11.721128827235141,-0.7515714587017772,24.193829113172058,8
2.5,88.75540659758032,11.749068787972245,-0.7243978237088537,24.222535399653346,8
2.5,89.12676813146139,11.59447721843403,-0.7381766456408201,23.92713108250888,8
2.5,89.49812966534249,11.55918354247445,-0.9270912289327047,24.045458313881603,8
2.5,89.86949119922359,11.52051375762397,-0.9688666496936733,24.009894164941613,8
2.5,90.24085273310466,11.449743408055111,-1.0576956094638525,23.957182425574075,8
2.5,90.61221426698576,11.568125815349656,-0.9349735781090356,24.07122520880835,8
2.5,90.98357580086684,11.52480269945412,-1.137670186892592,24.187275585800833,8
2.5,91.35493733474793,11.523861300077144,-1.1626832470385473,24.210405847192835,8
2.5,91.72629886862902,11.46935941212559,-1.2675763076602546,24.206295131911432,8
2.5,92.09766040251012,11.518308236390435,-1.237599429910352,24.274215902691225,8
2.5,92.4690219363912,11.603688578276502,-1.210354212734373,24.417731369287377,8
2.5,92.84038347027229,11.552593074679644,-1.3351276677887558,24.440313817148045,8
2.5,93.21174500415339,11.718516033269346,-1.193301436550355,24.630333503089048,8
2.5,93.58310653803446,11.71441998075344,-1.123719175499053,24.552559137005936,8
2.5,93.95446807191556,11.904931044345357,-0.8713718009075375,24.681233889598253,8
2.5,94.32582960579666,11.864129005377682,-0.9221354853946728,24.650393496150038,8
2.5,94.69719113967773,11.877513729523985,-0.9220551894819273,24.677082648529897,8
2.5,95.06855267355883,11.637003977592963,-1.1909474744935178,24.464955429679442,8
2.5,95.43991420743991,11.656049617025099,-1.151223422490375,24.463322656540573,8
2.5,95.811275741321,11.702405977125924,-1.1241892803745,24.52900123462635,8
2.5,96.1826372752021,11.480494468755344,-1.2765921153538944,24.237581052864584,8
2.5,96.55399880908318,11.604727456057566,-1.2508480353928348,24.460302947507966,8
2.5,96.92536034296427,11.433155865878035,-1.4134390570447888,24.27975078880086,8
2.5,97.29672187684535,11.367232543243901,-1.4873015197268398,24.221766606214644,8
2.5,97.66808341072645,11.585978948891444,-1.2670440249526003,24.43900192273549,8
2.5,98.03944494460752,11.879161680505206,-0.965600405162844,24.723923766173257,8
2.5,98.41080647848862,11.976536149728307,-0.8173641343342748,24.77043643379089,8
2.5,98.78216801236972,12.008650811917825,-0.7305198404670392,24.74782146430269,8
2.5,99.1535295462508,11.873232437241489,-0.9582296546747404,24.70469452915772,8
2.5,99.5248910801319,12.20174553485891,-0.6356020304513113,25.039093100169133,8
2.5,99.896252614013,12.422252523586014,-0.41796730779993574,25.262472354971962,8
2.5,100.26761414789407,12.554370931528153,-0.336613464981534,25.44535532803784,8
2.5,100.63897568177516,12.796978541164851,-0.12428513072818959,25.71824221305789,8
2.5,101.01033721565625,12.59320928630541,-0.3018726056990424,25.48829117830986,8
2.5,101.38169874953734,12.671161239674863,-0.27001281311168945,25.612335292461417,8
2.5,101.75306028341844,12.624012957101206,-0.3545483117299888,25.6025742259324,8
2.5,102.12442181729952,12.689296295350022,-0.20173000259559792,25.58032259329564,8
2.5,102.4957833511806,12.813609537993408,-0.06482876293405049,25.692047838920864,8
2.5,102.86714488506169,12.905392919217476,0.05953627239265913,25.751249566042294,8
2.5,103.23850641894279,12.991502786242558,0.22494113785757897,25.758064434627535,8
2.5,103.60986795282386,13.128716703862555,0.44239213312819814,25.81504127459691,8
2.5,103.98122948670496,13.25980432898972,0.617542703692548,25.90206595428689,8
2.5,104.35259102058606,13.21750967474858,0.5927155243370645,25.842303825160094,8
2.5,104.72395255446713,13.142712293002408,0.5991979498434716,25.686226636161344,8
2.5,105.09531408834823,13.345672056425354,0.8210377160593705,25.870306396791335,8
2.5,105.46667562222933,13.421390623221747,0.9654632075524763,25.87731803889102,8
2.5,105.8380371561104,13.403863969691075,0.9449708114161943,25.862757127965956,8
2.5,106.2093986899915,13.463374770425593,1.0823076748174163,25.84444186603377,8
2.5,106.58076022387259,13.494204787242603,1.1305523525626402,25.857857221922565,8
2.5,106.95212175775367,13.666833460368725,1.3332899112242895,26.00037700951316,8
2.5,107.32348329163476,13.667743583051804,1.3620431547847218,25.973444011318886,8
2.5,107.69484482551586,13.752975573980706,1.5671906669827411,25.938760480978672,8
2.5,108.06620635939694,13.818953600419047,1.608315100011831,26.029592100826264,8
2.5,108.43756789327803,14.103162055672389,1.862260153872164,26.344063957472613,8
2.5,108.80892942715913,14.126080758704612,1.8723690002646336,26.37979251714459,8
2.5,109.1802909610402,14.241727174518106,2.0363599417554177,26.447094407280794,8
2.5,109.5516524949213,14.358964074484401,2.1238823015870096,26.594045847381793,8
2.5,109.9230140288024,14.32265558227374,1.8919294512175604,26.75338171332992,8
2.5,110.29437556268347,14.258079948123392,1.7839979705995912,26.73216192564719,8
2.5,110.66573709656457,14.40390422928826,1.9301581458448265,26.877650312731696,8
2.5,111.03709863044567,14.507080021339581,2.115845970085317,26.898314072593845,8
2.5,111.40846016432674,14.37183685231759,2.0164606556271565,26.727213049008025,8
2.5,111.77982169820784,14.425769579927035,2.137126301288319,26.71441285856575,8
2.5,112.15118323208893,14.319356786651081,1.9563174483020642,26.682396125000096,8
2.5,112.52254476597001,14.430173070125413,2.092491680100677,26.767854460150147,8
2.5,112.8939062998511,14.441173435179042,2.0947873494585245,26.78755952089956,8
2.5,113.2652678337322,14.583252823944324,2.1214410833568618,27.045064564531785,8
2.5,113.63662936761328,14.440123282721949,1.7509272143496002,27.129319351094296,8
2.5,114.00799090149437,14.658400369909304,1.98811414349308,27.328686596325525,8
2.5,114.37935243537547,14.660155279097538,2.002189651938661,27.318120906256414,8
2.5,114.75071396925654,14.725485007779609,2.078061722470512,27.372908293088706,8
2.5,115.12207550313764,14.862601397535197,2.1726907372141664,27.552512057856227,8
2.5,115.49343703701874,15.045908161178271,2.476015296124075,27.615801026232468,8
2.5,115.86479857089981,15.11510602803158,2.56521410110577,27.66499795495739,8
2.5,116.23616010478091,15.198481227928525,2.6657683927823435,27.731194063074707,8
2.5,116.60752163866199,15.347411525641787,2.729962825639509,27.964860225644067,8
2.5,116.97888317254308,15.016843442520386,2.3934235366656367,27.640263348375136,8
2.5,117.35024470642418,15.047199763128992,2.458611671878442,27.635787854379544,8
2.5,117.72160624030526,15.152565652275827,2.6006793962858286,27.704451908265824,8
2.5,118.09296777418635,15.382195909794309,2.9201314724275917,27.844260347161025,8
2.5,118.46432930806743,15.530267492042626,2.9792958444675506,28.0812391396177,8
2.5,118.83569084194853,15.714759990983241,3.0828227968768633,28.346697185089617,8
2.5,119.2070523758296,15.785064530797591,3.217127774805334,28.353001286789848,8
2.5,119.5784139097107,15.823713304041558,3.3607010245749667,28.28672558350815,8
2.5,119.9497754435918,15.95861612848723,3.55244183435455,28.36479042261991,8
2.5,120.32113697747288,16.144654794646804,3.9198578633176275,28.36945172597598,8
2.5,120.69249851135397,16.226364444077266,3.961241194169645,28.491487693984887,8
2.5,121.06386004523507,16.223991482432726,4.048155918768055,28.3998270460974,8
2.5,121.43522157911615,16.361341011023473,4.139969882991533,28.582712139055413,8
2.5,121.80658311299725,16.391472619835483,4.1444260939058815,28.638519145765084,8
2.5,122.17794464687833,16.372672411133042,4.087329417684526,28.65801540458156,8
2.5,122.54930618075942,16.513566903694283,4.272436724970261,28.754697082418303,8
2.5,122.92066771464052,16.515399717772578,4.344313216000156,28.686486219545,8
2.5,123.2920292485216,16.521267198823836,4.3729215637852725,28.6696128338624,8
2.5,123.66339078240269,16.581463540766247,4.717149034797023,28.44577804673547,8
2.5,124.03475231628377,16.530217415208675,4.546857380248454,28.513577450168896,8
2.5,124.40611385016487,16.535889563960353,4.630953517942334,28.440825609978372,8
2.5,124.77747538404594,16.507028477658277,4.610164831770501,28.403892123546054,8
2.5,125.14883691792704,16.464405111355582,4.915212286390062,28.0135979363211,8
2.5,125.52019845180814,16.511294276207256,4.922888400580657,28.099700151833854,8
2.5,125.89155998568921,16.572130720170243,4.961701564768388,28.182559875572096,8
2.5,126.26292151957031,16.650263916071818,5.034040435792038,28.2664873963516,8
2.5,126.63428305345141,16.87285281548896,5.273324079845018,28.472381551132905,8
2.5,127.00564458733248,17.115249228907953,5.4815262789316535,28.74897217888425,8
2.5,127.37700612121358,17.18461735708917,5.478669789554246,28.890564924624094,8
2.5,127.74836765509467,17.243522652168437,5.4908080038866025,28.99623730045027,8
2.5,128.11972918897575,17.32997901311601,5.627266944019043,29.032691082212978,8
2.5,128.49109072285685,17.24323532987917,5.874792778572978,28.61167788118536,8
2.5,128.86245225673795,17.29088569160488,5.879943096578135,28.701828286631628,8
2.5,129.23381379061902,17.478740385892188,6.12089872367987,28.836582048104503,8
2.5,129.60517532450012,17.64293236148881,6.159138744531706,29.126725978445915,8
2.5,129.9765368583812,17.84705102515499,6.387665141875319,29.306436908434662,8
2.5,130.3478983922623,17.964870382203806,6.3146365924654635,29.61510417194215,8
2.5,130.7192599261434,18.06821157953143,6.485790907316888,29.650632251745968,8
2.5,131.09062146002447,18.213610864633978,6.506936277573727,29.920285451694227,8
2.5,131.46198299390556,18.27654475681753,6.614134817177172,29.938954696457884,8
2.5,131.83334452778664,18.304107660266606,6.628411124904138,29.97980419562907,8
2.5,132.20470606166774,18.418335612574793,6.69548902072823,30.141182204421355,8
2.5,132.5760675955488,18.64846284222606,6.799418372381414,30.497507312070706,8
2.5,132.9474291294299,18.727539143562964,6.822916205145777,30.63216208198015,8
2.5,133.318790663311,18.667431294555755,6.812707544266422,30.522155044845086,8
2.5,133.69015219719208,18.546120925968367,7.04301510688418,30.049226745052554,8
2.5,134.06151373107318,18.57772818076905,7.083334154087776,30.072122207450324,8
2.5,134.43287526495428,18.66480085662191,7.055198081410849,30.274403631832968,8
2.5,134.80423679883535,18.633442169544743,6.966290813094487,30.300593525994998,8
2.5,135.17559833271645,18.786009666398776,7.00032656648729,30.571692766310264,8
2.5,135.54695986659755,18.943261038726646,7.186036127938472,30.70048594951482,8
2.5,135.91832140047862,19.103716804821097,7.2844438499733,30.922989759668894,8
2.5,136.28968293435972,19.130778545464622,7.290635331271094,30.97092175965815,8
2.5,136.66104446824082,19.16716881549833,7.1001026244673735,31.234235006529282,8
2.5,137.0324060021219,19.359913083660967,7.281417436920721,31.438408730401214,8
2.5,137.403767536003,19.53011160721723,7.371909239800967,31.68831397463349,8
2.5,137.7751290698841,19.574704630555203,7.419695615726731,31.729713645383676,8
2.5,138.14649060376516,19.781053059807324,7.559360693002201,32.00274542661245,8
2.5,138.51785213764626,19.813502674325704,7.375850923735978,32.25115442491543,8
2.5,138.88921367152736,20.029374104939016,7.457613592289615,32.601134617588414,8
2.5,139.26057520540843,20.025190407463526,7.47446887314214,32.57591194178491,8
2.5,139.63193673928953,20.195247694662854,7.62790137986479,32.76259400946092,8
2.5,140.00329827317063,20.265602062319545,7.465068243122886,33.0661358815162,8
2.5,140.3746598070517,20.318043135115015,7.450844589788845,33.18524168044119,8
2.5,140.7460213409328,20.423891420763372,7.489229242492707,33.35855359903404,8
2.5,141.11738287481387,20.599301685217135,7.630402937180886,33.56820043325338,8
2.5,141.48874440869497,20.69940973203708,7.523799591735187,33.87501987233897,8
2.5,141.86010594257604,20.702142673610794,7.46811852003505,33.93616682718654,8
2.5,142.23146747645714,20.790491173674894,7.421256937844296,34.15972540950549,8
2.5,142.60282901033824,21.02884469461923,7.582210476196424,34.47547891304204,8
2.5,142.9741905442193,21.132665873266152,7.566715247343174,34.69861649918913,8
2.5,143.3455520781004,21.11005853194759,7.481862238060815,34.73825482583437,8
2.5,143.7169136119815,21.12686642913507,7.3675338658922005,34.88619899237794,8
2.5,144.08827514586258,21.092611891231577,7.607048243560625,34.57817553890253,8
2.5,144.45963667974368,21.096032336630262,7.488806979631784,34.70325769362874,8
2.5,144.83099821362478,21.071535828111,7.419289254211153,34.72378240201085,8
2.5,145.20235974750585,21.11177299939584,7.285391294673953,34.93815470411772,8
2.5,145.57372128138695,21.220578744565227,7.192439664058183,35.24871782507227,8
2.5,145.94508281526805,21.349921999135997,7.160959510069482,35.53888448820251,8
2.5,146.31644434914912,21.35669834685287,7.155883622017328,35.55751307168841,8
2.5,146.68780588303022,21.30004433667061,6.9608082777213305,35.63928039561989,8
2.5,147.05916741691132,21.164976983960692,6.836508965191335,35.49344500273005,8
2.5,147.4305289507924,21.18546865641425,6.825569551821742,35.54536776100676,8
2.5,147.8018904846735,21.402875105344798,6.696314401525264,36.10943580916433,8
2.5,148.1732520185546,21.454422959895588,6.7603461651091745,36.148499754682,8
2.5,148.54461355243566,21.4346181508222,6.7362061144401455,36.133030187204255,8
2.5,148.91597508631676,21.4854074169621,6.798886910693289,36.17192792323091,8
2.5,149.28733662019786,21.551125536694315,6.8998979490501,36.20235312433853,8
2.5,149.65869815407893,21.67618974711187,7.189571301651521,36.16280819257222,8
2.5,150.03005968796003,21.792797847464144,7.175955315335923,36.40964037959236,8
2.5,150.4014212218411,21.71904329031787,7.0223073703072405,36.4157792103285,8
2.5,150.7727827557222,21.684770522929394,6.96023713818261,36.409303907676176,8
2.5,151.14414428960328,21.786087225581014,7.213023577370102,36.359150873791926,8
2.5,151.51550582348438,21.912828250554263,7.152247609348295,36.67340889176023,8
2.5,151.88686735736547,22.03204749659569,7.2212669084582295,36.842828084733156,8
2.5,152.25822889124655,22.08472872370845,7.252622842530132,36.91683460488677,8
2.5,152.62959042512765,22.11638284270225,7.564816077091363,36.66794960831314,8
2.5,153.00095195900872,22.321397889695582,7.6162588797989965,37.026536899592166,8
2.5,153.37231349288982,22.354423047885884,7.567327249322947,37.14151884644882,8
2.5,153.74367502677092,22.464460801416877,7.602778188889472,37.32614341394428,8
2.5,154.115036560652,22.493598989286752,7.896644514043537,37.09055346452997,8
2.5,154.4863980945331,22.73715698117703,8.039903763696023,37.434410198658036,8
2.5,154.8577596284142,22.754595576034223,7.974960195582774,37.53423095648567,8
2.5,155.22912116229526,22.82184817563894,7.88011633240766,37.76358001887022,8
2.5,155.60048269617636,23.11861590499897,8.030299677974892,38.20693213202304,8
2.5,155.97184423005746,23.337970215470357,8.10437676456424,38.57156366637648,8
2.5,156.34320576393853,23.359105301131912,8.10441723747454,38.61379336478929,8
2.5,156.71456729781963,23.41092057749504,8.079495304935785,38.7423458500543,8
2.5,157.08592883170073,23.23814182731524,7.7540711397627025,38.72221251486778,8
2.5,157.4572903655818,23.501156732172138,7.831180763340237,39.17113270100404,8
2.5,157.8286518994629,23.51658027360391,7.784619572465406,39.24854097474241,8
2.5,158.200013433344,23.644961739531517,7.916990572992967,39.37293290607007,8
2.5,158.57137496722507,23.784083883280413,7.776803471865875,39.79136429469495,8
2.5,158.94273650110617,23.682549384529445,8.018589706607013,39.34650906245187,8
2.5,159.31409803498727,23.71528258887337,8.02610462508461,39.40446055266213,8
2.5,159.68545956886834,23.77916869363442,8.097512716180452,39.46082467108839,8
2.5,160.05682110274944,24.026621571842387,8.208983099054363,39.84426004463041,8
2.5,160.4281826366305,24.005117306901155,8.143838984201048,39.866395629601264,8
2.5,160.7995441705116,23.956849180097397,8.084967181683474,39.82873117851132,8
2.5,161.1709057043927,24.080447217398003,8.406414415389312,39.75448001940669,8
2.5,161.54226723827378,24.408834085085015,8.640923928394022,40.17674424177601,8
2.5,161.91362877215488,24.463478512621982,8.584510856498719,40.34244616874525,8
2.5,162.28499030603595,24.641121249934017,8.610802864030678,40.67143963583736,8
2.5,162.65635183991705,24.849469163919437,8.718727723726591,40.98021060411229,8
2.5,163.02771337379815,24.803113065254337,8.83735764859118,40.768868481917494,8
2.5,163.39907490767922,24.85361271401278,8.826128321999107,40.88109710602645,8
2.5,163.77043644156032,24.91179098554123,8.774852753807487,41.048729217274975,8
2.5,164.14179797544142,24.948646882074254,8.677536552932704,41.21975721121581,8
2.5,164.5131595093225,25.2014388973559,9.020543987336065,41.38233380737573,8
2.5,164.88452104320356,25.27943308324518,9.109246436528991,41.44961972996137,8
2.5,165.2558825770847,25.361750841402674,9.168812346311455,41.554689336493894,8
2.5,165.62724411096576,25.070623143770334,8.798059414400552,41.34318687314011,8
2.5,165.99860564484683,25.18280949082503,8.77806769318595,41.58755128846411,8
2.5,166.36996717872796,25.126482171832482,8.687660649503133,41.56530369416183,8
2.5,166.74132871260903,25.22863724178987,8.754469312455516,41.702805171124226,8
2.5,167.1126902464901,25.587160703351486,8.962758239101014,42.21156316760196,8
2.5,167.48405178037123,25.70593616914674,8.705493772203102,42.70637856609038,8
2.5,167.8554133142523,25.856432324775362,8.81407685077287,42.89878779877785,8
2.5,168.22677484813337,26.0591577051224,8.95942704255694,43.15888836768786,8
2.5,168.5981363820145,26.352054147117304,9.161292382498164,43.54281591173644,8
2.5,168.96949791589557,26.38805010800992,8.924520999327768,43.85157921669207,8
2.5,169.34085944977664,26.382458020187116,8.778966037461064,43.98595000291317,8
2.5,169.71222098365774,26.425632442716125,8.755979745874402,44.095285139557845,8
2.5,170.08358251753884,26.754560043118893,9.031054921180864,44.47806516505692,8
2.5,170.45494405141991,26.86215278951115,9.055770518771304,44.668535060250996,8
2.5,170.82630558530101,26.801305967445177,8.937714739197702,44.66489719569265,8
2.5,171.1976671191821,26.547187872328877,8.506607958204537,44.58776778645321,8
2.5,171.56902865306319,26.85309206426559,8.7400133830559,44.96617074547528,8
2.5,171.94039018694428,26.977326210729426,8.824171924773417,45.130480496685436,8
2.5,172.31175172082536,27.13200356451799,8.948584340308823,45.31542278872716,8
2.5,172.68311325470646,27.394369851547665,9.015333084076836,45.773406619018495,8
2.5,173.05447478858756,27.700763163739076,9.244374529693712,46.15715179778444,8
2.5,173.42583632246863,27.95996074044139,9.47691338004099,46.44300810084179,8
2.5,173.79719785634973,28.041916666516897,9.518063805942841,46.56576952709095,8
2.5,174.16855939023083,28.161961345953987,9.47306719943796,46.85085549247002,8
2.5,174.5399209241119,28.240044882958024,9.753476842283018,46.72661292363303,8
2.5,174.91128245799297,28.384485228778146,9.884013753333157,46.884956704223136,8
2.5,175.2826439918741,28.390878784167597,9.901005309968959,46.880752258366236,8
2.5,175.65400552575517,28.697317035158434,10.21335865794546,47.181275412371406,8
2.5,176.02536705963624,28.716555561018218,10.211518774675696,47.22159234736074,8
2.5,176.39672859351737,28.66826573172184,10.206955484330507,47.12957597911317,8
2.5,176.76809012739844,28.706793529584726,10.246320737828377,47.167266321341074,8
2.5,177.1394516612795,28.99597514056814,10.531069598676414,47.46088068245987,8
2.5,177.51081319516064,29.126868193668066,10.847382382764401,47.40635400457173,8
2.5,177.8821747290417,29.178210715040876,10.9735300186445,47.38289141143726,8
2.5,178.25353626292278,29.01775679542407,10.735360965079398,47.300152625768746,8
2.5,178.6248977968039,29.318858466518773,11.079187969752418,47.55852896328513,8
2.5,178.99625933068498,29.637007171044196,11.396288780634176,47.87772556145421,8
2.5,179.36762086456605,29.65678154561942,11.319445544796835,47.994117546442006,8
2.5,179.73898239844718,29.75143383866967,11.383142131106641,48.1197255462327,8
2.5,180.11034393232825,30.11469166481953,11.71781877683339,48.51156455280567,8
2.5,180.48170546620932,30.49270595852682,12.064586121478268,48.92082579557537,8
2.5,180.85306700009042,30.55937860842402,12.006339715862229,49.11241750098581,8
2.5,181.22442853397152,30.72356470977457,12.025046765646838,49.42208265390231,8
2.5,181.5957900678526,30.91408408502346,12.26206990006878,49.56609826997814,8
2.5,181.9671516017337,31.31068542500818,12.660202258976106,49.961168591040256,8
2.5,182.3385131356148,31.27703232756921,12.638829073321723,49.915235581816695,8
2.5,182.70987466949586,31.30338786760492,12.421293078940867,50.185482656268974,8
2.5,183.08123620337696,31.349452581692134,12.653272195275232,50.04563296810903,8
2.5,183.45259773725803,31.546935221887914,12.901903915582281,50.19196652819355,8
2.5,183.82395927113913,31.581196967042686,12.889735509717546,50.272658424367826,8
2.5,184.19532080502023,31.55629979123713,12.68956015926037,50.42303942321389,8
2.5,184.5666823389013,31.93366068371929,13.080156874796781,50.78716449264179,8
2.5,184.9380438727824,32.13827414671121,13.137938872422396,51.13860942100003,8
2.5,185.3094054066635,32.218611278444094,13.203491839490923,51.233730717397265,8
2.5,185.68076694054457,32.54533059125945,13.623700349851536,51.46696083266737,8
2.5,186.05212847442564,33.024171403463114,14.145488942724896,51.90285386420133,8
2.5,186.42349000830677,33.195151981980885,14.29723599043254,52.09306797352923,8
2.5,186.79485154218784,33.207159916294415,14.27137652721147,52.14294330537736,8
2.5,187.1662130760689,33.3510904412683,14.452143078057112,52.25003780447948,8
2.5,187.53757460995004,33.49923881838674,14.245213929636627,52.75326370713686,8
2.5,187.9089361438311,33.60781895933805,14.375383536345527,52.84025438233057,8
2.5,188.28029767771218,33.67197252374813,14.471390325535324,52.87255472196094,8
2.5,188.6516592115933,33.8723622539221,14.783037261387527,52.96168724645667,8
2.5,189.02302074547438,34.24569532025554,15.163094618005289,53.328296022505796,8
2.5,189.39438227935545,34.305700096211915,15.223875115435604,53.387525076988226,8
2.5,189.76574381323658,34.30560835997382,15.355853097211153,53.25536362273648,8
2.5,190.13710534711765,34.43856862660152,15.667817970648226,53.209319282554816,8
2.5,190.50846688099872,34.848132919963746,16.083488979049626,53.612776860877865,8
2.5,190.87982841487982,34.952016934713505,16.152321221509474,53.751712647917536,8
2.5,191.25118994876092,35.04314020184219,16.299455493318153,53.786824910366235,8
2.5,191.622551482642,35.27497032342403,16.696748246982665,53.85319239986539,8
2.5,191.9939130165231,35.4788499023106,16.82898286673934,54.12871693788186,8
2.5,192.3652745504042,35.55214489944898,16.901568737849374,54.20272106104859,8
2.5,192.73663608428527,35.65498751533157,17.00455690717356,54.30541812348958,8
2.5,193.10799761816637,35.91956048097157,17.23172554228198,54.60739541966116,8
2.5,193.47935915204744,35.597865239755635,16.995224665240073,54.200505814271196,8
2.5,193.85072068592854,35.57044096543412,16.817752018042825,54.32312991282542,8
2.5,194.22208221980964,35.56822245875908,16.815549114287563,54.3208958032306,8
2.5,194.5934437536907,35.73250429319846,16.996468710470513,54.46853987592641,8
2.5,194.9648052875718,35.43140381409078,16.578506506961155,54.2843011212204,8
2.5,195.3361668214529,35.413641192511776,16.565295936502622,54.26198644852093,8
2.5,195.70752835533398,35.18833318599894,16.413695323206536,53.962971048791346,8
2.5,196.07888988921505,35.3769942673528,16.628066861571938,54.12592167313366,8
2.5,196.45025142309618,35.34333347966823,16.49338713654596,54.1932798227905,8
2.5,196.82161295697725,35.38510711922805,16.435582072974796,54.33463216548131,8
2.5,197.19297449085832,35.44166140550315,16.53277713368999,54.350545677316305,8
2.5,197.56433602473945,35.24384217667073,16.38452965790841,54.103154695433055,8
2.5,197.93569755862052,35.2821174575875,16.357651445222448,54.20658346995256,8
2.5,198.3070590925016,35.24802868856616,16.17642064048135,54.31963673665096,8
2.5,198.67842062638272,35.478999910698505,16.46563470557805,54.492365115818956,8
2.5,199.0497821602638,35.35553219577433,16.468257431655633,54.24280695989303,8
2.5,199.42114369414486,35.478156062801844,16.63924423565185,54.317067889951836,8
2.5,199.792505228026,35.46182358354541,16.68238960439853,54.24125756269229,8
2.5,200.16386676190706,35.32472336137308,16.32604116172281,54.32340556102335,8
2.5,200.53522829578813,35.46536028905079,16.519803857326853,54.410916720774736,8
2.5,200.90658982966926,35.654124865971355,16.793222523219796,54.51502720872291,8
2.5,201.27795136355033,35.723192229575204,16.86259927365987,54.58378518549054,8
2.5,201.6493128974314,35.92815947480246,17.084773357846757,54.77154559175817,8
2.5,202.0206744313125,35.84059912836026,16.680022347799504,55.00117590892101,8
2.5,202.3920359651936,35.845218380892476,16.778585887185255,54.91185087459969,8
2.5,202.76339749907467,35.84038014202294,16.838026335215993,54.84273394882988,8
2.5,203.13475903295577,35.86002777865699,17.021139022500783,54.6989165348132,8
2.5,203.50612056683687,35.821834906002536,16.67780355872201,54.96586625328306,8
2.5,203.87748210071794,35.855560345294286,16.743894219235305,54.96722647135327,8
2.5,204.24884363459904,35.7937948253042,16.70632363084752,54.88126601976087,8
2.5,204.6202051684801,35.98694880193676,17.02640491089233,54.94749269298119,8
2.5,204.9915667023612,35.98297165087347,17.126402861089304,54.83954044065764,8
2.5,205.3629282362423,35.83151776385559,16.802062553994684,54.860972973716486,8
2.5,205.73428977012338,35.69936878826731,16.540650320932645,54.85808725560197,8
2.5,206.10565130400448,35.70570629813939,16.67826892193035,54.733143674348426,8
2.5,206.47701283788558,35.76835472382071,16.783405137528206,54.75330431011321,8
2.5,206.84837437176665,35.671788740095195,16.681364122687494,54.66221335750289,8
2.5,207.21973590564772,35.742294524427294,16.640747786376558,54.84384126247803,8
2.5,207.59109743952885,35.72476520702042,16.623504086087483,54.82602632795336,8
2.5,207.96245897340992,35.65444637262617,16.65359881656335,54.65529392868899,8
2.5,208.333820507291,35.621698454807614,16.617645948804324,54.625750960810905,8
2.5,208.70518204117212,35.711755357997134,16.73939740823091,54.684113307763354,8
2.5,209.0765435750532,35.67700337992843,16.477985143641046,54.87602161621581,8
2.5,209.44790510893426,35.673056144912834,16.606410925121953,54.73970136470372,8
2.5,209.8192666428154,35.62827560424353,16.579274351396393,54.67727685709066,8
2.5,210.19062817669646,35.62628499759184,16.647786716572853,54.604783278610824,8
2.5,210.56198971057754,35.519299697904614,16.433319176200463,54.605280219608765,8
2.5,210.93335124445866,35.47186135373515,16.335525060753945,54.608197646716356,8
2.5,211.30471277833973,35.657891203095204,16.22965729130804,55.086125114882364,8
2.5,211.6760743122208,35.61983973877132,16.260772372197973,54.97890710534466,8
2.5,212.0474358461019,35.72592377268123,16.394577612586865,55.05726993277559,8
2.5,212.418797379983,35.56954346485101,16.094351745785296,55.04473518391672,8
2.5,212.79015891386408,35.57513348130388,15.964191377583912,55.18607558502384,8
2.5,213.16152044774518,35.4987095469178,16.097253268528064,54.90016582530754,8
2.5,213.53288198162628,35.6282150752084,16.206339479670966,55.05009067074584,8
2.5,213.90424351550735,35.53627784483432,16.037189958809517,55.03536573085913,8
2.5,214.27560504938845,35.540960781956656,15.977251377830157,55.104670186083155,8
2.5,214.64696658326952,35.408966596403054,15.974751988328578,54.84318120447753,8
2.5,215.01832811715062,35.57556324105887,16.0968590322467,55.05426744987105,8
2.5,215.38968965103172,35.59025561399676,16.056487450147216,55.124023777846304,8
2.5,215.7610511849128,35.643704818272255,16.009883252163526,55.277526384380984,8
2.5,216.1324127187939,35.831694560974086,16.007161637108908,55.65622748483926,8
2.5,216.503774252675,35.77115389241345,16.133084499635547,55.40922328519136,8
2.5,216.87513578655606,35.850715633736115,16.160163777891526,55.541267489580704,8
2.5,217.24649732043713,35.85632852600484,16.144206454636727,55.568450597372944,8
2.5,217.61785885431826,35.99176341186621,16.144410297814947,55.839116525917476,8
2.5,217.98922038819933,35.91536384515379,16.1406081220606,55.690119568246985,8
2.5,218.3605819220804,35.84639969586374,16.120186079072607,55.572613312654866,8
2.5,218.73194345596153,36.00106985983078,16.29545676499127,55.706682954670285,8
2.5,219.1033049898426,35.88476850406212,15.942302394010873,55.82723461411337,8
2.5,219.47466652372367,35.84615159575166,16.04962258276093,55.64268060874238,8
2.5,219.8460280576048,35.90384975279059,16.141094065389083,55.6666054401921,8
2.5,220.21738959148587,36.03132228236563,16.183077514041926,55.87956705068933,8
2.5,220.58875112536694,36.136670425676584,16.428647052460374,55.84469379889279,8
2.5,220.96011265924807,36.32814810837097,16.902902066448355,55.75339415029358,8
2.5,221.33147419312914,36.38449387286812,17.0181428505557,55.750844895180535,8
2.5,221.7028357270102,36.38795682733979,16.886420051286677,55.88949360339291,8
2.5,222.07419726089134,36.755780939938155,17.20182791593476,56.309733963941554,8
2.5,222.4455587947724,36.44862085877642,16.99815180156717,55.89908991598567,8
2.5,222.81692032865348,36.54341580597828,16.78183912878166,56.3049924831749,8
2.5,223.18828186253458,36.58270968959849,16.676651019833862,56.488768359363114,8
2.5,223.55964339641568,36.80583291750918,16.811213208852553,56.80045262616581,8
2.5,223.93100493029675,37.08545103171275,17.020626317281014,57.15027574614449,8
2.5,224.30236646417785,37.15083288185864,17.09733212449701,57.204333639220266,8
2.5,224.67372799805895,37.206118241734394,17.46425846151344,56.94797802195535,8
2.5,225.04508953194002,37.406717956222515,17.61807239844817,57.19536351399686,8
2.5,225.41645106582112,37.54551861035922,17.778428334052457,57.31260888666598,8
2.5,225.7878125997022,37.68374889851837,17.856120326069398,57.51137747096733,8
2.5,226.1591741335833,38.01815848899472,18.166045095307336,57.870271882682104,8
2.5,226.5305356674644,38.08681782157973,18.37561190404933,57.79802373911013,8
2.5,226.90189720134546,38.23977710739639,18.577817995454907,57.90173621933788,8
2.5,227.27325873522656,38.294436412613905,18.60873187961354,57.98014094561427,8
2.5,227.64462026910766,38.401859415035645,18.794645430768195,58.00907339930309,8
2.5,228.01598180298873,38.77700083026231,19.13324438760865,58.42075727291597,8
2.5,228.3873433368698,39.09678906554474,19.538306545718157,58.655271585371324,8
2.5,228.75870487075093,39.130231078935196,19.540081045332464,58.72038111253793,8
2.5,229.130066404632,39.38464133487338,19.80491682090785,58.96436584883891,8
2.5,229.50142793851307,39.304356510440115,19.87989599302178,58.728817027858454,8
2.5,229.8727894723942,39.19976469302095,19.786093623493727,58.61343576254818,8
2.5,230.24415100627527,39.01128282798369,19.570938214823062,58.451627441144325,8
2.5,230.61551254015635,39.30370529716705,19.86415882183552,58.74325177249858,8
2.5,230.98687407403747,39.34676133696283,20.06446664949036,58.6290560244353,8
2.5,231.35823560791854,39.41284063525266,20.158999367390074,58.66668190311524,8
2.5,231.72959714179962,39.49739658589686,20.293789348341452,58.70100382345227,8
2.5,232.10095867568074,39.39779347671477,20.542180545733554,58.25340640769598,8
2.5,232.47232020956181,39.35820434178496,20.462815009997417,58.25359367357251,8
2.5,232.8436817434429,39.34280306333057,20.51608585434799,58.16952027231315,8
2.5,233.21504327732399,39.43891544856095,20.670659084008044,58.20717181311385,8
2.5,233.58640481120509,39.529554903871684,21.049826668836975,58.0092831389064,8
2.5,233.95776634508616,39.76675049135246,21.264765246539184,58.26873573616574,8
2.5,234.32912787896726,39.86829329527567,21.366791947476568,58.36979464307477,8
2.5,234.70048941284836,40.10268838678572,21.663220917685262,58.54215585588618,8
2.5,235.07185094672943,40.29498304884916,21.933881498369203,58.65608459932912,8
2.5,235.44321248061053,40.29957568842869,22.13276686427741,58.466384512579964,8
2.5,235.8145740144916,40.335538403838264,22.20134910683349,58.46972770084304,8
2.5,236.1859355483727,40.412745598254524,22.423011851961355,58.40247934454769,8
2.5,236.5572970822538,40.55600630834201,22.672214348296574,58.43979826838745,8
2.5,236.92865861613487,40.61621433669282,22.766439602847733,58.46598907053791,8
2.5,237.30002015001597,40.60743211939241,22.78835952852235,58.42650471026248,8
2.5,237.67138168389707,40.4292601823686,22.36078139923192,58.49773896550528,8
2.5,238.04274321777814,40.61678004724921,22.57231453899618,58.661245555502234,8
2.5,238.4141047516592,40.76067154685611,22.700757942563765,58.82058515114845,8
2.5,238.78546628554034,40.800963574397954,22.7502430117776,58.85168413701831,8
2.5,239.1568278194214,41.06163339405324,22.984458201530277,59.138808586576204,8
2.5,239.52818935330248,41.196199744172745,23.057547421003598,59.33485206734189,8
2.5,239.8995508871836,41.450196296834484,23.314638370875855,59.58575422279311,8
2.5,240.27091242106468,41.477985071942285,23.34179417688185,59.61417596700272,8
2.5,240.64227395494575,41.56391563206823,23.352525243840393,59.77530602029607,8
2.5,241.01363548882688,41.52794660237201,23.28546371656487,59.770429488179154,8
2.5,241.38499702270795,41.7019938450108,23.469333396203268,59.934654293818326,8
2.5,241.75635855658902,41.810800612961344,23.722112596842177,59.89948862908051,8
2.5,242.12772009047015,42.03060776861448,24.143036581778944,59.91817895545002,8
2.5,242.49908162435122,42.05064027884794,24.17297718770448,59.92830336999141,8
2.5,242.8704431582323,42.03771485277737,24.145292202477837,59.93013750307691,8
2.5,243.24180469211342,41.89997277278896,23.942672469034946,59.85727307654298,8
2.5,243.6131662259945,42.07197955977968,23.76306345238869,60.38089566717066,8
2.5,243.98452775987556,42.18881601399191,23.812454013221686,60.56517801476214,8
2.5,244.35588929375666,42.23031701932127,23.848732962434145,60.6119010762084,8
2.5,244.72725082763776,42.44690055903571,24.060497717959056,60.83330340011237,8
2.5,245.09861236151883,42.32883438683808,23.85579496980782,60.80187380386835,8
2.5,245.46997389539993,42.60623441644425,24.185615737718756,61.02685309516975,8
2.5,245.84133542928103,42.64371963955307,24.30674775512752,60.98069152397862,8
2.5,246.2126969631621,42.81440452867255,24.535419421584432,61.09338963576066,8
2.5,246.5840584970432,42.866324090425096,24.759591400820394,60.97305678002979,8
2.5,246.95542003092427,42.95221732781578,24.9086166070003,60.995818048631264,8
2.5,247.32678156480537,43.03230676386771,25.065609430359622,60.999004097375796,8
2.5,247.69814309868647,42.92331504866259,25.210915699764733,60.63571439756044,8
2.5,248.06950463256754,43.263922429511325,25.54067837363672,60.98716648538593,8
2.5,248.44086616644861,43.159927265523265,25.257418583892726,61.0624359471538,8
2.5,248.81222770032974,43.11604382954061,25.234182295179824,60.997905363901396,8
2.5,249.1835892342108,42.902550837462485,24.985885816495383,60.81921585842959,8
2.5,249.55495076809189,43.07771703293511,25.15875081622045,60.99668324964978,8
2.5,249.926312301973,43.37067755911687,25.4456597983191,61.29569531991464,8
2.5,250.29767383585408,43.25084118053099,25.186937066112957,61.31474529494902,8
2.5,250.66903536973516,43.23162347379963,25.03573875052997,61.42750819706929,8
2.5,251.04039690361628,43.338448272632334,25.36344823807264,61.31344830719203,8
2.5,251.41175843749735,43.400069422282165,25.489015453847475,61.31112339071686,8
2.5,251.78311997137843,43.59164927513008,25.583303198680678,61.59999535157948,8
2.5,252.15448150525955,43.700927180231446,25.42370911546441,61.97814524499849,8
2.5,252.52584303914063,43.89176885596296,25.563025561544023,62.22051215038189,8
2.5,252.8972045730217,43.80650901203789,25.706660349530885,61.9063576745449,8
2.5,253.26856610690282,43.91541695912149,25.82114055262596,62.00969336561701,8
2.5,253.6399276407839,44.18773257806658,26.00203923503599,62.373425921097166,8
2.5,254.01128917466497,44.03795319673344,25.751243692813414,62.32466270065346,8
2.5,254.38265070854607,44.085740821670626,25.779951908553954,62.3915297347873,8
2.5,254.75401224242717,44.29096571337101,25.803120197830903,62.77881122891111,8
2.5,255.12537377630824,44.53684825425151,25.946196878260167,63.12749963024285,8
2.5,255.49673531018934,44.7565546036934,26.00632645111203,63.506782756274774,8
2.5,255.86809684407044,44.596605918579954,25.83045105140325,63.362760785756656,8
2.5,256.2394583779515,44.61830170245906,25.741417636324226,63.495185768593885,8
2.5,256.6108199118326,44.93376711727742,25.903944800562094,63.963589433992745,8
2.5,256.9821814457137,44.87687602367034,25.591652264622613,64.16209978271807,8
2.5,257.35354297959475,44.8603134769772,25.506408258446875,64.21421869550753,8
2.5,257.7249045134759,44.857966135658636,25.354438894597966,64.36149337671931,8
2.5,258.09626604735695,45.035033740567506,25.4801501970797,64.58991728405532,8
2.5,258.46762758123805,45.23611576573687,25.583923462994957,64.88830806847878,8
2.5,258.83898911511915,45.205007613652626,25.663023564790155,64.7469916625151,8
2.5,259.21035064900025,45.31403302075955,25.784020076183634,64.84404596533547,8
2.5,259.5817121828813,45.42522857390858,25.793121238326798,65.05733590949038,8
2.5,259.9530737167624,45.56349594573728,25.94844905912136,65.1785428323532,8
2.5,260.3244352506435,45.788517582833435,25.951767566519166,65.6252675991477,8
2.5,260.6957967845246,45.947184486027375,25.955179994414635,65.93918897764011,8
2.5,261.0671583184057,46.138570260044546,26.01892524937386,66.25821527071523,8
2.5,261.4385198522868,46.25170866552253,26.133630207804018,66.36978712324104,8
2.5,261.80988138616783,46.296496164487486,26.167999777446408,66.42499255152856,8
2.5,262.18124292004893,46.15049828465249,26.237651609168644,66.06334496013633,8
2.5,262.55260445393003,46.346509108095475,26.404315608807522,66.28870260738343,8
2.5,262.92396598781113,46.39197692285615,26.3798506710501,66.4041031746622,8
2.5,263.29532752169223,46.432740701837545,26.399391297593915,66.46609010608117,8
2.5,263.6666890555733,46.63657883435584,26.68825977815266,66.58489789055902,8
2.5,264.0380505894544,46.71752454573924,26.524404895901117,66.91064419557736,8
2.5,264.40941212333547,46.881735026599856,26.66015681658275,67.10331323661697,8
2.5,264.78077365721657,46.845641096929555,26.51333857299025,67.17794362086886,8
2.5,265.1521351910976,47.0478764092871,26.70366871922881,67.3920840993454,8
2.5,265.52349672497877,47.29872467989302,27.041577856690736,67.5558715030953,8
2.5,265.8948582588598,47.585923074607855,27.425871557516615,67.7459745916991,8
2.5,266.2662197927409,47.590970156005504,27.453650330500846,67.72828998151016,8
2.5,266.637581326622,47.63123396190369,27.34887965042833,67.91358827337905,8
2.5,267.0089428605031,47.79215418476581,27.554497810493643,68.02981055903798,8
2.5,267.38030439438415,47.46799642739657,27.264048997819106,67.67194385697404,8
2.5,267.7516659282653,47.257821360582355,27.05528190916676,67.46036081199796,8
2.5,268.12302746214635,47.33194285666645,27.027240704044136,67.63664500928877,8
2.5,268.49438899602745,47.47744123856538,27.1947259925382,67.76015648459257,8
2.5,268.86575052990855,47.300090528283384,26.999679436078182,67.60050162048859,8
2.5,269.23711206378965,47.03926552111531,26.774353599456013,67.3041774427746,8
2.5,269.6084735976707,47.00232074930402,26.71415490945414,67.2904865891539,8
2.5,269.9798351315518,47.16443349128278,26.88373807649083,67.44512890607473,8
2.5,270.3511966654329,47.15656185550675,26.893092486770822,67.42003122424268,8
2.5,270.722558199314,47.19233487485327,26.86233437152914,67.5223353781774,8
2.5,271.0939197331951,46.86524424357024,26.138290208308405,67.59219827883207,8
2.5,271.4652812670762,47.062486886472726,26.411820464543084,67.71315330840237,8
2.5,271.83664280095724,47.09357037375205,26.456541109749168,67.73059963775493,8
2.5,272.20800433483834,47.212446740327366,26.54352209738075,67.88137138327397,8
2.5,272.57936586871944,47.26144021846349,27.0625364994769,67.46034393745009,8
2.5,272.95072740260053,47.201311030441616,26.982994532535944,67.41962752834729,8
2.5,273.32208893648163,47.20879685787902,26.98085090831472,67.43674280744332,8
2.5,273.6934504703627,47.4181271876814,27.164937444144417,67.67131693121839,8
2.5,274.0648120042438,47.22708977723585,27.219322396734274,67.23485715773742,8
2.5,274.4361735381249,47.206061370814,27.356395870259323,67.05572687136868,8
2.5,274.807535072006,47.10950246128614,27.266496397147268,66.95250852542502,8
2.5,275.178896605887,47.266674221257404,27.430352653957257,67.10299578855755,8
2.5,275.5502581397682,47.267394009269765,27.596267092473923,66.9385209260656,8
2.5,275.9216196736492,47.12631202469076,27.238394164538608,67.01422988484292,8
2.5,276.2929812075303,47.14247880386175,27.21823206865328,67.06672553907022,8
2.5,276.6643427414114,47.180189853029155,27.287746668216478,67.07263303784183,8
2.5,277.0357042752925,47.469860257876206,27.51269973646172,67.4270207792907,8
2.5,277.40706580917356,47.49267680781138,27.36974107887298,67.61561253674978,8
2.5,277.7784273430547,47.63060273872865,27.65614169750749,67.6050637799498,8
2.5,278.14978887693576,47.35243220793612,27.44449448374789,67.26036993212435,8
2.5,278.52115041081686,47.580476589931806,27.676479453106918,67.48447372675669,8
2.5,278.89251194469796,47.603576126685105,27.740506036442625,67.46664621692759,8
2.5,279.26387347857906,47.5611715790243,27.866462797629524,67.25588036041907,8
2.5,279.6352350124601,47.35541674217152,27.510602861461887,67.20023062288115,8
2.5,280.00659654634126,47.47918191143832,27.64793924729162,67.31042457558502,8
2.5,280.3779580802223,47.592576420964164,27.78857981226357,67.39657302966475,8
2.5,280.7493196141034,47.72515776577242,27.847597463972672,67.60271806757217,8
2.5,281.1206811479845,47.69831081434514,28.13859333724733,67.25802829144295,8
2.5,281.4920426818656,47.39829530678796,27.680829232665296,67.11576138091061,8
2.5,281.86340421574664,47.52668409915894,27.826251851222075,67.2271163470958,8
2.5,282.23476574962774,47.59493861573426,27.78770717985817,67.40217005161034,8
2.5,282.60612728350884,47.70590306756188,27.850337595979603,67.56146853914416,8
2.5,282.97748881738994,47.76421094448489,28.061254497756345,67.46716739121342,8
2.5,283.34885035127104,47.762121511509235,28.073729176985847,67.45051384603262,8
2.5,283.7202118851521,47.7409552884187,27.99046868405704,67.49144189278036,8
2.5,284.0915734190332,48.02463169662795,28.17195244753388,67.87731094572202,8
2.5,284.4629349529143,47.96844850273634,28.17368353040244,67.76321347507023,8
2.5,284.8342964867954,47.956199121119866,28.202144776331078,67.71025346590865,8
2.5,285.2056580206765,47.85337019176101,28.075749231251788,67.63099115227023,8
2.5,285.5770195545576,48.14606045741579,28.247455536685187,68.04466537814639,8
2.5,285.9483810884386,48.28229274385303,28.335092692317563,68.2294927953885,8
2.5,286.3197426223198,48.30692540625555,28.33136713843534,68.28248367407576,8
2.5,286.6911041562008,48.528191166324696,28.507386984369237,68.54899534828016,8
2.5,287.0624656900819,48.50701572229323,28.4327711421174,68.58126030246906,8
2.5,287.433827223963,48.4919569045118,28.692163157407013,68.2917506516166,8
2.5,287.8051887578441,48.472693053139174,28.639271655378497,68.30611445089986,8
2.5,288.17655029172516,48.42894143420412,28.70865206591571,68.14923080249253,8
2.5,288.54791182560626,48.37922147389969,28.651929392774978,68.1065135550244,8
2.5,288.91927335948736,48.51979795600571,28.844395839634444,68.19520007237698,8
2.5,289.29063489336846,48.53097394221908,28.830717804873828,68.23123007956433,8
2.5,289.66199642724956,48.37868067098536,28.91222538965965,67.84513595231107,8
2.5,290.03335796113066,48.39975517832843,28.941093353159758,67.8584170034971,8
2.5,290.4047194950117,48.19940690925577,28.545049917318988,67.85376390119255,8
2.5,290.7760810288928,48.16778383494867,28.47584406484972,67.85972360504762,8
2.5,291.1474425627739,48.173855060146266,28.65175269760979,67.69595742268274,8
2.5,291.518804096655,48.058074523594016,28.579834326837734,67.5363147203503,8
2.5,291.8901656305361,48.00284476509881,28.426838183787154,67.57885134641046,8
2.5,292.26152716441715,47.864938624525664,28.126320943195662,67.60355630585566,8
2.5,292.63288869829825,48.03381642822908,28.178600726379653,67.8890321300785,8
2.5,293.00425023217934,47.88587835528423,28.31012523667005,67.46163147389841,8
2.5,293.37561176606044,47.86987904115414,28.312478344897595,67.42727973741069,8
2.5,293.7469732999415,47.91893124712632,28.40823470383854,67.42962779041409,8
2.5,294.11833483382264,48.07130954011019,28.548378167542513,67.59424091267788,8
2.5,294.4896963677037,48.10371544846227,28.884869027574265,67.32256186935027,8
2.5,294.8610579015848,48.07364762349047,28.849665519742516,67.29762972723843,8
2.5,295.2324194354659,48.089386694633376,28.882055970155708,67.29671741911105,8
2.5,295.603780969347,48.30497747989202,29.03403411441555,67.57592084536849,8
2.5,295.975142503228,48.135204101436614,28.641454535838356,67.62895366703486,8
2.5,296.3465040371092,48.06930248689115,28.553681137711294,67.584923836071,8
2.5,296.7178655709902,48.05850153265117,28.422827487457674,67.69417557784467,8
2.5,297.0892271048713,48.204129378660895,28.487946096036183,67.9203126612856,8
2.5,297.4605886387524,48.259407285234076,28.40134625531137,68.11746831515678,8
2.5,297.8319501726335,48.21531138528253,28.313829014187856,68.1167937563772,8
2.5,298.20331170651457,48.134744205759205,28.114213473939728,68.15527493757868,8
2.5,298.5746732403957,48.07970605820423,28.349164821975936,67.81024729443253,8
2.5,298.94603477427677,48.22715550860087,28.45285585540818,68.00145516179356,8
2.5,299.31739630815787,48.31526751199452,28.58714180771749,68.04339321627155,8
2.5,299.68875784203897,48.5751779330424,28.82847711088242,68.32187875520238,8
3,0.0,0.0,0.0,0.0,8
3,0.37136153388108917,0.028717797553892702,-0.058333129666799974,0.11576872477458537,8
3,0.7427230677621783,0.0959923200415871,-0.07835433442994298,0.27033897451311717,8
3,1.1140846016432675,0.25208112363720453,-0.23448592393495254,0.7386481712093615,8
3,1.4854461355243567,-0.03801819487984416,-0.6055248270401804,0.5294884372804921,8
3,1.8568076694054458,-0.09745879952203984,-0.6627019990022766,0.4677843999581969,8
3,2.228169203286535,-0.0496022867654948,-0.6295133772281951,0.5303088036972055,8
3,2.5995307371676244,-0.0959079961276311,-0.5048054889948846,0.3129894967396224,8
3,2.9708922710487133,-0.12508023095257806,-0.7100487846363042,0.4598883227311481,8
3,3.3422538049298023,-0.08271652424080506,-0.8129974457221774,0.6475643972405674,8
3,3.7136153388108917,-0.11265240957811228,-0.9109118820771366,0.685607062920912,8
3,4.084976872691981,-0.10817586906552154,-0.8034659610437156,0.5871142229126725,8
3,4.45633840657307,-0.12330116828993085,-0.9320586594018135,0.6854563228219518,8
3,4.827699940454159,-0.1698404341583301,-1.0115087318998592,0.6718278635831989,8
3,5.199061474335249,-0.44775544256721667,-1.20749416793674,0.3119832828023066,8
3,5.570423008216337,-0.1449188846596003,-0.9941881132915626,0.7043503439723622,8
3,5.941784542097427,-0.1261230976843986,-1.2220928123957318,0.9698466170269346,8
3,6.313146075978516,-0.10318609619955507,-1.2098411371191309,1.003468944720021,8
3,6.684507609859605,-0.10590253616541048,-1.3671274057799625,1.1553223334491416,8
3,7.0558691437406935,-0.2663838669816902,-1.5090697134314863,0.9763019794681058,8
3,7.427230677621783,0.014961267017411337,-1.4041842614886177,1.4341067955234403,8
3,7.798592211502871,0.04143715341346736,-1.365182799693185,1.4480571065201198,8
3,8.169953745383962,0.20325280730586734,-1.2538959627926376,1.660401577404372,8
3,8.541315279265051,-0.07377471523932243,-1.7887344508921834,1.6411850204135385,8
3,8.91267681314614,-0.22782682006334615,-1.5877941266139282,1.1321404864872358,8
3,9.284038347027229,-0.221774036459069,-1.5871110887680653,1.1435630158499273,8
3,9.655399880908318,-0.004978256921059826,-1.3804685459905106,1.3705120321483908,8
3,10.026761414789407,0.046653098711116225,-1.4411402275207719,1.5344464249430043,8
3,10.398122948670498,-0.2366721945302045,-1.8167483381242135,1.3434039490638043,8
3,10.769484482551585,-0.31523048277934546,-2.0138340672509014,1.3833731016922104,8
3,11.140846016432674,-0.37108496980436,-1.7189764488923038,0.9768065092835837,8
3,11.512207550313764,-0.20887551464279536,-1.6262482531938967,1.2084972239083058,8
3,11.883569084194853,-0.34778904783099585,-1.8149762918089163,1.1193981961469248,8
3,12.25493061807594,-0.4139694242938283,-1.9501432003282921,1.1222043517406355,8
3,12.626292151957031,-0.7428643939236196,-2.029762586823932,0.5440337989766927,8
3,12.99765368583812,-0.5160920485659397,-1.8799941267665297,0.8478100296346502,8
3,13.36901521971921,-0.50603847169969,-1.8804324635313099,0.86835552013193,8
3,13.7403767536003,-0.25678138460013655,-1.6896532292961814,1.1760904600959083,8
3,14.111738287481387,-0.45670357424859265,-1.9284295689257482,1.0150224204285632,8
3,14.483099821362476,-0.10664959899374787,-1.692085979297879,1.4787867813103832,8
3,14.854461355243567,-0.036999033675411214,-1.6619571176940071,1.5879590503431849,8
3,15.225822889124656,0.18990332157889916,-1.4516458666759309,1.8314525098337293,8
3,15.597184423005743,0.5598334656590982,-1.1290488994002186,2.2487158307184147,8
3,15.968545956886834,0.5204129828397549,-1.4655852793137454,2.5064112449932554,8
3,16.339907490767924,0.6171903211877975,-1.4017466128736507,2.636127255249246,8
3,16.71126902464901,0.803901431530575,-1.2716471565324357,2.8794500195935857,8
3,17.082630558530102,1.126855937329702,-1.0278875735483497,3.2815994482077535,8
3,17.45399209241119,1.3733699722454131,-0.934279135424801,3.681019079915627,8
3,17.82535362629228,1.3878999565283028,-0.997386545201671,3.7731864582582766,8
3,18.19671516017337,1.618541298473807,-0.9077358720222497,4.144818468969864,8
3,18.568076694054458,1.9472516400921906,-0.6535581121319793,4.54806139231636,8
3,18.939438227935547,2.1660606258603616,-0.5793301637058059,4.911451415426529,8
3,19.310799761816636,2.4076009226102584,-0.4179359349935048,5.2331377802140215,8
3,19.682161295697725,2.676065761524282,-0.15456604274474506,5.50669756579331,8
3,20.053522829578814,2.9999077387917663,0.09900737132092363,5.900808106262609,8
3,20.424884363459903,2.982648464605191,0.04684067336161313,5.918456255848769,8
3,20.796245897340995,3.0719377408660224,0.12045572895146917,6.023419752780576,8
3,21.16760743122208,3.0360283641621657,0.0946821186947524,5.977374609629579,8
3,21.53896896510317,3.317107333859831,0.3504531848966277,6.283761482823034,8
3,21.910330498984262,3.4104146304410397,0.4578028624861812,6.363026398395898,8
3,22.281692032865347,3.731252936105105,0.5292247128819785,6.9332811593282315,8
3,22.65305356674644,4.012079795018771,0.661854578513402,7.362305011524139,8
3,23.02441510062753,4.182585986792422,0.6421122627804823,7.723059710804362,8
3,23.395776634508614,4.31114536155808,0.7471208635155246,7.875169859600636,8
3,23.767138168389707,4.432016728359801,0.8165724461724282,8.047461010547174,8
3,24.138499702270796,4.501499479053206,1.0566601075559308,7.946338850550481,8
3,24.50986123615188,4.741403745800775,1.306849192048452,8.175958299553098,8
3,24.881222770032974,4.948923587618986,1.5212831524530026,8.376564022784969,8
3,25.252584303914063,5.065710060915986,1.580493459607196,8.550926662224777,8
3,25.62394583779515,5.430886341688721,1.8147155497502676,9.047057133627174,8
3,25.99530737167624,5.169578359049208,1.5201847995801203,8.818971918518296,8
3,26.366668905557333,5.143175067125021,1.4049582981522013,8.88139183609784,8
3,26.73803043943842,5.176006827062456,1.356955637976497,8.995058016148414,8
3,27.109391973319507,5.482626481393255,1.5313523623514809,9.43390060043503,8
3,27.4807535072006,5.540573604587392,1.4466525418093665,9.634494667365416,8
3,27.852115041081685,5.577233991623113,1.4038030926206506,9.750664890625576,8
3,28.223476574962774,5.763628287474447,1.5576004917862836,9.96965608316261,8
3,28.594838108843867,6.072953944456959,1.7407285367100513,10.405179352203866,8
3,28.966199642724952,6.249805469674151,1.8022323104011484,10.697378628947154,8
3,29.337561176606044,6.373340780983167,1.8816343656533485,10.865047196312986,8
3,29.708922710487133,6.3098300401699134,1.7594180697959985,10.860242010543828,8
3,30.08028424436822,6.465286744672116,1.713125619933308,11.217447869410924,8
3,30.45164577824931,6.672896002773117,1.8582483352875885,11.487543670258646,8
3,30.8230073121304,6.70595575420691,1.8706107851240148,11.541300723289805,8
3,31.194368846011486,6.913038461396632,1.946042225780559,11.880034697012706,8
3,31.565730379892578,6.809890000641243,1.550902637301979,12.068877363980507,8
3,31.937091913773667,7.0569772989576895,1.7305222997945569,12.383432298120823,8
3,32.308453447654756,7.102635669498274,1.751242942060368,12.454028396936181,8
3,32.67981498153585,7.391813151945886,1.9610508114672234,12.822575492424548,8
3,33.051176515416934,7.131861383631578,1.9599797214105745,12.303743045852581,8
3,33.42253804929802,7.026988313898022,1.714711487962079,12.339265139833964,8
3,33.79389958317911,7.007268037632681,1.648631472014424,12.365904603250938,8
3,34.165261117060204,7.1914705089885835,1.7699384209342615,12.613002597042906,8
3,34.53662265094129,6.7882228416131625,1.691321171607309,11.885124511619015,8
3,34.90798418482238,6.86481554544097,1.6088776301083074,12.120753460773631,8
3,35.27934571870347,6.765222461148734,1.4524728255385257,12.077972096758941,8
3,35.65070725258456,6.834743319657514,1.4341722944315727,12.235314344883456,8
3,36.022068786465645,6.991504601316121,1.5265794996833275,12.456429702948915,8
3,36.39343032034674,6.845078969589094,1.357683658566442,12.332474280611747,8
3,36.76479185422783,6.854815692476541,1.2477869344959398,12.461844450457143,8
3,37.136153388108916,6.719102474720789,0.9066994249864546,12.531505524455124,8
3,37.50751492199001,6.909869685113247,1.087601768458545,12.732137601767949,8
3,37.878876455871094,6.883796946782985,1.058202800341041,12.709391093224928,8
3,38.25023798975218,6.951334386919068,1.0480158586398938,12.85465291519824,8
3,38.62159952363327,6.966097505929411,0.8376380726945989,13.094556939164223,8
3,38.992961057514364,6.792669837371762,0.5943121142077832,12.991027560535741,8
3,39.36432259139545,6.778482826127245,0.5894569921628054,12.967508660091685,8
3,39.73568412527654,6.810310975942159,0.5732257953917976,13.047396156492521,8
3,40.10704565915763,6.63648667997773,0.5777228856782797,12.69525047427718,8
3,40.47840719303872,6.643244713504798,0.44285637513276743,12.843633051876829,8
3,40.849768726919805,6.681778795261236,0.5078893928923476,12.855668197630123,8
3,41.22113026080089,6.847004536849009,0.49016134390273436,13.203847729795283,8
3,41.59249179468199,6.942839923482427,0.4874043347671826,13.39827551219767,8
3,41.963853328563076,7.020876938143663,0.4581059291711229,13.583647947116201,8
3,42.33521486244416,7.0554446355143465,0.45854400460512146,13.652345266423572,8
3,42.706576396325254,7.240327344087376,0.5452873056527823,13.93536738252197,8
3,43.07793793020634,7.468729660269769,0.6175534277309929,14.319905892808546,8
3,43.44929946408743,7.481034179717417,0.506330190076385,14.45573816935845,8
3,43.820660997968524,7.4374348803916135,0.42330322078178817,14.451566540001439,8
3,44.19202253184961,7.620739588459847,0.48448450340697224,14.756994673512722,8
3,44.563384065730695,7.8783808591162945,0.5701359468479703,15.18662577138462,8
3,44.934745599611794,7.965835131806823,0.5161289745971915,15.415541289016453,8
3,45.30610713349288,7.925165000319691,0.44775571301087425,15.402574287628507,8
3,45.677468667373965,7.779858304195532,0.2417988726160365,15.317917735775026,8
3,46.04883020125506,8.029167459964109,0.38614892657593103,15.672185993352286,8
3,46.42019173513614,7.9328076839939605,0.5378522269228743,15.327763141065047,8
3,46.79155326901723,7.919536311348702,0.5119611670164241,15.327111455680981,8
3,47.16291480289833,7.928281973104186,0.37975680052832494,15.476807145680047,8
3,47.53427633677941,8.177591052366813,0.4653366390242555,15.88984546570937,8
3,47.9056378706605,8.26607840256286,0.5574036360566161,15.974753169069103,8
3,48.27699940454159,8.387358364610936,0.5245585373834407,16.25015819183843,8
3,48.64836093842268,8.58531313498167,0.5138687906832455,16.656757479280095,8
3,49.01972247230376,8.84219786296382,0.5573394717686728,17.127056254158965,8
3,49.39108400618486,8.923409677153593,0.5604406606845274,17.28637869362266,8
3,49.76244554006595,8.998239435165122,0.5392283645908549,17.45725050573939,8
3,50.13380707394703,9.19508051089865,0.5322902094740822,17.85787081232322,8
3,50.505168607828125,9.441529270707672,0.5721375033800786,18.310921038035268,8
3,50.87653014170922,9.56602863371713,0.6224963043607321,18.509560963073525,8
3,51.2478916755903,9.648439963442677,0.6013426043484298,18.69553732253692,8
3,51.619253209471395,9.900781258790428,0.6368401354526547,19.1647223821282,8
3,51.99061474335248,10.095866007261723,0.6422456376234003,19.549486376900045,8
3,52.361976277233566,10.199503471129022,0.6550683289204944,19.743938613337548,8
3,52.733337811114666,10.320922203555721,0.6558705630383646,19.98597384407308,8
3,53.10469934499575,10.603345865530352,0.6864531309786592,20.520238600082045,8
3,53.47606087887684,10.784567902908835,0.6787533122303966,20.890382493587275,8
3,53.84742241275793,10.736788191253614,0.5493630573680566,20.92421332513917,8
3,54.218783946639014,10.675041924763178,0.3921396875304026,20.957944161995954,8
3,54.5901454805201,11.08559770559771,0.698325065348703,21.472870345846715,8
3,54.9615070144012,11.424347073677469,0.896943612784213,21.951750534570724,8
3,55.332868548282285,11.43787536527568,0.8618452183305187,22.01390551222084,8
3,55.70423008216337,11.425406243335882,0.6427291606900116,22.208083325981754,8
3,56.07559161604446,11.407678067538829,0.7396669616343488,22.07568917344331,8
3,56.44695314992555,11.548144358296886,1.0796540052444517,22.01663471134932,8
3,56.81831468380664,11.637867826056896,1.1485494954394966,22.127186156674295,8
3,57.18967621768773,11.856460809452503,1.3884727364667135,22.324448882438293,8
3,57.56103775156882,11.774546622980687,1.0065980193788242,22.54249522658255,8
3,57.932399285449904,11.957776598615025,1.2216446704481623,22.69390852678189,8
3,58.303760819330996,12.180507225432798,1.1666966457864643,23.19431780507913,8
3,58.67512235321209,12.283585046696679,1.3924984158853473,23.17467167750801,8
3,59.046483887093174,12.266652138666528,1.0840589432469478,23.449245334086108,8
3,59.41784542097427,12.215867581617722,1.0960819617049289,23.335653201530516,8
3,59.78920695485535,12.131259262253842,1.049562232688542,23.21295629181914,8
3,60.16056848873644,12.123204858088283,1.3331233527831898,22.913286363393375,8
3,60.53193002261754,12.354292399458803,1.5427239626744207,23.165860836243183,8
3,60.90329155649862,12.163387077125549,1.1453307810003164,23.18144337325078,8
3,61.27465309037971,12.302318958348664,1.082777103099085,23.521860813598245,8
3,61.6460146242608,12.588807145539754,1.2936089614151722,23.884005329664333,8
3,62.017376158141886,12.7767824724837,1.4531011424603477,24.10046380250705,8
3,62.38873769202297,12.793802456588825,1.3951687106966588,24.19243620248099,8
3,62.76009922590407,12.738497346370162,1.3391219514600792,24.137872741280244,8
3,63.131460759785156,13.090366773464275,1.6484910844087306,24.532242462519818,8
3,63.50282229366624,13.329414578746317,1.8903276770597142,24.768501480432917,8
3,63.874183827547334,13.556799150476206,1.9464786565135235,25.167119644438888,8
3,64.24554536142843,13.662265578525306,2.1097456563462806,25.21478550070433,8
3,64.61690689530951,13.645879951574134,2.0155298397960113,25.27623006335226,8
3,64.9882684291906,13.573669440091878,2.040872897905192,25.106465982278564,8
3,65.3596299630717,13.790362661203723,2.201293890281674,25.37943143212577,8
3,65.73099149695278,13.718931365283671,2.397430898625659,25.04043183194168,8
3,66.10235303083387,13.483665665039794,1.7881751143076645,25.179156215771926,8
3,66.47371456471495,13.636826708539722,2.0085167243966247,25.26513669268282,8
3,66.84507609859604,13.613207541448007,2.045302284205718,25.181112798690297,8
3,67.21643763247714,13.36492524446327,2.0899447420940884,24.639905746832454,8
3,67.58779916635822,13.544929595712953,2.0436143711053614,25.046244820320545,8
3,67.95916070023931,13.628763254879878,2.133058653410357,25.124467856349398,8
3,68.33052223412041,13.728504492029169,2.209202733678447,25.247806250379888,8
3,68.7018837680015,14.0371462664639,2.3785949724971793,25.69569756043062,8
3,69.07324530188258,13.815532227938071,2.5083858360297437,25.122678619846397,8
3,69.44460683576368,13.919253216420588,2.3083130321609424,25.530193400680233,8
3,69.81596836964476,14.013088674677448,2.4034468252498176,25.62273052410508,8
3,70.18732990352585,14.344078878424483,2.6698382750646132,26.018319481784353,8
3,70.55869143740694,14.5876909959497,2.9101443697503786,26.265237622149023,8
3,70.93005297128802,14.78219629412202,2.7508486899149016,26.813543898329137,8
3,71.30141450516912,14.871340565603782,2.7947677445245542,26.947913386683013,8
3,71.6727760390502,14.940749899724183,2.6934710961968236,27.188028703251543,8
3,72.04413757293129,15.31458298401795,3.006067542634531,27.623098425401366,8
3,72.41549910681239,14.998665906243298,2.6436094777257644,27.353722334760832,8
3,72.78686064069348,14.916608961900922,2.513457102545111,27.319760821256732,8
3,73.15822217457456,15.22680727176126,2.7179265242529205,27.7356880192696,8
3,73.52958370845566,15.376569171387448,2.6616290550568937,28.091509287718004,8
3,73.90094524233675,15.416086967032687,2.6843163050191947,28.14785762904618,8
3,74.27230677621783,15.455071832785682,2.8803558560772213,28.029787809494145,8
3,74.64366831009893,15.782906849237365,3.150426149517367,28.415387548957362,8
3,75.01502984398002,15.942835457811693,3.107546677387793,28.77812423823559,8
3,75.3863913778611,15.970204088777155,3.070746773158202,28.86966140439611,8
3,75.75775291174219,16.13276860314521,3.1748568522344307,29.090680354055987,8
3,76.12911444562327,16.11594749480812,3.00782811029881,29.224066879317427,8
3,76.50047597950436,16.442851650655147,3.186904652533622,29.698798648776673,8
3,76.87183751338546,16.309788625200255,2.98577974353039,29.63379750687012,8
3,77.24319904726654,16.276527723420816,2.8683185805795954,29.684736866262035,8
3,77.61456058114763,16.641485550459702,3.190994236744624,30.091976864174782,8
3,77.98592211502873,16.998473440008418,3.4878911784922817,30.509055701524552,8
3,78.35728364890981,17.098592720905863,3.4462908862493578,30.75089455556237,8
3,78.7286451827909,17.136187191164574,3.516369670499742,30.756004711829405,8
3,79.100006716672,17.418963503178862,3.7701116548692433,31.06781535148848,8
3,79.47136825055308,17.55151226100374,3.9822759610853193,31.12074856092216,8
3,79.84272978443417,17.564585494192112,4.0406327796941035,31.08853820869012,8
3,80.21409131831525,17.720878929178237,4.303809376741565,31.13794848161491,8
3,80.58545285219635,17.59785797249738,4.084087542865415,31.111628402129345,8
3,80.95681438607744,17.762292356058925,4.254399963410526,31.270184748707322,8
3,81.32817591995853,17.8029160134284,4.317820102049387,31.288011924807414,8
3,81.69953745383961,18.00921454902786,4.455745928434602,31.562683169621117,8
3,82.07089898772071,18.163841130056618,4.7887683148407145,31.53891394527252,8
3,82.44226052160178,18.265111674411372,4.7543846878362555,31.775838660986487,8
3,82.81362205548288,18.287522003735234,4.800234476892175,31.774809530578292,8
3,83.18498358936398,18.37042540209912,4.831077132042804,31.909773672155435,8
3,83.55634512324505,18.73886782828273,5.038356895068539,32.43937876149692,8
3,83.92770665712615,19.035284615490266,5.11789453163674,32.95267469934379,8
3,84.29906819100725,19.138987786217882,5.300972844757764,32.977002727678,8
3,84.67042972488832,19.27506572072517,5.444713602181727,33.10541783926861,8
3,85.04179125876942,19.489762765642414,5.650837392389434,33.328688138895394,8
3,85.41315279265051,19.389647681093088,5.774831944254721,33.004463417931454,8
3,85.78451432653159,19.36408032948365,5.744934995124874,32.983225663842425,8
3,86.15587586041268,19.487197178275945,5.819581395305905,33.15481296124599,8
3,86.52723739429378,19.628497119531836,5.972510820374779,33.28448341868889,8
3,86.89859892817486,19.708547156060327,6.114275563795163,33.30281874832549,8
3,87.26996046205595,19.814898184475304,6.222430336102754,33.407366032847854,8
3,87.64132199593705,19.817439063173317,6.003694865367104,33.63118326097953,8
3,88.01268352981812,19.9098588396135,5.920112234905092,33.89960544432191,8
3,88.38404506369922,19.98279325213077,5.9564825066154405,34.00910399764609,8
3,88.75540659758032,20.024719902505247,5.982917928302635,34.06652187670786,8
3,89.12676813146139,20.144925824393226,6.076789348409903,34.21306230037655,8
3,89.49812966534249,20.066953387033024,5.772359721234967,34.361547052831085,8
3,89.86949119922359,20.03647662991702,5.7369649489482875,34.33598831088575,8
3,90.24085273310466,19.9583292180322,5.628517701910765,34.288140734153636,8
3,90.61221426698576,20.095071605257505,5.792229855290385,34.397913355224624,8
3,90.98357580086684,20.030622127062916,5.540645721759896,34.52059853236594,8
3,91.35493733474793,20.037997720272237,5.515423145400218,34.560572295144254,8
3,91.72629886862902,19.982617831985827,5.381820974918108,34.58341468905355,8
3,92.09766040251012,20.039595330601873,5.408606830507047,34.6705838306967,8
3,92.4690219363912,20.13089640122627,5.476598928704359,34.785193873748185,8
3,92.84038347027229,20.304763425593038,5.7147086473915945,34.89481820379448,8
3,93.21174500415339,20.483198691313852,5.8998838228552835,35.06651355977242,8
3,93.58310653803446,20.59470096911703,6.063645531646987,35.12575640658707,8
3,93.95446807191556,20.64913977154471,6.262390094627939,35.03588944846148,8
3,94.32582960579666,20.62828976509241,6.221549464859523,35.0350300653253,8
3,94.69719113967773,20.63665192790851,6.236103760985536,35.03720009483148,8
3,95.06855267355883,20.64536996820692,6.330337850783197,34.96040208563065,8
3,95.43991420743991,20.671653795769384,6.394365219104882,34.94894237243388,8
3,95.811275741321,20.777281431743468,6.411766833653372,35.14279602983356,8
3,96.1826372752021,20.726938303299654,6.2416161083690564,35.21226049823025,8
3,96.55399880908318,20.871514881734925,6.2502950133771265,35.49273475009272,8
3,96.92536034296427,20.694827402923746,6.059588713450157,35.33006609239733,8
3,97.29672187684535,20.62055242990035,5.967992840013325,35.273112019787376,8
3,97.66808341072645,20.845306745071543,6.203772645979322,35.486840844163765,8
3,98.03944494460752,21.143479494822948,6.48893378723028,35.798025202415616,8
3,98.41080647848862,21.244477017750373,6.634839559460675,35.854114476040074,8
3,98.78216801236972,21.293443554144485,6.725980597176564,35.860906511112404,8
3,99.1535295462508,21.641749481661222,7.121909837901697,36.16158912542075,8
3,99.5248910801319,21.960130927258295,7.427811804037761,36.49245005047883,8
3,99.896252614013,22.181383556320508,7.657510962543952,36.705256150097064,8
3,100.26761414789407,22.313265478087082,7.760548323947253,36.86598263222691,8
3,100.63897568177516,22.630895607585064,8.095126371306234,37.16666484386389,8
3,101.01033721565625,22.330167252281548,7.848219706359169,36.81211479820393,8
3,101.38169874953734,22.42438940323412,7.873635160293496,36.97514364617474,8
3,101.75306028341844,22.391002197760184,7.7788573765469895,37.00314701897338,8
3,102.12442181729952,22.464386496461813,7.916434023731423,37.0123389691922,8
3,102.4957833511806,22.593937983699988,8.08804919309551,37.09982677430447,8
3,102.86714488506169,22.662309894986244,8.220857112912498,37.10376267705999,8
3,103.23850641894279,22.73882512428191,8.377292011075081,37.100358237488734,8
3,103.60986795282386,22.87667190267322,8.58400495505745,37.16933885028899,8
3,103.98122948670496,23.045134002469943,8.805737814943727,37.28453018999616,8
3,104.35259102058606,22.9995322389356,8.798807546767915,37.20025693110328,8
3,104.72395255446713,22.86697087393584,8.785030395709938,36.948911352161744,8
3,105.09531408834823,23.11235399393055,9.05177532163736,37.172932666223744,8
3,105.46667562222933,23.191596897895643,9.19228093471805,37.19091286107324,8
3,105.8380371561104,23.179521490438574,9.188622369293347,37.1704206115838,8
3,106.2093986899915,23.23109710269971,9.347198213520372,37.11499599187905,8
3,106.58076022387259,23.244615810339933,9.410936308909795,37.07829531177007,8
3,106.95212175775367,23.436930469800398,9.6343815580571,37.239479381543696,8
3,107.32348329163476,23.438848026839523,9.657941888888384,37.21975416479066,8
3,107.69484482551586,23.53331171943634,9.870512870259647,37.19611056861304,8
3,108.06620635939694,23.56874389239689,9.946877993007655,37.19060979178612,8
3,108.43756789327803,23.851954251640805,10.20034661609934,37.50356188718227,8
3,108.80892942715913,23.88728055953507,10.228592826448553,37.54596829262159,8
3,109.1802909610402,24.010979937456078,10.399620320251795,37.62233955466036,8
3,109.5516524949213,24.151495940485354,10.498787933877635,37.80420394709307,8
3,109.9230140288024,24.01380280302294,10.148191053300025,37.87941455274586,8
3,110.29437556268347,24.00599914962008,10.129098775256626,37.88289952398354,8
3,110.66573709656457,24.17888994950419,10.320934666324893,38.03684523268348,8
3,111.03709863044567,24.30440958980237,10.53558997659634,38.073229203008395,8
3,111.40846016432674,24.1430025645029,10.4486508926607,37.8373542363451,8
3,111.77982169820784,24.20588400063622,10.594930782300684,37.816837218971756,8
3,112.15118323208893,24.075456957192852,10.310159213229776,37.84075470115593,8
3,112.52254476597001,24.20113790337205,10.45725224067193,37.945023566072166,8
3,112.8939062998511,24.228652226054844,10.479319925817919,37.97798452629177,8
3,113.2652678337322,24.361701377797324,10.496581216077058,38.22682153951759,8
3,113.63662936761328,24.175156986601134,10.026155648803972,38.3241583243983,8
3,114.00799090149437,24.423487517821606,10.289304276201895,38.557670759441315,8
3,114.37935243537547,24.429095536357305,10.309094031774027,38.54909704094058,8
3,114.75071396925654,24.508011198867877,10.397438557106646,38.61858384062911,8
3,115.12207550313764,24.62181339957143,10.400949838679775,38.84267696046308,8
3,115.49343703701874,24.804254659593493,10.695284472835231,38.91322484635175,8
3,115.86479857089981,24.875342155306775,10.784957352535148,38.965726958078406,8
3,116.23616010478091,24.967313357146235,10.890157367317613,39.04446934697486,8
3,116.60752163866199,25.117955562698853,10.969229457884019,39.26668166751369,8
3,116.97888317254308,25.02984092019148,11.219233104174355,38.8404487362086,8
3,117.35024470642418,25.056674610200922,11.282362311154312,38.83098690924753,8
3,117.72160624030526,25.16766247574437,11.426637671502222,38.908687279986516,8
3,118.09296777418635,25.41092934692891,11.749135237225175,39.072723456632644,8
3,118.46432930806743,25.803869436983064,12.293618692899832,39.31412018106629,8
3,118.83569084194853,25.959699886661056,12.39064192865868,39.52875784466343,8
3,119.2070523758296,26.050868325217312,12.536248748762617,39.56548790167201,8
3,119.5784139097107,26.085831871763148,12.659925732999474,39.51173801052682,8
3,119.9497754435918,26.276251818203857,12.926291268996183,39.62621236741153,8
3,120.32113697747288,26.40605818852321,13.12495592400398,39.68716045304244,8
3,120.69249851135397,26.493322135201563,13.12400334529899,39.86264092510414,8
3,121.06386004523507,26.462726762724458,13.143044095104141,39.78240943034477,8
3,121.43522157911615,26.622783149299536,13.264281144269157,39.98128515432992,8
3,121.80658311299725,26.66032572381588,13.276579633760296,40.04407181387147,8
3,122.17794464687833,26.6164161831276,13.12975951821244,40.103072848042764,8
3,122.54930618075942,26.80615455517163,13.3675383022996,40.24477080804366,8
3,122.92066771464052,26.78085134387372,13.3919882615371,40.16971442621034,8
3,123.2920292485216,26.796797595782824,13.41894613061621,40.174649060949434,8
3,123.66339078240269,26.86218845196406,13.824040386101997,39.90033651782612,8
3,124.03475231628377,26.797982135760034,13.603730616283713,39.992233655236355,8
3,124.40611385016487,26.794238695025378,13.657335860644425,39.93114152940633,8
3,124.77747538404594,26.77068644047659,13.636240813595599,39.905132067357584,8
3,125.14883691792704,26.730261178888988,13.990079152907047,39.47044320487093,8
3,125.52019845180814,26.783259715912756,13.942640925903582,39.62387850592193,8
3,125.89155998568921,26.831487674737375,13.958569123181801,39.704406226292946,8
3,126.26292151957031,26.921839883405394,14.050008364705853,39.793671402104934,8
3,126.63428305345141,27.131800452097508,14.264637437687096,39.99896346650792,8
3,127.00564458733248,27.380847765904456,14.497776667868578,40.26391886394033,8
3,127.37700612121358,27.450961781679204,14.516394436991202,40.3855291263672,8
3,127.74836765509467,27.511226998167533,14.535559371095028,40.48689462524004,8
3,128.11972918897575,27.596884668704824,14.661486581119153,40.5322827562905,8
3,128.49109072285685,27.505072677793322,14.951081904055174,40.05906345153147,8
3,128.86245225673795,27.575156296829565,14.985693071560023,40.16461952209911,8
3,129.23381379061902,27.761927066292504,15.261110970018418,40.26274316256659,8
3,129.60517532450012,27.9049558842512,15.278435781921706,40.531475986580695,8
3,129.9765368583812,28.13026894573636,15.498221692748794,40.76231619872393,8
3,130.3478983922623,28.205023371685655,15.439591631093666,40.97045511227765,8
3,130.7192599261434,28.335384338132716,15.629992074592218,41.040776601673215,8
3,131.09062146002447,28.484080375769842,15.674575079677561,41.293585671862125,8
3,131.46198299390556,28.541269584195618,15.76195939242834,41.3205797759629,8
3,131.83334452778664,28.582258705014247,15.774184391587065,41.39033301844143,8
3,132.20470606166774,28.68181433189745,15.85342716173392,41.51020150206098,8
3,132.5760675955488,28.90086680881132,15.957856938433004,41.843876679189634,8
3,132.9474291294299,28.99537379570876,16.017625009843808,41.973122581573705,8
3,133.318790663311,28.93070182697993,15.996558736121914,41.86484491783795,8
3,133.69015219719208,29.05408259275685,16.02964443273055,42.07852075278315,8
3,134.06151373107318,29.092862799134636,15.988741179405054,42.19698441886422,8
3,134.43287526495428,29.18706402415775,15.982825905460293,42.3913021428552,8
3,134.80423679883535,29.147698801494716,15.886275909082082,42.40912169390735,8
3,135.17559833271645,29.324666851962455,15.923933220501427,42.725400483423485,8
3,135.54695986659755,29.455218714291973,16.09716485051821,42.813272578065735,8
3,135.91832140047862,29.624492136607536,16.220365428446712,43.02861884476836,8
3,136.28968293435972,29.66516506298348,16.242749852928284,43.087580273038675,8
3,136.66104446824082,29.663350721126967,16.01784605734737,43.308855384906565,8
3,137.0324060021219,29.862987166475044,16.224122744326948,43.50185158862314,8
3,137.403767536003,30.042811304945808,16.33700488652041,43.748617723371204,8
3,137.7751290698841,30.093598791303933,16.382964538269817,43.80423304433805,8
3,138.14649060376516,30.344802875315185,16.60602634622396,44.08357940440641,8
3,138.51785213764626,30.330685354025974,16.355100190618543,44.306270517433404,8
3,138.88921367152736,30.52759517083875,16.44178512238195,44.61340521929555,8
3,139.26057520540843,30.531902899730877,16.465937917082282,44.597867882379475,8
3,139.63193673928953,30.724594124616463,16.639491421347714,44.80969682788521,8
3,140.00329827317063,30.781192384029506,16.487935294953072,45.07444947310594,8
3,140.3746598070517,30.842557503985184,16.49038713225268,45.19472787571769,8
3,140.7460213409328,31.172077452804423,16.64945727135366,45.694697634255185,8
3,141.11738287481387,31.364948338570024,16.79173968257151,45.93815699456854,8
3,141.48874440869497,31.461279658811307,16.688211585695562,46.23434773192705,8
3,141.86010594257604,31.475484770641437,16.667125424358346,46.28384411692453,8
3,142.23146747645714,31.678949646129936,16.70604563036095,46.651853661898926,8
3,142.60282901033824,32.051111941145905,16.963048729334893,47.139175152956916,8
3,142.9741905442193,32.15435859612626,16.940481663422254,47.36823552883026,8
3,143.3455520781004,32.13432950419731,16.863000126358514,47.40565888203611,8
3,143.7169136119815,32.159585065932966,16.862045839989143,47.45712429187679,8
3,144.08827514586258,32.3605527811348,16.835655576928673,47.88544998534093,8
3,144.45963667974368,32.36181295222828,16.696535837805055,48.027090066651496,8
3,144.83099821362478,32.34087245614202,16.632994584177432,48.048750328106614,8
3,145.20235974750585,32.37723247488404,16.524081341236,48.23038360853208,8
3,145.57372128138695,32.47517273391769,16.461018717180227,48.48932675065515,8
3,145.94508281526805,32.61374031555192,16.44607328352746,48.78140734757638,8
3,146.31644434914912,32.62117305342253,16.440718763250892,48.80162734359417,8
3,146.68780588303022,32.569884209644385,16.230749171074972,48.909019248213795,8
3,147.05916741691132,32.458429637669965,16.111197790009363,48.80566148533057,8
3,147.4305289507924,32.45887324841973,16.078273237628046,48.83947325921141,8
3,147.8018904846735,32.64910266343166,15.96099901372627,49.33720631313706,8
3,148.1732520185546,32.722835408771765,16.018867616849867,49.42680320069366,8
3,148.54461355243566,32.686050813071404,15.93158994128644,49.44051168485637,8
3,148.91597508631676,32.75409747792306,16.038874197503183,49.46932075834294,8
3,149.28733662019786,32.82343613596491,16.142442704896116,49.50442956703371,8
3,149.65869815407893,33.03167951275502,16.613849067906656,49.44950995760338,8
3,150.03005968796003,33.30648188641828,16.84132242473302,49.77164134810354,8
3,150.4014212218411,33.21820635425188,16.694110413209867,49.7423022952939,8
3,150.7727827557222,33.193966768998706,16.657459461800673,49.73047407619674,8
3,151.14414428960328,33.30797634847775,17.003232725157403,49.6127199717981,8
3,151.51550582348438,33.41487372823953,16.974780721977353,49.8549667345017,8
3,151.88686735736547,33.5447744622024,17.088741836303985,50.000807088100814,8
3,152.25822889124655,33.59454061264192,17.117773809449133,50.07130741583471,8
3,152.62959042512765,33.62640701247286,17.52393870456975,49.72887532037597,8
3,153.00095195900872,33.856077524734694,17.631968734032657,50.080186315436734,8
3,153.37231349288982,34.11385547524001,17.89054926736417,50.337161683115845,8
3,153.74367502677092,34.22854289192717,17.9541196823864,50.50296610146794,8
3,154.115036560652,34.48609100134494,18.090717540963496,50.88146446172638,8
3,154.4863980945331,34.75889501995539,18.268388720796928,51.24940131911385,8
3,154.8577596284142,34.7823492310457,18.218252840443228,51.34644562164817,8
3,155.22912116229526,34.831997469747705,18.15057248301635,51.51342245647906,8
3,155.60048269617636,35.13589602768412,18.33957310342227,51.93221895194597,8
3,155.97184423005746,35.34703432877655,18.4359200547048,52.25814860284831,8
3,156.34320576393853,35.38054901276935,18.445257478250504,52.3158405472882,8
3,156.71456729781963,35.440700864826624,18.477612919222604,52.40378881043064,8
3,157.08592883170073,35.48966601936796,18.210523446893948,52.768808591841974,8
3,157.4572903655818,35.752767771300014,18.32296827452408,53.18256726807595,8
3,157.8286518994629,35.770368911551564,18.283748303680152,53.25698951942297,8
3,158.200013433344,35.93239079564681,18.469162040643518,53.3956195506501,8
3,158.57137496722507,36.033736424233545,18.32113350874925,53.74633933971784,8
3,158.94273650110617,36.168560129857944,18.75343800683955,53.58368225287634,8
3,159.31409803498727,36.218003784261526,18.765136937528457,53.6708706309946,8
3,159.68545956886834,36.29482146817489,18.868197742049933,53.72144519429985,8
3,160.05682110274944,36.55123883772374,19.00670577269996,54.095771902747515,8
3,160.4281826366305,36.4970127381533,18.90461290328266,54.08941257302394,8
3,160.7995441705116,36.47520126179038,18.84174561882961,54.10865690475116,8
3,161.1709057043927,36.598596217795816,19.249644697693018,53.94754773789862,8
3,161.54226723827378,36.93748805712883,19.499818610392182,54.37515750386548,8
3,161.91362877215488,36.99216389456252,19.440216724682806,54.54411106444224,8
3,162.28499030603595,37.127899846530624,19.469985346099843,54.7858143469614,8
3,162.65635183991705,37.368388006877304,19.617555155960265,55.119220857794346,8
3,163.02771337379815,37.317375836718796,19.836801713001744,54.797949960435844,8
3,163.39907490767922,37.385675417459794,19.839278519333522,54.93207231558607,8
3,163.77043644156032,37.66359399263261,20.126724895055375,55.20046309020985,8
3,164.14179797544142,37.952527448347524,20.242722375744695,55.66233252095036,8
3,164.5131595093225,38.18482095183758,20.668309981809745,55.70133192186542,8
3,164.88452104320356,38.295593181849036,20.750061469691786,55.841124894006285,8
3,165.2558825770847,38.395151048888025,20.832457995864893,55.95784410191116,8
3,165.62724411096576,38.05708677718574,20.348270971291004,55.765902583080475,8
3,165.99860564484683,38.184432072866336,20.321818441690322,56.04704570404235,8
3,166.36996717872796,38.359012008394274,20.428780582280453,56.289243434508094,8
3,166.74132871260903,38.50065439185813,20.526054269840095,56.47525451387616,8
3,167.1126902464901,38.97088643003761,20.942603784514745,56.999169075560474,8
3,167.48405178037123,39.21079076140494,20.8629605323625,57.55862099044737,8
3,167.8554133142523,39.36245721739317,20.980959506153777,57.74395492863256,8
3,168.22677484813337,39.57514042197831,21.13860709769778,58.01167374625884,8
3,168.5981363820145,39.89198982223333,21.36481361010478,58.41916603436188,8
3,168.96949791589557,39.89647588276982,21.06425717324836,58.728694592291276,8
3,169.34085944977664,39.84613632709258,20.887756301625945,58.80451635255922,8
3,169.71222098365774,39.928969895531026,20.88756449970022,58.97037529136183,8
3,170.08358251753884,40.27786409340123,21.17713279580804,59.37859539099442,8
3,170.45494405141991,40.4085225836811,21.211242010923215,59.60580315643898,8
3,170.82630558530101,40.37797292063688,21.11756070153563,59.638385139738126,8
3,171.1976671191821,40.28937764483272,20.770675144078364,59.80808014558707,8
3,171.56902865306319,40.61712403883853,21.029647715096274,60.20460036258079,8
3,171.94039018694428,40.762765816873355,21.12821564347606,60.39731599027065,8
3,172.31175172082536,40.90532856988541,21.262375434336324,60.548281705434505,8
3,172.68311325470646,41.184187097246664,21.354736625914306,61.01363756857902,8
3,173.05447478858756,41.455379646744575,21.53587235814841,61.37488693534074,8
3,173.42583632246863,41.72602930195846,21.779228768964167,61.67282983495276,8
3,173.79719785634973,41.81275469714552,21.83103332945027,61.79447606484077,8
3,174.16855939023083,42.197522867207695,22.2134889448284,62.18155678958699,8
3,174.5399209241119,42.23182372818258,22.454797875615167,62.008849580749995,8
3,174.91128245799297,42.37654454763249,22.548499398864706,62.20458969640028,8
3,175.2826439918741,42.40187929336479,22.58030260403085,62.22345598269874,8
3,175.65400552575517,42.729039958702955,22.92128312042158,62.53679679698433,8
3,176.02536705963624,42.783940080371536,22.901874316866163,62.66600584387691,8
3,176.39672859351737,43.15605168452609,22.927386122574966,63.384717246477216,8
3,176.76809012739844,43.212418323639405,22.996021874369557,63.42881477290925,8
3,177.1394516612795,43.52304709042842,23.305524357964188,63.74056982289265,8
3,177.51081319516064,43.74361709301378,23.616730086011835,63.87050410001573,8
3,177.8821747290417,43.94265395491069,23.870808778970545,64.01449913085084,8
3,178.25353626292278,43.764671258499874,23.660976537950816,63.86836597904893,8
3,178.6248977968039,44.08830938680484,24.042619319567265,64.13399945404241,8
3,178.99625933068498,44.42829195817433,24.38626820076055,64.4703157155881,8
3,179.36762086456605,44.44755174121037,24.344924290018803,64.55017919240194,8
3,179.73898239844718,44.48573499858446,24.37496146998598,64.59650852718295,8
3,180.11034393232825,44.87876007999903,24.727609695299048,65.02991046469901,8
3,180.48170546620932,45.27081877015973,25.09419654412656,65.4474409961929,8
3,180.85306700009042,45.38394797358409,25.198218686976695,65.5696772601915,8
3,181.22442853397152,45.75039635654553,25.741274934605187,65.75951777848587,8
3,181.5957900678526,45.9214035257206,25.981493765030862,65.86131328641034,8
3,181.9671516017337,46.33272064664794,26.397106491754663,66.26833480154122,8
3,182.3385131356148,46.29235559798991,26.345439992552187,66.23927120342763,8
3,182.70987466949586,46.56708111034206,26.769160507606397,66.36500171307772,8
3,183.08123620337696,46.85450653912761,26.857193341613918,66.8518197366413,8
3,183.45259773725803,47.067969733477895,27.070477921878314,67.06546154507748,8
3,183.82395927113913,47.12275642339921,27.104825700911213,67.1406871458872,8
3,184.19532080502023,47.31971425619183,27.03402889623717,67.60539961614649,8
3,184.5666823389013,47.731993302979916,27.433543885607108,68.03044272035272,8
3,184.9380438727824,47.88836328124452,27.405524034670748,68.3712025278183,8
3,185.3094054066635,47.97462238351348,27.472311161802786,68.47693360522416,8
3,185.68076694054457,48.31979228424738,27.880291561137632,68.75929300735712,8
3,186.05212847442564,48.79060759968242,28.385259256367043,69.19595594299778,8
3,186.42349000830677,48.957786890897395,28.516622263407907,69.39895151838688,8
3,186.79485154218784,48.96379452885134,28.443523736049624,69.48406532165305,8
3,187.1662130760689,49.121320683691515,28.659672576268655,69.58296879111438,8
3,187.53757460995004,49.5269481589128,29.132363158019487,69.92153315980612,8
3,187.9089361438311,49.62297952127834,29.227093981601517,70.01886506095516,8
3,188.28029767771218,49.73406957310354,29.33093782282565,70.13720132338143,8
3,188.6516592115933,49.88304033425877,29.61461510584949,70.15146556266805,8
3,189.02302074547438,50.27393985928999,29.98737240631071,70.56050731226927,8
3,189.39438227935545,50.34250491248618,30.026091968143874,70.65891785682848,8
3,189.76574381323658,50.5711134548515,30.315192353674494,70.82703455602851,8
3,190.13710534711765,50.68583280176506,30.59988634909214,70.77177925443797,8
3,190.50846688099872,51.11175066453042,31.00880254578272,71.21469878327812,8
3,190.87982841487982,51.225102719668456,31.074353455688957,71.37585198364795,8
3,191.25118994876092,51.30164750467379,31.181305545154693,71.42198946419288,8
3,191.622551482642,51.7968361340957,31.74563815503089,71.84803411316051,8
3,191.9939130165231,52.224776325381754,32.181935513112016,72.26761713765148,8
3,192.3652745504042,52.31592607874988,32.25806159465644,72.37379056284333,8
3,192.73663608428527,52.45675699477399,32.38627529907325,72.52723869047473,8
3,193.10799761816637,52.71540642310787,32.60810385473794,72.82270899147781,8
3,193.47935915204744,52.85996717080674,32.38537385471656,73.33456048689692,8
3,193.85072068592854,52.81614000129662,32.14631299593387,73.48596700665937,8
3,194.22208221980964,52.83387116607194,32.15456929115694,73.51317304098694,8
3,194.5934437536907,53.023099291533406,32.351260734651454,73.69493784841535,8
3,194.9648052875718,52.94451566598988,32.13660316020606,73.75242817177372,8
3,195.3361668214529,52.93972303317631,32.144044978136506,73.73540108821611,8
3,195.70752835533398,52.679969922353024,31.925291221526745,73.4346486231793,8
3,196.07888988921505,52.893818032147614,32.16353885683077,73.62409720746446,8
3,196.45025142309618,52.87769467988243,32.06788662657488,73.68750273318997,8
3,196.82161295697725,52.88827408208614,32.01333675974979,73.76321140442249,8
3,197.19297449085832,52.96336869970432,32.17398033777264,73.752757061636,8
3,197.56433602473945,53.01174254276511,32.37948893745066,73.64399614807957,8
3,197.93569755862052,53.09311963732913,32.454639074076695,73.73160020058157,8
3,198.3070590925016,53.246419700301146,32.82024705215666,73.67259234844563,8
3,198.67842062638272,53.50028358802617,33.145030059616204,73.85553711643614,8
3,199.0497821602638,53.35556992942823,33.07394082599722,73.63719903285923,8
3,199.42114369414486,53.49896353838021,33.27046814429468,73.72745893246574,8
3,199.792505228026,53.49860473032379,33.305168412578894,73.69204104806869,8
3,200.16386676190706,53.58402992276192,33.593165424126106,73.57489442139774,8
3,200.53522829578813,53.68267962275323,33.715709945883695,73.64964929962275,8
3,200.90658982966926,53.91090768226559,34.077913854988566,73.74390150954261,8
3,201.27795136355033,53.98008300566288,34.14126640524279,73.81889960608297,8
3,201.6493128974314,54.18907187519424,34.386567497061236,73.99157625332724,8
3,202.0206744313125,54.08488284223132,33.97469974140566,74.19506594305699,8
3,202.3920359651936,54.1103108707005,34.09102932750865,74.12959241389235,8
3,202.76339749907467,54.10384183161695,34.15640619627362,74.05127746696027,8
3,203.13475903295577,54.12273779573496,34.28529554493738,73.96018004653254,8
3,203.50612056683687,54.33065813951176,34.64190425222955,74.01941202679397,8
3,203.87748210071794,54.36097946923524,34.66243888098564,74.05952005748483,8
3,204.24884363459904,54.29949360481001,34.59346556281328,74.00552164680674,8
3,204.6202051684801,54.49769894829857,34.927210124465816,74.06818777213132,8
3,204.9915667023612,54.51232593050078,35.01631454096296,74.0083373200386,8
3,205.3629282362423,54.344038615626495,34.72522433850563,73.96285289274735,8
3,205.73428977012338,54.192114118655866,34.45671141063091,73.92751682668083,8
3,206.10565130400448,54.22324802020087,34.578909900584,73.86758613981775,8
3,206.47701283788558,54.29648658312851,34.69320680277215,73.89976636348487,8
3,206.84837437176665,54.19059772984924,34.58905815347732,73.79213730622115,8
3,207.21973590564772,54.256902777391225,34.52445946257105,73.9893460922114,8
3,207.59109743952885,54.239096240990776,34.53137656686522,73.94681591511633,8
3,207.96245897340992,54.159805605461194,34.51408587216545,73.80552533875694,8
3,208.333820507291,54.137004385206886,34.482083990239204,73.79192478017457,8
3,208.70518204117212,54.242485095803175,34.60668593313103,73.87828425847532,8
3,209.0765435750532,54.18166856887965,34.279632756075,74.0837043816843,8
3,209.44790510893426,54.18647262140412,34.45996618972649,73.91297905308176,8
3,209.8192666428154,54.13945346264344,34.41425553845639,73.86465138683049,8
3,210.19062817669646,54.132802339719106,34.42660282805557,73.83900185138265,8
3,210.56198971057754,54.290635103431285,34.39324530598784,74.18802490087472,8
3,210.93335124445866,54.24294258568553,34.27720557381822,74.20867959755284,8
3,211.30471277833973,54.41185686268882,34.13846987298334,74.68524385239431,8
3,211.6760743122208,54.38277896342968,34.10057810063457,74.6649798262248,8
3,212.0474358461019,54.51118774171605,34.25008187541441,74.77229360801769,8
3,212.418797379983,54.333691419800914,33.95814518091948,74.70923765868235,8
3,212.79015891386408,54.37433717394501,33.82039497259133,74.92827937529869,8
3,213.16152044774518,54.517608271679045,33.85136221801329,75.1838543253448,8
3,213.53288198162628,54.64146578847378,33.94902127010123,75.33391030684633,8
3,213.90424351550735,54.54331810371628,33.81569580703503,75.27094040039754,8
3,214.27560504938845,54.558512326709454,33.766132768622086,75.35089188479682,8
3,214.64696658326952,54.411252880208075,33.81347685487166,75.00902890554448,8
3,215.01832811715062,54.59972698740505,33.939631416792764,75.25982255801733,8
3,215.38968965103172,54.60714614266684,33.90468190261167,75.30961038272201,8
3,215.7610511849128,54.65829890981506,33.839982488908305,75.47661533072181,8
3,216.1324127187939,54.85966905635372,33.81448297073484,75.90485514197259,8
3,216.503774252675,55.04801398858001,33.82224944469034,76.27377853246968,8
3,216.87513578655606,55.11193497591407,33.85188100428954,76.3719889475386,8
3,217.24649732043713,55.12018823445361,33.82802964776103,76.41234682114619,8
3,217.61785885431826,55.283053704660105,33.84794130839096,76.71816610092925,8
3,217.98922038819933,55.15698022777812,33.83789419168245,76.47606626387379,8
3,218.3605819220804,55.09318489718057,33.7901466063672,76.39622318799394,8
3,218.73194345596153,55.28659195996835,33.9828951049779,76.5902888149588,8
3,219.1033049898426,55.38764694156934,33.80052323959403,76.97477064354466,8
3,219.47466652372367,55.56764114186214,34.3620263648895,76.77325591883478,8
3,219.8460280576048,55.67459702296432,34.53718938474256,76.81200466118608,8
3,220.21738959148587,55.81156137675643,34.6126443708056,77.01047838270726,8
3,220.58875112536694,55.892758883672094,34.86303399447224,76.92248377287194,8
3,220.96011265924807,56.08275791678242,35.38832134796985,76.77719448559499,8
3,221.33147419312914,56.153218965523955,35.50279673487576,76.80364119617215,8
3,221.7028357270102,56.134658159791975,35.34472023299914,76.92459608658481,8
3,222.07419726089134,56.55934663256971,35.747657039174385,77.37103622596503,8
3,222.4455587947724,56.48401594287507,35.726391817299984,77.24164006845015,8
3,222.81692032865348,56.77503988234349,36.07824283376196,77.47183693092502,8
3,223.18828186253458,56.82386160740202,35.95269788769378,77.69502532711027,8
3,223.55964339641568,57.08055066700279,36.145527679463484,78.0155736545421,8
3,223.93100493029675,57.33702613344378,36.339322762234275,78.33472950465328,8
3,224.30236646417785,57.409302907087486,36.39261522360867,78.4259905905663,8
3,224.67372799805895,57.47242972510493,36.80107729803821,78.14378215217165,8
3,225.04508953194002,57.66952464893696,36.91114525188277,78.42790404599114,8
3,225.41645106582112,57.82702696643281,37.07169791994473,78.58235601292088,8
3,225.7878125997022,57.952497604621975,37.13026409270854,78.7747311165354,8
3,226.1591741335833,58.28729389169844,37.432296334521766,79.14229144887511,8
3,226.5305356674644,58.31653263434312,37.61944284412778,79.01362242455846,8
3,226.90189720134546,58.49856329267931,37.81898131814282,79.1781452672158,8
3,227.27325873522656,58.566314922193115,37.8691955968458,79.26343424754043,8
3,227.64462026910766,58.648926054894545,37.93493158118842,79.36292052860067,8
3,228.01598180298873,59.04633497530651,38.26914880678619,79.82352114382682,8
3,228.3873433368698,59.33120500427309,38.578071462233495,80.08433854631268,8
3,228.75870487075093,59.39250968333151,38.621499292165225,80.1635200744978,8
3,229.130066404632,59.69619308684012,38.92513705901269,80.46724911466754,8
3,229.50142793851307,59.57878410778063,38.84684650268736,80.31072171287389,8
3,229.8727894723942,59.67592856538121,38.79704637299544,80.55481075776699,8
3,230.24415100627527,59.50727744542401,38.48676029430838,80.52779459653964,8
3,230.61551254015635,59.8272399176676,38.80048250103435,80.85399733430084,8
3,230.98687407403747,59.847832567207675,38.85978518342387,80.83587995099148,8
3,231.35823560791854,59.92622195933252,38.96597976523279,80.88646415343226,8
3,231.72959714179962,60.01652519824424,39.062027946184585,80.97102245030389,8
3,232.10095867568074,59.90625377854886,39.38652601132647,80.42598154577125,8
3,232.47232020956181,60.12420171839619,39.68703902663108,80.5613644101613,8
3,232.8436817434429,60.09953564710543,39.69101674346092,80.50805455074993,8
3,233.21504327732399,60.21728769522413,39.81057053312447,80.6240048573238,8
3,233.58640481120509,60.29943503647344,40.233073124036196,80.36579694891068,8
3,233.95776634508616,60.53529667295338,40.41528286775447,80.65531047815229,8
3,234.32912787896726,60.632530453165096,40.51580514577276,80.74925576055743,8
3,234.70048941284836,60.87432624747101,40.780221759855046,80.96843073508697,8
3,235.07185094672943,61.31824023991554,41.213802535563474,81.4226779442676,8
3,235.44321248061053,61.317614662044946,41.46973272850539,81.1654965955845,8
3,235.8145740144916,61.360400936720595,41.525409323551216,81.19539254988997,8
3,236.1859355483727,61.40824865684415,41.569738121463544,81.24675919222476,8
3,236.5572970822538,61.823349299123564,42.009185310736214,81.63751328751091,8
3,236.92865861613487,61.892803176471794,42.15408172676466,81.63152462617893,8
3,237.30002015001597,61.886539185350415,42.20271696922357,81.57036140147726,8
3,237.67138168389707,61.92814617276759,41.909399905621086,81.9468924399141,8
3,238.04274321777814,62.1283094946683,42.18478136110162,82.07183762823499,8
3,238.4141047516592,62.28270120808217,42.355007744551116,82.21039467161323,8
3,238.78546628554034,62.55768088184337,42.459663275269044,82.6556984884177,8
3,239.1568278194214,62.83337050695069,42.67973988961174,82.98700112428965,8
3,239.52818935330248,62.954372416846354,42.72204461190478,83.18670022178793,8
3,239.8995508871836,63.2071714923099,43.01510479372299,83.3992381908968,8
3,240.27091242106468,63.25241715361183,43.06060721162806,83.44422709559561,8
3,240.64227395494575,63.3250444202856,43.07376189117055,83.57632694940065,8
3,241.01363548882688,63.50988935694165,43.09442065560357,83.92535805827973,8
3,241.38499702270795,63.72223038931092,43.37932015214473,84.06514062647712,8
3,241.75635855658902,63.82312744325671,43.56073586033553,84.08551902617789,8
3,242.12772009047015,64.09081154206737,44.091947279958234,84.08967580417651,8
3,242.49908162435122,64.06948380817903,44.11853760200543,84.02043001435263,8
3,242.8704431582323,64.06909213479295,44.09830581767342,84.03987845191249,8
3,243.24180469211342,63.88987376438201,43.79625588876846,83.98349163999556,8
3,243.6131662259945,64.09025256218085,43.71346336066445,84.46704176369725,8
3,243.98452775987556,64.18596592683053,43.77287316544452,84.59905868821654,8
3,244.35588929375666,64.24450768668594,43.81869444490965,84.67032092846222,8
3,244.72725082763776,64.48015891351231,44.074510047960615,84.88580777906401,8
3,245.09861236151883,64.59581204215928,44.224112139886806,84.96751194443175,8
3,245.46997389539993,64.87231350216132,44.503899223623975,85.24072778069866,8
3,245.84133542928103,65.13696237848431,44.462790065615195,85.81113469135343,8
3,246.2126969631621,65.33163982640755,44.73496975997642,85.92830989283868,8
3,246.5840584970432,65.60843894283855,45.02561447025643,86.19126341542066,8
3,246.95542003092427,65.71948653829978,45.15076935636441,86.28820372023515,8
3,247.32678156480537,65.78763119450143,45.24277463576738,86.33248775323548,8
3,247.69814309868647,65.92454186188014,45.551583486573506,86.29750023718678,8
3,248.06950463256754,66.28925518564851,45.91503878176768,86.66347158952935,8
3,248.44086616644861,66.41558048629271,46.031679012429294,86.79948196015613,8
3,248.81222770032974,66.38973313685739,46.015605407050856,86.76386086666392,8
3,249.1835892342108,66.40787224326789,45.63714630363548,87.17859818290029,8
3,249.55495076809189,66.59960748652612,45.87691217470403,87.32230279834822,8
3,249.926312301973,66.89358343277226,46.175132297873546,87.61203456767097,8
3,250.29767383585408,66.95639370200487,46.32385862254106,87.5889287814687,8
3,250.66903536973516,67.00819893814167,46.28215862588124,87.73423925040211,8
3,251.04039690361628,67.1172711829339,46.66483920087936,87.56970316498845,8
3,251.41175843749735,67.19004966138175,46.8149814431478,87.5651178796157,8
3,251.78311997137843,67.35779533102989,46.96433095683793,87.75125970522186,8
3,252.15448150525955,67.48620214906421,46.90029228026726,88.07211201786117,8
3,252.52584303914063,67.65469501191875,47.009920954953785,88.29946906888371,8
3,252.8972045730217,67.8316190259544,47.07409700239117,88.58914104951762,8
3,253.26856610690282,67.91924145126842,47.22034217218332,88.61814073035352,8
3,253.6399276407839,68.28581712875516,47.624783221975804,88.94685103553451,8
3,254.01128917466497,68.29987616401615,47.44128482215207,89.15846750588024,8
3,254.38265070854607,68.35817529964072,47.49117882056992,89.22517177871151,8
3,254.75401224242717,68.57422534029776,47.524735794379474,89.62371488621605,8
3,255.12537377630824,68.81693356282605,47.74670550144665,89.88716162420545,8
3,255.49673531018934,69.03994354178299,47.82180812420276,90.25807895936322,8
3,255.86809684407044,68.84873961109754,47.557203060847975,90.14027616134712,8
3,256.2394583779515,68.8798510164156,47.46241866757972,90.29728336525147,8
3,256.6108199118326,69.22217263894156,47.67935269761576,90.76499258026735,8
3,256.9821814457137,69.33035048858362,47.687319971811206,90.97338100535603,8
3,257.35354297959475,69.38349517839825,47.699955422389905,91.06703493440659,8
3,257.7249045134759,69.3824673599324,47.531336038783145,91.23359868108167,8
3,258.09626604735695,69.55792550404942,47.61247983306228,91.50337117503656,8
3,258.46762758123805,69.75359017375962,47.7821808526729,91.72499949484634,8
3,258.83898911511915,69.82549069147562,47.82210718728935,91.8288741956619,8
3,259.21035064900025,70.09005961301423,47.91653670466394,92.26358252136453,8
3,259.5817121828813,70.18360382218589,47.841942777986944,92.52526486638483,8
3,259.9530737167624,70.38202114893878,48.01719766518079,92.74684463269676,8
3,260.3244352506435,70.55373148996823,48.08873451044825,93.01872846948821,8
3,260.6957967845246,70.69476947336778,48.095277722893414,93.29426122384216,8
3,261.0671583184057,70.86303264770721,48.06933874227265,93.65672655314178,8
3,261.4385198522868,71.01743023871553,48.23740176439655,93.79745871303452,8
3,261.80988138616783,71.0732852495496,48.28472984791652,93.86184065118267,8
3,262.18124292004893,70.90801627047453,48.364644365974854,93.45138817497421,8
3,262.55260445393003,71.11544908388257,48.592679417763854,93.63821875000127,8
3,262.92396598781113,71.15671892833099,48.51965396936355,93.79378388729842,8
3,263.29532752169223,71.20754115492683,48.53699927633845,93.87808303351521,8
3,263.6666890555733,71.39392265847114,48.7246510331956,94.06319428374668,8
3,264.0380505894544,71.45949237918383,48.59245079523342,94.32653396313424,8
3,264.40941212333547,71.65393848494324,48.756219440752076,94.5516575291344,8
3,264.78077365721657,71.84554103126791,49.0264008817069,94.66468118082892,8
3,265.1521351910976,72.0676129340593,49.188295411158705,94.94693045695989,8
3,265.52349672497877,72.329227663496,49.47283652834923,95.18561879864276,8
3,265.8948582588598,72.57417652607737,49.7725537125702,95.37579933958453,8
3,266.2662197927409,72.6231964158225,49.8739254671546,95.3724673644904,8
3,266.637581326622,72.8953937301578,50.16798383271862,95.622803627597,8
3,267.0089428605031,73.1265626196435,50.39246481664519,95.8606604226418,8
3,267.38030439438415,72.7354539561293,50.1116555016291,95.35925241062951,8
3,267.7516659282653,72.50689674044372,49.90923045350048,95.10456302738697,8
3,268.12302746214635,72.59632604336437,49.89316240289568,95.29948968383306,8
3,268.49438899602745,72.75678709028145,50.01819875956372,95.49537542099918,8
3,268.86575052990855,72.60856024114491,49.859335303870374,95.35778517841945,8
3,269.23711206378965,72.30719231904789,49.66301875909039,94.95136587900538,8
3,269.6084735976707,72.25368638505306,49.56622015401849,94.94115261608763,8
3,269.9798351315518,72.4439073221932,49.74347405623038,95.14434058815601,8
3,270.3511966654329,72.44034432232681,49.74156906909469,95.13911957555894,8
3,270.722558199314,72.47201327412344,49.63169599862093,95.31233054962595,8
3,271.0939197331951,72.338468179669,49.39567751116692,95.28125884817106,8
3,271.4652812670762,72.57970382454339,49.722847195665466,95.43656045342131,8
3,271.83664280095724,72.61871377318985,49.771406845223055,95.46602070115665,8
3,272.20800433483834,72.7375997868842,49.78182469315513,95.69337488061328,8
3,272.57936586871944,72.82599100807556,50.38489490358279,95.26708711256833,8
3,272.95072740260053,72.70709475829682,50.20630034000995,95.20788917658368,8
3,273.32208893648163,72.7250628430142,50.21078667930283,95.23933900672557,8
3,273.6934504703627,72.97608580808401,50.42642633536917,95.52574528079884,8
3,274.0648120042438,73.2362420292988,50.536740490830255,95.93574356776733,8
3,274.4361735381249,73.2089820536273,50.576861962680795,95.8411021445738,8
3,274.807535072006,73.1084770752376,50.475173489692985,95.74178066078221,8
3,275.178896605887,73.2907750940651,50.65655135535714,95.92499883277306,8
3,275.5502581397682,73.28112835984234,50.84366635249774,95.71859036718695,8
3,275.9216196736492,73.13173890042998,50.48536525484079,95.77811254601917,8
3,276.2929812075303,73.24162559563126,50.52265972923213,95.9605914620304,8
3,276.6643427414114,73.43745280176395,50.68783250286621,96.1870731006617,8
3,277.0357042752925,73.74911726879046,50.919528350431065,96.57870618714985,8
3,277.40706580917356,73.78096386686394,50.736435588394045,96.82549214533384,8
3,277.7784273430547,73.92175628230171,50.95102518126264,96.8924873833408,8
3,278.14978887693576,73.84413988649915,50.854002820037095,96.8342769529612,8
3,278.52115041081686,74.09915169453203,51.11456564178516,97.08373774727889,8
3,278.89251194469796,74.13582948723445,51.19748363100037,97.07417534346853,8
3,279.26387347857906,74.10498767099031,51.407599859084655,96.80237548289597,8
3,279.6352350124601,74.09556885268628,51.14081575612484,97.05032194924773,8
3,280.00659654634126,74.237355508858,51.301491839609525,97.17321917810648,8
3,280.3779580802223,74.3611010660011,51.45683059504245,97.26537153695975,8
3,280.7493196141034,74.50689536041986,51.506925680658284,97.50686504018144,8
3,281.1206811479845,74.72834180226309,51.57066825091951,97.88601535360667,8
3,281.4920426818656,74.40346965306962,51.10079527825225,97.70614402788699,8
3,281.86340421574664,74.53295767710826,51.24097722510205,97.82493812911446,8
3,282.23476574962774,74.61365973128844,51.20003213505332,98.02728732752355,8
3,282.60612728350884,74.98754423770507,51.553739773544066,98.42134870186607,8
3,282.97748881738994,75.02109820619734,51.65512844487763,98.38706796751704,8
3,283.34885035127104,75.0241620673846,51.65918077957619,98.389143355193,8
3,283.7202118851521,74.99915662472013,51.561087067868684,98.43722618157157,8
3,284.0915734190332,75.30082339571403,51.76426910814736,98.8373776832807,8
3,284.4629349529143,75.22720913046585,51.613487147934265,98.84093111299744,8
3,284.8342964867954,75.23566737405403,51.63974514659967,98.8315896015084,8
3,285.2056580206765,75.35949127986952,51.76619947643322,98.9527830833058,8
3,285.5770195545576,75.66035133831623,51.921469440750236,99.39923323588224,8
3,285.9483810884386,75.80000840737529,51.96883981089397,99.6311770038566,8
3,286.3197426223198,75.8248976587771,51.96262231963199,99.68717299792222,8
3,286.6911041562008,76.05526052206169,52.147179126116114,99.96334191800726,8
3,287.0624656900819,76.02183222058858,52.066179908805594,99.97748453237156,8
3,287.433827223963,76.25730917311178,52.12113904588017,100.39347930034339,8
3,287.8051887578441,76.25519502256711,52.071058982954256,100.43933106217996,8
3,288.17655029172516,76.49601030746393,52.22242298916848,100.76959762575939,8
3,288.54791182560626,76.38164216010121,52.089594434951756,100.67368988525067,8
3,288.91927335948736,76.53920954472868,52.26847812143282,100.80994096802453,8
3,289.29063489336846,76.57958301032122,52.25217935200336,100.90698666863906,8
3,289.66199642724956,76.36333248182807,52.28680783776046,100.43985712589567,8
3,290.03335796113066,76.42222856553731,52.3452043466395,100.49925278443513,8
3,290.4047194950117,76.45335563522644,52.40927086590109,100.4974404045518,8
3,290.7760810288928,76.44127201972532,52.35405823565307,100.52848580379757,8
3,291.1474425627739,76.44896762400236,52.59118112576803,100.3067541222367,8
3,291.518804096655,76.56697535697211,52.664609607579465,100.46934110636475,8
3,291.8901656305361,76.50483153842696,52.519996887940565,100.48966618891335,8
3,292.26152716441715,76.36280191404924,52.23627979188447,100.48932403621401,8
3,292.63288869829825,76.5599063807693,52.309461303421045,100.81035145811757,8
3,293.00425023217934,76.65101916768664,52.19004982089909,101.11198851447419,8
3,293.37561176606044,76.63468118632065,52.15850276199429,101.110859610647,8
3,293.7469732999415,76.68427700468648,52.20995838363519,101.15859562573777,8
3,294.11833483382264,76.83910569298622,52.32509880741473,101.35311257855771,8
3,294.4896963677037,77.11133295827959,52.43736501403259,101.78530090252659,8
3,294.8610579015848,77.08099065406438,52.34252590259845,101.8194554055303,8
3,295.2324194354659,77.09365789501166,52.33183546705459,101.85548032296873,8
3,295.603780969347,77.33863985231912,52.472202367261644,102.2050773373766,8
3,295.975142503228,77.406978034726,52.33230862878222,102.48164744066978,8
3,296.3465040371092,77.58341388452183,52.60466392411759,102.56216384492608,8
3,296.7178655709902,77.57473535133533,52.44559370467103,102.70387699799963,8
3,297.0892271048713,77.717494298467,52.43827277578248,102.99671582115153,8
3,297.4605886387524,77.76409323057524,52.34681121790929,103.18137524324119,8
3,297.8319501726335,77.74061925654374,52.30415848883922,103.17708002424826,8
3,298.20331170651457,77.64564672014045,52.01171017331461,103.27958326696628,8
3,298.5746732403957,77.58214346553196,52.278807887105884,102.88547904395803,8
3,298.94603477427677,77.76063652817726,52.39537695054165,103.12589610581287,8
3,299.31739630815787,77.84931688342307,52.49615923690217,103.20247452994397,8
3,299.68875784203897,78.07402088492539,52.68569459841512,103.46234717143565,8
