delta,elapsed_drive_periods,phase_change_turns,ci_low,ci_high,seeds
0,0.0,0.0,0.0,0.0,8
0,0.37136153388108917,-0.07243386283556455,-0.11801559194604713,-0.026852133725081974,8
0,0.7427230677621783,-0.13992796988635758,-0.215530416701727,-0.06432552307098817,8
0,1.1140846016432675,-0.22773373511951656,-0.32763164265527966,-0.12783582758375348,8
0,1.4854461355243567,-0.31680739033488237,-0.41314538971880915,-0.22046939095095558,8
0,1.8568076694054458,-0.4049401548427111,-0.5287710532840825,-0.28110925640133977,8
0,2.228169203286535,-0.48041962234787344,-0.6181436688862374,-0.3426955758095095,8
0,2.5995307371676244,-0.5461966066104358,-0.709990361808472,-0.38240285141239966,8
0,2.9708922710487133,-0.5795735741796524,-0.7616186658556976,-0.3975284825036072,8
0,3.3422538049298023,-0.6384639141480584,-0.8214591738609868,-0.45546865443512996,8
0,3.7136153388108917,-0.686105313908609,-0.854652563317167,-0.5175580645000509,8
0,4.084976872691981,-0.7258030703294809,-0.9452443314030082,-0.5063618092559535,8
0,4.45633840657307,-0.7890439006065045,-1.0022941737402342,-0.5757936274727748,8
0,4.827699940454159,-0.8349813739073596,-1.0724642557976296,-0.5974984920170896,8
0,5.199061474335249,-0.8495563261761614,-1.0919864710864273,-0.6071261812658955,8
0,5.570423008216337,-0.875163248191225,-1.1311899794861862,-0.6191365168962639,8
0,5.941784542097427,-0.927484106413395,-1.1907931453978633,-0.6641750674289266,8
0,6.313146075978516,-0.9465407030014734,-1.1839950208678325,-0.7090863851351142,8
0,6.684507609859605,-1.00616778348837,-1.2534115961271752,-0.7589239708495648,8
0,7.0558691437406935,-1.0987839743868684,-1.3584096362311655,-0.8391583125425712,8
0,7.427230677621783,-1.2047265453993323,-1.522426738323988,-0.8870263524746766,8
0,7.798592211502871,-1.2656126447301081,-1.6069908732743678,-0.9242344161858485,8
0,8.169953745383962,-1.290098955875051,-1.6345571639342258,-0.9456407478158764,8
0,8.541315279265051,-1.344160717267064,-1.7144984000971462,-0.9738230344369818,8
0,8.91267681314614,-1.3984756368686477,-1.7985368954269596,-0.9984143783103357,8
0,9.284038347027229,-1.4145443549292798,-1.8163805144019032,-1.0127081954566564,8
0,9.655399880908318,-1.4374226245095278,-1.83222716661024,-1.0426180824088156,8
0,10.026761414789407,-1.512794779718416,-1.923373823376965,-1.102215736059867,8
0,10.398122948670498,-1.567692484031267,-1.9530229381776,-1.1823620298849338,8
0,10.769484482551585,-1.6188399968283826,-2.0258148586172346,-1.2118651350395304,8
0,11.140846016432674,-1.6757175779778253,-2.0651494966881803,-1.2862856592674705,8
0,11.512207550313764,-1.7295044592610673,-2.129461377808321,-1.3295475407138138,8
0,11.883569084194853,-1.7837098307653365,-2.173684132009546,-1.393735529521127,8
0,12.25493061807594,-1.8020082156271373,-2.1819456552263885,-1.4220707760278861,8
0,12.626292151957031,-1.8465878844413373,-2.2976650160876058,-1.3955107527950688,8
0,12.99765368583812,-1.898315810780336,-2.3580216108397507,-1.4386100107209212,8
0,13.36901521971921,-1.9735309696487715,-2.4795724007019007,-1.4674895385956424,8
0,13.7403767536003,-1.927382770617609,-2.4206444033347863,-1.4341211379004317,8
0,14.111738287481387,-1.9429043999780773,-2.443402592896402,-1.4424062070597523,8
0,14.483099821362476,-1.8985305088934508,-2.3380789829952797,-1.4589820347916218,8
0,14.854461355243567,-1.9468460856257566,-2.393337055129719,-1.5003551161217943,8
0,15.225822889124656,-1.916034385102775,-2.385375143767959,-1.4466936264375911,8
0,15.597184423005743,-1.8779180270302258,-2.396558804175823,-1.3592772498846286,8
0,15.968545956886834,-1.8898242258487215,-2.405812366458681,-1.373836085238762,8
0,16.339907490767924,-1.9603380820361556,-2.511299022010408,-1.4093771420619032,8
0,16.71126902464901,-2.070917662217764,-2.596645859320301,-1.545189465115227,8
0,17.082630558530102,-2.1459805175444937,-2.668137920570755,-1.6238231145182325,8
0,17.45399209241119,-2.2321521653843814,-2.7839008744922755,-1.6804034562764874,8
0,17.82535362629228,-2.345429711115015,-2.91043595740733,-1.7804234648227,8
0,18.19671516017337,-2.439050472057153,-3.06859987471756,-1.8095010693967457,8
0,18.568076694054458,-2.5246073405631515,-3.1507813769123714,-1.8984333042139316,8
0,18.939438227935547,-2.6709794075452526,-3.286641212612345,-2.0553176024781603,8
0,19.310799761816636,-2.7135810196874792,-3.31651001118682,-2.1106520281881385,8
0,19.682161295697725,-2.8017574758086163,-3.4188707180410924,-2.1846442335761402,8
0,20.053522829578814,-2.890365605775972,-3.5039856807037384,-2.276745530848206,8
0,20.424884363459903,-2.919163070982576,-3.530993217666245,-2.307332924298907,8
0,20.796245897340995,-2.9584951887124795,-3.5501368922746295,-2.3668534851503296,8
0,21.16760743122208,-3.0445993191280447,-3.6156471099679384,-2.473551528288151,8
0,21.53896896510317,-3.1339352292066414,-3.6981807388195933,-2.5696897195936894,8
0,21.910330498984262,-3.154414111514402,-3.6896977484148454,-2.619130474613959,8
0,22.281692032865347,-3.2202851936524644,-3.7652319614042358,-2.675338425900693,8
0,22.65305356674644,-3.3098166630283368,-3.864505863293097,-2.7551274627635767,8
0,23.02441510062753,-3.3295451140792687,-3.889024610794948,-2.7700656173635894,8
0,23.395776634508614,-3.3662366599256788,-3.946860250707787,-2.7856130691435705,8
0,23.767138168389707,-3.4407308476236382,-3.9802065098078723,-2.901255185439404,8
0,24.138499702270796,-3.4725433384679385,-3.958280691948189,-2.986805984987688,8
0,24.50986123615188,-3.521735103677571,-4.05061164302852,-2.9928585643266223,8
0,24.881222770032974,-3.5645055902408873,-4.062304491318941,-3.066706689162834,8
0,25.252584303914063,-3.6171005953380857,-4.113891549791326,-3.1203096408848454,8
0,25.62394583779515,-3.7009280389754258,-4.179140903787768,-3.222715174163084,8
0,25.99530737167624,-3.7280155467063083,-4.21907573793698,-3.2369553554756365,8
0,26.366668905557333,-3.800540518157132,-4.2980301997525165,-3.3030508365617477,8
0,26.73803043943842,-3.891847725260755,-4.417501855696399,-3.366193594825111,8
0,27.109391973319507,-3.9310543195576972,-4.455397985697848,-3.4067106534175458,8
0,27.4807535072006,-3.97584635470304,-4.513342042871372,-3.438350666534708,8
0,27.852115041081685,-4.014532725390073,-4.517961981787389,-3.5111034689927583,8
0,28.223476574962774,-4.082531634470705,-4.539055900717646,-3.6260073682237635,8
0,28.594838108843867,-4.123382450811988,-4.558183231377838,-3.688581670246138,8
0,28.966199642724952,-4.177970896052915,-4.622502116722193,-3.7334396753836363,8
0,29.337561176606044,-4.180153112445133,-4.603305780417252,-3.7570004444730136,8
0,29.708922710487133,-4.246821354835444,-4.681074976090454,-3.812567733580434,8
0,30.08028424436822,-4.2766973640995385,-4.700024913904199,-3.8533698142948776,8
0,30.45164577824931,-4.3143431357280395,-4.763050168799019,-3.86563610265706,8
0,30.8230073121304,-4.383369750914509,-4.841336158327399,-3.92540334350162,8
0,31.194368846011486,-4.44344303945174,-4.924425672659664,-3.9624604062438156,8
0,31.565730379892578,-4.508462992883551,-5.022893406346582,-3.9940325794205203,8
0,31.937091913773667,-4.562603910817751,-5.063549863199719,-4.0616579584357835,8
0,32.308453447654756,-4.571737027004423,-5.0620619002224,-4.081412153786447,8
0,32.67981498153585,-4.614702968749635,-5.136401538182488,-4.093004399316781,8
0,33.051176515416934,-4.676457540811082,-5.2005651567899935,-4.152349924832171,8
0,33.42253804929802,-4.7396578904592355,-5.261723143179391,-4.21759263773908,8
0,33.79389958317911,-4.792557931234896,-5.309384717604239,-4.275731144865553,8
0,34.165261117060204,-4.852839482736828,-5.367033854130993,-4.338645111342663,8
0,34.53662265094129,-4.946618299918732,-5.448881508562919,-4.444355091274544,8
0,34.90798418482238,-4.97498960846469,-5.462885020418609,-4.487094196510771,8
0,35.27934571870347,-5.02000950634566,-5.507380531372747,-4.532638481318572,8
0,35.65070725258456,-5.060435911560161,-5.5227747833563035,-4.598097039764018,8
0,36.022068786465645,-5.083359134348732,-5.552048761706236,-4.614669506991228,8
0,36.39343032034674,-5.11485865341475,-5.5791008634119645,-4.650616443417535,8
0,36.76479185422783,-5.137190443363312,-5.590977636918222,-4.683403249808402,8
0,37.136153388108916,-5.234983260118278,-5.671049562621128,-4.798916957615427,8
0,37.50751492199001,-5.287357662979314,-5.715071277075454,-4.859644048883174,8
0,37.878876455871094,-5.345146782504971,-5.784107486497832,-4.90618607851211,8
0,38.25023798975218,-5.373984843851484,-5.865219250227559,-4.8827504374754085,8
0,38.62159952363327,-5.452977991080456,-5.949395888088046,-4.956560094072866,8
0,38.992961057514364,-5.501814842057096,-6.039437277131171,-4.96419240698302,8
0,39.36432259139545,-5.631034758479612,-6.135724240452951,-5.126345276506274,8
0,39.73568412527654,-5.690687692298521,-6.206086809451159,-5.175288575145883,8
0,40.10704565915763,-5.747601337315819,-6.272961776260287,-5.222240898371352,8
0,40.47840719303872,-5.809391783180285,-6.366135718438408,-5.252647847922161,8
0,40.849768726919805,-5.89613208705371,-6.466235787474698,-5.326028386632721,8
0,41.22113026080089,-5.977050067288914,-6.5922297998431745,-5.361870334734654,8
0,41.59249179468199,-6.037746621629859,-6.666759233911527,-5.408734009348191,8
0,41.963853328563076,-6.1084635880443345,-6.748305244520839,-5.46862193156783,8
0,42.33521486244416,-6.190302378209743,-6.840812258767639,-5.539792497651846,8
0,42.706576396325254,-6.2173247733780315,-6.832855857513456,-5.601793689242607,8
0,43.07793793020634,-6.238796631436831,-6.852214546597771,-5.625378716275891,8
0,43.44929946408743,-6.32046368810469,-6.988922098060343,-5.652005278149037,8
0,43.820660997968524,-6.446526344381121,-7.195420980789017,-5.697631707973226,8
0,44.19202253184961,-6.483992305940465,-7.157629962287264,-5.810354649593665,8
0,44.563384065730695,-6.537449496146865,-7.2136470861744,-5.861251906119331,8
0,44.934745599611794,-6.608538857430484,-7.303607467447458,-5.91347024741351,8
0,45.30610713349288,-6.635169110691104,-7.274967172131284,-5.995371049250924,8
0,45.677468667373965,-6.702389566780121,-7.312901947191906,-6.091877186368335,8
0,46.04883020125506,-6.716071199513729,-7.257945033247818,-6.174197365779641,8
0,46.42019173513614,-6.727888548005133,-7.272645201717726,-6.18313189429254,8
0,46.79155326901723,-6.779856594170823,-7.322218951800821,-6.237494236540826,8
0,47.16291480289833,-6.868021222150398,-7.411843204366032,-6.324199239934765,8
0,47.53427633677941,-6.897815077469018,-7.432432582465199,-6.363197572472838,8
0,47.9056378706605,-6.9466406500890185,-7.522278344443078,-6.3710029557349594,8
0,48.27699940454159,-6.98793092745823,-7.5298450428927,-6.4460168120237595,8
0,48.64836093842268,-7.0498316848324105,-7.583467565985853,-6.5161958036789684,8
0,49.01972247230376,-7.1026511414366835,-7.666190787203112,-6.539111495670255,8
0,49.39108400618486,-7.225311566792997,-7.867912696017866,-6.582710437568128,8
0,49.76244554006595,-7.311682307059784,-7.984761285570385,-6.638603328549183,8
0,50.13380707394703,-7.399990513568229,-8.124589795706715,-6.675391231429743,8
0,50.505168607828125,-7.419901786039573,-8.109255045610677,-6.730548526468469,8
0,50.87653014170922,-7.472020369624403,-8.190794013642035,-6.75324672560677,8
0,51.2478916755903,-7.544655252356531,-8.289684004272395,-6.7996265004406675,8
0,51.619253209471395,-7.61952923227804,-8.36752553595544,-6.87153292860064,8
0,51.99061474335248,-7.663776205308944,-8.3987706797316,-6.928781730886288,8
0,52.361976277233566,-7.676996249574455,-8.446177837352515,-6.9078146617963965,8
0,52.733337811114666,-7.777225232211723,-8.574930111528793,-6.979520352894654,8
0,53.10469934499575,-7.777133008003283,-8.568152535519415,-6.986113480487152,8
0,53.47606087887684,-7.8616115533062265,-8.6306211917056,-7.092601914906852,8
0,53.84742241275793,-7.923619793590929,-8.667630475812368,-7.1796091113694915,8
0,54.218783946639014,-7.979656228542966,-8.73158324541601,-7.227729211669923,8
0,54.5901454805201,-8.035065568167328,-8.770119836876125,-7.300011299458531,8
0,54.9615070144012,-8.110996202188595,-8.893439258742008,-7.328553145635182,8
0,55.332868548282285,-8.150278558374177,-8.934854921353343,-7.365702195395011,8
0,55.70423008216337,-8.214933600238675,-8.945220508921416,-7.484646691555933,8
0,56.07559161604446,-8.260791671774108,-9.009261905624731,-7.512321437923484,8
0,56.44695314992555,-8.301245886479293,-9.063678040066153,-7.538813732892434,8
0,56.81831468380664,-8.3902041204393,-9.135782460609114,-7.644625780269487,8
0,57.18967621768773,-8.454633393057918,-9.14840055312048,-7.760866232995356,8
0,57.56103775156882,-8.470270795047611,-9.195005896576038,-7.745535693519183,8
0,57.932399285449904,-8.486050984213616,-9.292081492184323,-7.680020476242909,8
0,58.303760819330996,-8.535776471786841,-9.349803422447682,-7.721749521126,8
0,58.67512235321209,-8.564303385081477,-9.376948314680678,-7.751658455482275,8
0,59.046483887093174,-8.622781080984494,-9.460710758453562,-7.784851403515425,8
0,59.41784542097427,-8.674547915359954,-9.516645962234524,-7.832449868485384,8
0,59.78920695485535,-8.780166428004122,-9.64421801920583,-7.9161148368024135,8
0,60.16056848873644,-8.846280961044775,-9.668640883712929,-8.02392103837662,8
0,60.53193002261754,-8.881652442956186,-9.71424427413498,-8.049060611777392,8
0,60.90329155649862,-8.947503676656954,-9.763762112637712,-8.131245240676195,8
0,61.27465309037971,-9.017903078308422,-9.81309085012156,-8.222715306495283,8
0,61.6460146242608,-9.075874570094062,-9.879407599986957,-8.272341540201166,8
0,62.017376158141886,-9.093268423906833,-9.891564454894201,-8.294972392919465,8
0,62.38873769202297,-9.162468068165913,-9.946770338140624,-8.378165798191201,8
0,62.76009922590407,-9.159964581353357,-9.998610419991975,-8.32131874271474,8
0,63.131460759785156,-9.300742863905734,-10.091974965410234,-8.509510762401234,8
0,63.50282229366624,-9.340965780675173,-10.110575705773394,-8.571355855576952,8
0,63.874183827547334,-9.39904144402431,-10.201814132957262,-8.596268755091357,8
0,64.24554536142843,-9.400695306040257,-10.223726741110308,-8.577663870970206,8
0,64.61690689530951,-9.506043667876844,-10.312229548321845,-8.699857787431842,8
0,64.9882684291906,-9.557286577800634,-10.348914635722863,-8.765658519878404,8
0,65.3596299630717,-9.592117677505815,-10.37081306367414,-8.81342229133749,8
0,65.73099149695278,-9.683436945307758,-10.503591893117388,-8.863281997498127,8
0,66.10235303083387,-9.726003637673971,-10.568256857347057,-8.883750418000885,8
0,66.47371456471495,-9.799434295770306,-10.659179681603504,-8.939688909937107,8
0,66.84507609859604,-9.827766760403598,-10.669071752933311,-8.986461767873886,8
0,67.21643763247714,-9.857556703010022,-10.720811049373209,-8.994302356646836,8
0,67.58779916635822,-9.895922744572943,-10.766575653577766,-9.02526983556812,8
0,67.95916070023931,-9.932436653389011,-10.818416752052665,-9.046456554725358,8
0,68.33052223412041,-9.950555361888313,-10.823887857567911,-9.077222866208714,8
0,68.7018837680015,-10.056942806611062,-10.936449950069125,-9.177435663152998,8
0,69.07324530188258,-10.103033263375867,-10.943124507376401,-9.262942019375332,8
0,69.44460683576368,-10.201026687173288,-11.07429531093669,-9.327758063409885,8
0,69.81596836964476,-10.290447038143842,-11.169497628294149,-9.411396447993535,8
0,70.18732990352585,-10.312578562456986,-11.16352793815517,-9.461629186758802,8
0,70.55869143740694,-10.33657864656314,-11.096793144323541,-9.576364148802739,8
0,70.93005297128802,-10.305577567529637,-10.989642011637935,-9.62151312342134,8
0,71.30141450516912,-10.299045291637189,-10.94314066291225,-9.654949920362128,8
0,71.6727760390502,-10.358818189716336,-11.057587580941835,-9.660048798490838,8
0,72.04413757293129,-10.4072171257518,-11.135190940742223,-9.679243310761375,8
0,72.41549910681239,-10.527207813668245,-11.261072295530731,-9.793343331805758,8
0,72.78686064069348,-10.557940349241614,-11.358102119093482,-9.757778579389745,8
0,73.15822217457456,-10.597698855926367,-11.411202727047206,-9.784194984805529,8
0,73.52958370845566,-10.71945881142792,-11.441207162286956,-9.997710460568884,8
0,73.90094524233675,-10.762271028882385,-11.460537050277214,-10.064005007487555,8
0,74.27230677621783,-10.850970450256769,-11.496287235577752,-10.205653664935786,8
0,74.64366831009893,-10.869487430930848,-11.46844400133135,-10.270530860530346,8
0,75.01502984398002,-10.915648808643816,-11.520342499375909,-10.310955117911723,8
0,75.3863913778611,-10.91968423306267,-11.492255124597317,-10.347113341528022,8
0,75.75775291174219,-10.95330267183549,-11.528452002796346,-10.378153340874633,8
0,76.12911444562327,-10.977664104698983,-11.506707237222937,-10.448620972175028,8
0,76.50047597950436,-11.010711533890733,-11.556904528020459,-10.464518539761007,8
0,76.87183751338546,-11.043355391620697,-11.572692175294414,-10.51401860794698,8
0,77.24319904726654,-11.100463218351226,-11.621143025979123,-10.57978341072333,8
0,77.61456058114763,-11.207706499619821,-11.773617376840068,-10.641795622399574,8
0,77.98592211502873,-11.246754332654444,-11.798379485275927,-10.69512918003296,8
0,78.35728364890981,-11.262742638458574,-11.792223222858857,-10.733262054058292,8
0,78.7286451827909,-11.34671707672868,-11.926438384156095,-10.766995769301266,8
0,79.100006716672,-11.274724140957495,-11.874397407995719,-10.675050873919272,8
0,79.47136825055308,-11.372459228354055,-11.991385086661603,-10.753533370046506,8
0,79.84272978443417,-11.422130004461884,-12.084242577564284,-10.760017431359485,8
0,80.21409131831525,-11.419177335941983,-12.047693330371901,-10.790661341512065,8
0,80.58545285219635,-11.525985666794032,-12.240747464805866,-10.811223868782198,8
0,80.95681438607744,-11.558390694409757,-12.262705940786272,-10.854075448033242,8
0,81.32817591995853,-11.538292157683722,-12.180442888934323,-10.896141426433122,8
0,81.69953745383961,-11.586615258786118,-12.230802966537954,-10.942427551034282,8
0,82.07089898772071,-11.605398214639836,-12.226515473213503,-10.984280956066168,8
0,82.44226052160178,-11.654919630164953,-12.325137873826563,-10.984701386503342,8
0,82.81362205548288,-11.737512188128244,-12.392118089692168,-11.08290628656432,8
0,83.18498358936398,-11.7985298466838,-12.445781323349722,-11.151278370017879,8
0,83.55634512324505,-11.850119463314265,-12.514278620840551,-11.185960305787978,8
0,83.92770665712615,-11.915389937495545,-12.55980770100052,-11.270972173990572,8
0,84.29906819100725,-11.948116630007325,-12.571253766039407,-11.324979493975244,8
0,84.67042972488832,-12.03821853019596,-12.687384496705661,-11.38905256368626,8
0,85.04179125876942,-12.116729523411353,-12.754277360344938,-11.479181686477768,8
0,85.41315279265051,-12.162974527810812,-12.825120835922988,-11.500828219698636,8
0,85.78451432653159,-12.18846524723892,-12.815123359739793,-11.561807134738046,8
0,86.15587586041268,-12.248777698419524,-12.879324055116507,-11.61823134172254,8
0,86.52723739429378,-12.336361134791918,-12.984503464652196,-11.68821880493164,8
0,86.89859892817486,-12.36244007081957,-12.991411981889549,-11.733468159749592,8
0,87.26996046205595,-12.485519217311259,-13.17821852369929,-11.792819910923228,8
0,87.64132199593705,-12.518275343165325,-13.196637486029239,-11.83991320030141,8
0,88.01268352981812,-12.550627460621584,-13.255780853535626,-11.845474067707542,8
0,88.38404506369922,-12.625670227925905,-13.370833906748869,-11.880506549102941,8
0,88.75540659758032,-12.653564626462728,-13.408068989589202,-11.899060263336255,8
0,89.12676813146139,-12.69995943214973,-13.439405247388862,-11.9605136169106,8
0,89.49812966534249,-12.771787940799669,-13.5125436672745,-12.031032214324838,8
0,89.86949119922359,-12.83328909642573,-13.57773441125435,-12.088843781597111,8
0,90.24085273310466,-12.921357034187013,-13.642421902268866,-12.200292166105159,8
0,90.61221426698576,-12.971365026945966,-13.690322132150483,-12.25240792174145,8
0,90.98357580086684,-13.0528343165934,-13.782816687068674,-12.322851946118124,8
0,91.35493733474793,-13.066931278492135,-13.789959331569964,-12.343903225414305,8
0,91.72629886862902,-13.113356864536204,-13.844900548183476,-12.381813180888932,8
0,92.09766040251012,-13.139184147802037,-13.837882133059896,-12.440486162544179,8
0,92.4690219363912,-13.168130305808724,-13.850499715133012,-12.485760896484436,8
0,92.84038347027229,-13.24641877891863,-13.927660967072296,-12.565176590764963,8
0,93.21174500415339,-13.300544729571838,-13.979417697869199,-12.621671761274477,8
0,93.58310653803446,-13.395142033910838,-14.118656718340091,-12.671627349481586,8
0,93.95446807191556,-13.411491059585654,-14.140157477587588,-12.68282464158372,8
0,94.32582960579666,-13.480137912139023,-14.209463350823977,-12.750812473454069,8
0,94.69719113967773,-13.519671756786352,-14.279276885489901,-12.760066628082802,8
0,95.06855267355883,-13.621399115408822,-14.41700533213146,-12.825792898686185,8
0,95.43991420743991,-13.681978076537593,-14.49667666502026,-12.867279488054926,8
0,95.811275741321,-13.6778877593015,-14.47358752893999,-12.88218798966301,8
0,96.1826372752021,-13.782531430920756,-14.600977247706263,-12.964085614135248,8
0,96.55399880908318,-13.808056082151346,-14.629869896544571,-12.98624226775812,8
0,96.92536034296427,-13.875162372670522,-14.667067005976973,-13.08325773936407,8
0,97.29672187684535,-13.910489556871124,-14.698130487599904,-13.122848626142343,8
0,97.66808341072645,-13.9749843086087,-14.769957050159812,-13.180011567057589,8
0,98.03944494460752,-14.003328791030544,-14.814011000822846,-13.192646581238241,8
0,98.41080647848862,-14.116319731388824,-14.941442514255524,-13.291196948522124,8
0,98.78216801236972,-14.196158044481171,-15.052324821463111,-13.339991267499231,8
0,99.1535295462508,-14.259797470241686,-15.15170670359662,-13.367888236886753,8
0,99.5248910801319,-14.343740106769916,-15.216253525828954,-13.471226687710878,8
0,99.896252614013,-14.385557281784978,-15.270229531120144,-13.500885032449812,8
0,100.26761414789407,-14.452627076042411,-15.322690263078922,-13.5825638890059,8
0,100.63897568177516,-14.542682766037826,-15.419438512430196,-13.665927019645457,8
0,101.01033721565625,-14.548407261043625,-15.4536153393182,-13.64319918276905,8
0,101.38169874953734,-14.59742196518513,-15.510581680422916,-13.684262249947345,8
0,101.75306028341844,-14.662008275462842,-15.61280600822405,-13.711210542701634,8
0,102.12442181729952,-14.73965134750941,-15.726978581843339,-13.752324113175481,8
0,102.4957833511806,-14.757545692333851,-15.703428585823232,-13.81166279884447,8
0,102.86714488506169,-14.859335178022933,-15.864799859057463,-13.853870496988403,8
0,103.23850641894279,-14.904569088737384,-15.97001976760993,-13.839118409864838,8
0,103.60986795282386,-14.939356719597175,-16.010840537406686,-13.867872901787665,8
0,103.98122948670496,-15.013370059606181,-16.112077515760937,-13.914662603451426,8
0,104.35259102058606,-15.090943285044435,-16.17482837347653,-14.007058196612341,8
0,104.72395255446713,-15.126864708426949,-16.172557340256073,-14.081172076597824,8
0,105.09531408834823,-15.17515367422981,-16.19577990263592,-14.1545274458237,8
0,105.46667562222933,-15.251431412819057,-16.28306003133153,-14.219802794306586,8
0,105.8380371561104,-15.299418984128485,-16.277212465228747,-14.321625503028223,8
0,106.2093986899915,-15.335468751988563,-16.268307077035402,-14.402630426941721,8
0,106.58076022387259,-15.364701683934422,-16.437108638950125,-14.29229472891872,8
0,106.95212175775367,-15.415273979039437,-16.463873527050048,-14.366674431028828,8
0,107.32348329163476,-15.426051461456074,-16.509813178382565,-14.342289744529584,8
0,107.69484482551586,-15.470298513756436,-16.521122142830503,-14.41947488468237,8
0,108.06620635939694,-15.561012481559056,-16.662564292529805,-14.459460670588307,8
0,108.43756789327803,-15.63321163793671,-16.737077424392954,-14.529345851480468,8
0,108.80892942715913,-15.68829347952677,-16.78114245861396,-14.595444500439582,8
0,109.1802909610402,-15.717096999757471,-16.755506961670093,-14.678687037844849,8
0,109.5516524949213,-15.765510326988839,-16.803420428614366,-14.727600225363311,8
0,109.9230140288024,-15.780217020146981,-16.782428492574034,-14.778005547719927,8
0,110.29437556268347,-15.834984465279359,-16.797103628862878,-14.872865301695839,8
0,110.66573709656457,-15.939075780244016,-16.940868288303808,-14.937283272184224,8
0,111.03709863044567,-15.991976091933179,-17.01290379932545,-14.971048384540909,8
0,111.40846016432674,-16.047214390879795,-17.078342069932514,-15.016086711827075,8
0,111.77982169820784,-16.085780180394632,-17.123242075855465,-15.0483182849338,8
0,112.15118323208893,-16.131911410339395,-17.183618793922342,-15.080204026756448,8
0,112.52254476597001,-16.263283979428934,-17.309451772221426,-15.21711618663644,8
0,112.8939062998511,-16.280085278070956,-17.32844475086703,-15.231725805274886,8
0,113.2652678337322,-16.33262400692173,-17.360803747276304,-15.304444266567154,8
0,113.63662936761328,-16.346053934427573,-17.39354440262504,-15.298563466230108,8
0,114.00799090149437,-16.40618077682601,-17.43219924134851,-15.380162312303506,8
0,114.37935243537547,-16.455138424792906,-17.487629032111315,-15.422647817474498,8
0,114.75071396925654,-16.511461550255355,-17.583518495698435,-15.439404604812275,8
0,115.12207550313764,-16.585880947873335,-17.65302892198985,-15.51873297375682,8
0,115.49343703701874,-16.574500782701715,-17.701452793652773,-15.447548771750657,8
0,115.86479857089981,-16.607970837877815,-17.73079585301787,-15.485145822737762,8
0,116.23616010478091,-16.66934565240155,-17.790296494560646,-15.548394810242453,8
0,116.60752163866199,-16.724358029821595,-17.833798827108602,-15.614917232534587,8
0,116.97888317254308,-16.775104644127524,-17.88043585384181,-15.669773434413237,8
0,117.35024470642418,-16.790268629143345,-17.908337625822643,-15.672199632464046,8
0,117.72160624030526,-16.85537263780192,-17.950897055912797,-15.759848219691044,8
0,118.09296777418635,-16.919811750245177,-18.027317494599348,-15.812306005891008,8
0,118.46432930806743,-16.93586272689525,-18.030189439072114,-15.841536014718391,8
0,118.83569084194853,-16.98822089247754,-18.09780818061228,-15.8786336043428,8
0,119.2070523758296,-17.0295992458339,-18.143196677736466,-15.916001813931336,8
0,119.5784139097107,-17.071244772977167,-18.15184951279125,-15.990640033163082,8
0,119.9497754435918,-17.11442755481963,-18.231801604371757,-15.997053505267504,8
0,120.32113697747288,-17.14465256130446,-18.28737146293236,-16.001933659676563,8
0,120.69249851135397,-17.26158763788391,-18.439269271872877,-16.083906003894942,8
0,121.06386004523507,-17.337172843335935,-18.5550539806046,-16.11929170606727,8
0,121.43522157911615,-17.42206705120175,-18.650308833826948,-16.193825268576553,8
0,121.80658311299725,-17.47123159022481,-18.684053110537263,-16.258410069912358,8
0,122.17794464687833,-17.516085504421756,-18.691343052940304,-16.340827955903208,8
0,122.54930618075942,-17.56767992571527,-18.74233419946812,-16.39302565196242,8
0,122.92066771464052,-17.584805689593416,-18.76846775102613,-16.401143628160703,8
0,123.2920292485216,-17.62595234824194,-18.804809673737928,-16.44709502274595,8
0,123.66339078240269,-17.653244431491864,-18.832953099731892,-16.473535763251835,8
0,124.03475231628377,-17.71890398758616,-18.86044178566218,-16.57736618951014,8
0,124.40611385016487,-17.764093896354982,-18.94612493705263,-16.582062855657334,8
0,124.77747538404594,-17.831121887642386,-19.01501332343132,-16.647230451853453,8
0,125.14883691792704,-17.877802808525193,-19.064991038598663,-16.690614578451722,8
0,125.52019845180814,-17.933001272629614,-19.15249522079659,-16.713507324462636,8
0,125.89155998568921,-17.965505998953688,-19.19434116758265,-16.736670830324726,8
0,126.26292151957031,-17.949340680758816,-19.16663203010825,-16.73204933140938,8
0,126.63428305345141,-17.975495479124557,-19.187211827531396,-16.76377913071772,8
0,127.00564458733248,-18.02667026102379,-19.260741745450087,-16.79259877659749,8
0,127.37700612121358,-18.063764169312137,-19.27249624383015,-16.855032094794122,8
0,127.74836765509467,-18.116724118814474,-19.300946898995996,-16.932501338632953,8
0,128.11972918897575,-18.22359938962227,-19.42025855067777,-17.02694022856677,8
0,128.49109072285685,-18.323541004754745,-19.547601056805025,-17.099480952704464,8
0,128.86245225673795,-18.357673953359335,-19.564660373132302,-17.150687533586368,8
0,129.23381379061902,-18.352871114476816,-19.57333047809969,-17.13241175085394,8
0,129.60517532450012,-18.536045944502135,-19.692584992906806,-17.379506896097464,8
0,129.9765368583812,-18.52532630126123,-19.716295228886555,-17.334357373635907,8
0,130.3478983922623,-18.594348629350776,-19.768837724511442,-17.41985953419011,8
0,130.7192599261434,-18.615736325915716,-19.796317195660187,-17.435155456171245,8
0,131.09062146002447,-18.692865116963954,-19.888987128662308,-17.4967431052656,8
0,131.46198299390556,-18.757690971439363,-19.953299729481497,-17.56208221339723,8
0,131.83334452778664,-18.866229507681606,-20.069895978732248,-17.662563036630964,8
0,132.20470606166774,-18.98776217377503,-20.203308556674592,-17.77221579087547,8
0,132.5760675955488,-19.0196112264679,-20.197378141365835,-17.841844311569968,8
0,132.9474291294299,-19.142305094247348,-20.325301504788893,-17.959308683705803,8
0,133.318790663311,-19.3098843250621,-20.552786474185005,-18.066982175939195,8
0,133.69015219719208,-19.411432608058885,-20.690228852170662,-18.132636363947107,8
0,134.06151373107318,-19.52035971330121,-20.815529559854035,-18.225189866748387,8
0,134.43287526495428,-19.59169612209808,-20.904156373939287,-18.279235870256876,8
0,134.80423679883535,-19.626480603473183,-20.894031121340024,-18.358930085606342,8
0,135.17559833271645,-19.616287918549762,-20.859304652914172,-18.373271184185352,8
0,135.54695986659755,-19.625523734897296,-20.867505535198354,-18.383541934596238,8
0,135.91832140047862,-19.746953987037,-21.058084069267473,-18.435823904806526,8
0,136.28968293435972,-19.897193726371416,-21.282103884038776,-18.512283568704056,8
0,136.66104446824082,-19.93880762552175,-21.353118108912117,-18.524497142131384,8
0,137.0324060021219,-19.993890183217403,-21.429047475452517,-18.558732890982288,8
0,137.403767536003,-20.07047825245724,-21.502669077627342,-18.638287427287136,8
0,137.7751290698841,-20.09810650763099,-21.55935096081519,-18.63686205444679,8
0,138.14649060376516,-20.18700153015068,-21.67270750229625,-18.70129555800511,8
0,138.51785213764626,-20.255860724209597,-21.747409321781262,-18.764312126637932,8
0,138.88921367152736,-20.393820102309828,-21.97052778107953,-18.817112423540127,8
0,139.26057520540843,-20.420342093967367,-21.997723871699083,-18.84296031623565,8
0,139.63193673928953,-20.58129106151738,-22.245784181482414,-18.916797941552346,8
0,140.00329827317063,-20.61848389573793,-22.26901251247606,-18.967955278999803,8
0,140.3746598070517,-20.589186432511795,-22.213576297087133,-18.964796567936457,8
0,140.7460213409328,-20.744071124926204,-22.410899740412077,-19.07724250944033,8
0,141.11738287481387,-20.81817181695486,-22.484986885840755,-19.151356748068963,8
0,141.48874440869497,-20.848693810078064,-22.451860348697622,-19.245527271458506,8
0,141.86010594257604,-20.989618491986537,-22.61895718274809,-19.360279801224983,8
0,142.23146747645714,-21.052727525231642,-22.673503139719433,-19.43195191074385,8
0,142.60282901033824,-21.147327589899866,-22.814844498920994,-19.47981068087874,8
0,142.9741905442193,-21.34005480970588,-23.106308145946784,-19.573801473464975,8
0,143.3455520781004,-21.354911860881465,-23.083581358783643,-19.626242362979287,8
0,143.7169136119815,-21.41063079871225,-23.11894451495912,-19.70231708246538,8
0,144.08827514586258,-21.456800586129344,-23.165941563385786,-19.7476596088729,8
0,144.45963667974368,-21.5218633073095,-23.265752014333373,-19.777974600285624,8
0,144.83099821362478,-21.56738914316052,-23.287032706135896,-19.84774558018514,8
0,145.20235974750585,-21.647493073467956,-23.351810350489913,-19.943175796446,8
0,145.57372128138695,-21.69222646630402,-23.40642937387751,-19.97802355873053,8
0,145.94508281526805,-21.74438225923145,-23.434674776530315,-20.054089741932586,8
0,146.31644434914912,-21.75689302914818,-23.44525916418362,-20.06852689411274,8
0,146.68780588303022,-21.823547121941868,-23.48203526953745,-20.165058974346284,8
0,147.05916741691132,-21.869293855848483,-23.561327439866414,-20.17726027183055,8
0,147.4305289507924,-21.91562388191773,-23.568875025283393,-20.262372738552063,8
0,147.8018904846735,-21.934867993256113,-23.61489862451829,-20.254837361993935,8
0,148.1732520185546,-22.018219118566492,-23.72152043005368,-20.314917807079304,8
0,148.54461355243566,-22.053828866371067,-23.822674134766622,-20.28498359797551,8
0,148.91597508631676,-22.145771345714085,-23.94660407872519,-20.34493861270298,8
0,149.28733662019786,-22.292636242752934,-24.052962170340003,-20.532310315165866,8
0,149.65869815407893,-22.366776936003117,-24.12118398675683,-20.612369885249404,8
0,150.03005968796003,-22.437456299663317,-24.201860421479164,-20.67305217784747,8
0,150.4014212218411,-22.59630334544579,-24.349061856395938,-20.843544834495642,8
0,150.7727827557222,-22.731863095089707,-24.5057573173615,-20.957968872817915,8
0,151.14414428960328,-22.714788911554038,-24.429336838807615,-21.00024098430046,8
0,151.51550582348438,-22.80612008309818,-24.534122807783405,-21.078117358412953,8
0,151.88686735736547,-22.866336333127066,-24.577193209342074,-21.155479456912058,8
0,152.25822889124655,-22.92521094887009,-24.632726529744456,-21.217695367995727,8
0,152.62959042512765,-22.924617311324575,-24.656108924956218,-21.19312569769293,8
0,153.00095195900872,-23.015874904675726,-24.757507854355502,-21.27424195499595,8
0,153.37231349288982,-23.08510024745823,-24.852425474299064,-21.317775020617393,8
0,153.74367502677092,-23.19135113089955,-24.89990249005209,-21.482799771747015,8
0,154.115036560652,-23.287618484737052,-24.932500918798148,-21.642736050675957,8
0,154.4863980945331,-23.43261466606835,-25.08299853802212,-21.78223079411458,8
0,154.8577596284142,-23.477275600718777,-25.12974514216887,-21.824806059268685,8
0,155.22912116229526,-23.6250365971392,-25.254551868709264,-21.995521325569136,8
0,155.60048269617636,-23.735475341872828,-25.380408874798718,-22.090541808946938,8
0,155.97184423005746,-23.772640798098685,-25.464920935987397,-22.080360660209973,8
0,156.34320576393853,-23.80714461414025,-25.522488565756905,-22.091800662523593,8
0,156.71456729781963,-23.87343140678204,-25.59913853039688,-22.1477242831672,8
0,157.08592883170073,-23.89442755485149,-25.59075966742584,-22.19809544227714,8
0,157.4572903655818,-23.974640798644607,-25.64183334045229,-22.307448256836924,8
0,157.8286518994629,-24.036906387840972,-25.695642638125193,-22.37817013755675,8
0,158.200013433344,-24.146876939771737,-25.808752672286666,-22.485001207256808,8
0,158.57137496722507,-24.20564213487311,-25.860040041690425,-22.551244228055793,8
0,158.94273650110617,-24.26641248935972,-25.9395221535854,-22.59330282513404,8
0,159.31409803498727,-24.270986047474004,-25.920481323439102,-22.621490771508906,8
0,159.68545956886834,-24.344205850957902,-25.981701811384525,-22.70670989053128,8
0,160.05682110274944,-24.40546094965192,-26.006011139131015,-22.804910760172827,8
0,160.4281826366305,-24.482410283780176,-26.141121099041687,-22.823699468518665,8
0,160.7995441705116,-24.50152212896662,-26.179364822961865,-22.823679434971375,8
0,161.1709057043927,-24.54662567553201,-26.22642837004288,-22.86682298102114,8
0,161.54226723827378,-24.568513503938007,-26.223605340250906,-22.91342166762511,8
0,161.91362877215488,-24.61384678020592,-26.294812395122335,-22.93288116528951,8
0,162.28499030603595,-24.62630519623417,-26.310696979387135,-22.941913413081206,8
0,162.65635183991705,-24.707528001998973,-26.424507283668934,-22.990548720329013,8
0,163.02771337379815,-24.76064102249122,-26.47711237019134,-23.044169674791103,8
0,163.39907490767922,-24.817201204848175,-26.534878872262375,-23.099523537433974,8
0,163.77043644156032,-24.831143061369986,-26.541079359678374,-23.121206763061597,8
0,164.14179797544142,-24.867418079854314,-26.591024041455512,-23.143812118253116,8
0,164.5131595093225,-24.855281675712135,-26.570868951660096,-23.139694399764174,8
0,164.88452104320356,-25.005207479112883,-26.731215834538204,-23.27919912368756,8
0,165.2558825770847,-24.98023771578696,-26.719127257521095,-23.241348174052824,8
0,165.62724411096576,-25.04684004294348,-26.800471023232806,-23.293209062654153,8
0,165.99860564484683,-25.187704705354008,-26.954749670837376,-23.42065973987064,8
0,166.36996717872796,-25.3018005374527,-27.048863090282882,-23.554737984622516,8
0,166.74132871260903,-25.38517100104797,-27.189740781583684,-23.580601220512253,8
0,167.1126902464901,-25.40472713545977,-27.205820302512578,-23.60363396840696,8
0,167.48405178037123,-25.296806154559196,-27.0360760447884,-23.557536264329993,8
0,167.8554133142523,-25.39059824987413,-27.189447418609873,-23.59174908113839,8
0,168.22677484813337,-25.382208863569755,-27.100710767849677,-23.663706959289833,8
0,168.5981363820145,-25.37304480892992,-27.012670163890174,-23.733419453969663,8
0,168.96949791589557,-25.389639263129247,-27.062964745740864,-23.71631378051763,8
0,169.34085944977664,-25.488064781399338,-27.163302157930474,-23.8128274048682,8
0,169.71222098365774,-25.490147223369206,-27.14821783103104,-23.832076615707372,8
0,170.08358251753884,-25.467603239847687,-27.131426541566157,-23.803779938129217,8
0,170.45494405141991,-25.517937509878735,-27.190809850993244,-23.845065168764226,8
0,170.82630558530101,-25.54745864149451,-27.228411345956548,-23.866505937032475,8
0,171.1976671191821,-25.621002969469217,-27.306332193512702,-23.93567374542573,8
0,171.56902865306319,-25.68996394909955,-27.397989321402807,-23.981938576796292,8
0,171.94039018694428,-25.72796169008787,-27.48275507776181,-23.97316830241393,8
0,172.31175172082536,-25.742613387125893,-27.528143831107762,-23.957082943144023,8
0,172.68311325470646,-25.725594328230578,-27.48389890732477,-23.967289749136384,8
0,173.05447478858756,-25.793676859599024,-27.611722355431013,-23.975631363767036,8
0,173.42583632246863,-25.8504101542281,-27.69076088528149,-24.01005942317471,8
0,173.79719785634973,-25.890595018283413,-27.72767748184089,-24.053512554725938,8
0,174.16855939023083,-25.921759010955615,-27.729677341800176,-24.113840680111053,8
0,174.5399209241119,-25.871239960973874,-27.796910589312237,-23.94556933263551,8
0,174.91128245799297,-25.892520910635543,-27.89088494306707,-23.894156878204015,8
0,175.2826439918741,-25.947321058210083,-27.945468184727932,-23.949173931692233,8
0,175.65400552575517,-25.98348699438458,-28.006367714818175,-23.960606273950987,8
0,176.02536705963624,-26.052587721169296,-28.101552818129406,-24.003622624209186,8
0,176.39672859351737,-26.080131489836546,-28.141830634092333,-24.01843234558076,8
0,176.76809012739844,-26.13975285296548,-28.190147706479376,-24.089357999451583,8
0,177.1394516612795,-26.248794510928743,-28.2683982884968,-24.229190733360685,8
0,177.51081319516064,-26.35097115532152,-28.374181522757855,-24.327760787885186,8
0,177.8821747290417,-26.346484949896446,-28.416940279367303,-24.27602962042559,8
0,178.25353626292278,-26.49757089176905,-28.468069210456495,-24.527072573081607,8
0,178.6248977968039,-26.57331703289666,-28.51904818224148,-24.62758588355184,8
0,178.99625933068498,-26.609544908077034,-28.54437754290947,-24.674712273244598,8
0,179.36762086456605,-26.687549806653912,-28.56878589469387,-24.806313718613954,8
0,179.73898239844718,-26.810867537552383,-28.738089327611466,-24.8836457474933,8
0,180.11034393232825,-26.902411258890968,-28.82847180813457,-24.976350709647367,8
0,180.48170546620932,-26.833238179412163,-28.744154767271677,-24.92232159155265,8
0,180.85306700009042,-26.934315004370344,-28.806870361243966,-25.06175964749672,8
0,181.22442853397152,-27.10775536874806,-28.924994874153423,-25.290515863342694,8
0,181.5957900678526,-27.117534111151322,-28.920740854414696,-25.314327367887948,8
0,181.9671516017337,-27.284359202846233,-29.078925068588976,-25.48979333710349,8
0,182.3385131356148,-27.31828996608628,-29.144873410835764,-25.491706521336795,8
0,182.70987466949586,-27.322286603654064,-29.125660579687228,-25.5189126276209,8
0,183.08123620337696,-27.455743020812193,-29.24898950476202,-25.662496536862367,8
0,183.45259773725803,-27.63163592160885,-29.487995868620754,-25.775275974596948,8
0,183.82395927113913,-27.704495969693948,-29.57235642681715,-25.836635512570744,8
0,184.19532080502023,-27.860038366948896,-29.79775945175804,-25.92231728213975,8
0,184.5666823389013,-28.022967563878176,-30.009655665718874,-26.036279462037477,8
0,184.9380438727824,-28.092576092053292,-30.033476654160925,-26.15167552994566,8
0,185.3094054066635,-28.20308531169745,-30.1722179444495,-26.2339526789454,8
0,185.68076694054457,-28.306013806692913,-30.30599034246424,-26.306037270921586,8
0,186.05212847442564,-28.321057898267618,-30.313984099362706,-26.32813169717253,8
0,186.42349000830677,-28.317457553696915,-30.282167134001636,-26.352747973392194,8
0,186.79485154218784,-28.563730575629865,-30.611278188620574,-26.516182962639157,8
0,187.1662130760689,-28.63271889504389,-30.663368980306323,-26.602068809781457,8
0,187.53757460995004,-28.66201284505351,-30.647735277920148,-26.676290412186873,8
0,187.9089361438311,-28.71865316683477,-30.701792818139115,-26.735513515530425,8
0,188.28029767771218,-28.722849432544095,-30.792257760077323,-26.653441105010867,8
0,188.6516592115933,-28.80097629742082,-30.800555640102367,-26.801396954739275,8
0,189.02302074547438,-28.900910392348052,-30.905626577502026,-26.89619420719408,8
0,189.39438227935545,-28.94192189917845,-30.975943127334443,-26.907900671022457,8
0,189.76574381323658,-29.022534844559736,-31.07357969413079,-26.971489994988683,8
0,190.13710534711765,-29.09412230241101,-31.1444998812718,-27.04374472355022,8
0,190.50846688099872,-29.123461727694945,-31.231510940654736,-27.015412514735154,8
0,190.87982841487982,-29.176684124019843,-31.297591835219084,-27.055776412820602,8
0,191.25118994876092,-29.17560886627545,-31.321118791279616,-27.030098941271284,8
0,191.622551482642,-29.260773423661625,-31.385689641002646,-27.135857206320605,8
0,191.9939130165231,-29.331932179162898,-31.44382257236792,-27.220041785957875,8
0,192.3652745504042,-29.541145089969632,-31.743979505349976,-27.338310674589287,8
0,192.73663608428527,-29.530308081445444,-31.68796025850154,-27.372655904389347,8
0,193.10799761816637,-29.55524991213638,-31.73984448211617,-27.37065534215659,8
0,193.47935915204744,-29.60544218519238,-31.79817792713237,-27.41270644325239,8
0,193.85072068592854,-29.662528437152073,-31.802639390592955,-27.52241748371119,8
0,194.22208221980964,-29.72171661488408,-31.85538357037926,-27.5880496593889,8
0,194.5934437536907,-29.82013454773145,-31.97482815740902,-27.665440938053877,8
0,194.9648052875718,-29.873092200238528,-32.033946004337515,-27.712238396139536,8
0,195.3361668214529,-29.95469577682985,-32.104257069288266,-27.805134484371436,8
0,195.70752835533398,-29.992755291950175,-32.16485825366004,-27.820652330240307,8
0,196.07888988921505,-30.035363659514864,-32.20990151909328,-27.860825799936446,8
0,196.45025142309618,-30.092976770535174,-32.21983382457719,-27.96611971649316,8
0,196.82161295697725,-30.169620058402757,-32.27965131520292,-28.059588801602597,8
0,197.19297449085832,-30.24161766794064,-32.34878566003896,-28.13444967584232,8
0,197.56433602473945,-30.3554310631926,-32.453386779853346,-28.257475346531855,8
0,197.93569755862052,-30.396933209724303,-32.48420247982597,-28.309663939622638,8
0,198.3070590925016,-30.46662636237283,-32.54398176046604,-28.389270964279614,8
0,198.67842062638272,-30.576049504765038,-32.664523723337894,-28.48757528619218,8
0,199.0497821602638,-30.652523198113148,-32.73627527335999,-28.5687711228663,8
0,199.42114369414486,-30.672354379630534,-32.77339978097697,-28.571308978284094,8
0,199.792505228026,-30.73096874930297,-32.86345779200663,-28.598479706599313,8
0,200.16386676190706,-30.799834795187618,-32.93198561654899,-28.667683973826247,8
0,200.53522829578813,-30.859442440855528,-33.03576526673941,-28.68311961497165,8
0,200.90658982966926,-30.86272470241452,-33.086718482352154,-28.63873092247689,8
0,201.27795136355033,-30.821179688602676,-33.0287198240035,-28.61363955320185,8
0,201.6493128974314,-30.90936137853541,-33.07429040400796,-28.744432353062862,8
0,202.0206744313125,-30.948367200514483,-33.0671525049925,-28.829581896036462,8
0,202.3920359651936,-31.020655271126795,-33.15580223382348,-28.885508308430115,8
0,202.76339749907467,-31.063853813662558,-33.17509673469698,-28.952610892628137,8
0,203.13475903295577,-31.098604339366837,-33.189040228801936,-29.008168449931738,8
0,203.50612056683687,-31.16641046601126,-33.249639793561926,-29.0831811384606,8
0,203.87748210071794,-31.151202889864205,-33.21928202299895,-29.083123756729464,8
0,204.24884363459904,-31.34369635733984,-33.361257093232396,-29.32613562144729,8
0,204.6202051684801,-31.376524358216372,-33.41733262264128,-29.335716093791458,8
0,204.9915667023612,-31.456579013263028,-33.48667816580792,-29.426479860718135,8
0,205.3629282362423,-31.51487098308933,-33.55451789356743,-29.475224072611237,8
0,205.73428977012338,-31.5307199546251,-33.573826869317294,-29.487613039932903,8
0,206.10565130400448,-31.54826332695315,-33.576634745740705,-29.519891908165597,8
0,206.47701283788558,-31.64223705080289,-33.663852972293625,-29.620621129312156,8
0,206.84837437176665,-31.700545869009144,-33.719799972768776,-29.681291765249515,8
0,207.21973590564772,-31.772780544823462,-33.80681362291803,-29.7387474667289,8
0,207.59109743952885,-31.846702570294283,-33.88006193980973,-29.81334320077884,8
0,207.96245897340992,-31.928766671326017,-33.94962991566545,-29.907903426986586,8
0,208.333820507291,-31.985240676297167,-34.010688509650954,-29.95979284294338,8
0,208.70518204117212,-32.04498620556967,-34.0912782488077,-29.998694162331645,8
0,209.0765435750532,-32.10344711220205,-34.170984578425255,-30.035909645978837,8
0,209.44790510893426,-32.16320368955192,-34.22751204868663,-30.098895330417218,8
0,209.8192666428154,-32.21246618929854,-34.28000694962942,-30.144925428967657,8
0,210.19062817669646,-32.26474041600558,-34.352773908574164,-30.176706923436992,8
0,210.56198971057754,-32.318653091304654,-34.41249512333258,-30.224811059276725,8
0,210.93335124445866,-32.38079385337691,-34.4692267662027,-30.292360940551116,8
0,211.30471277833973,-32.42234968742625,-34.51199323673413,-30.33270613811837,8
0,211.6760743122208,-32.43245261317382,-34.53259558653479,-30.332309639812852,8
0,212.0474358461019,-32.47684934001995,-34.59038624161832,-30.363312438421588,8
0,212.418797379983,-32.524385068581594,-34.63191865248651,-30.416851484676677,8
0,212.79015891386408,-32.612519910777756,-34.69695383724783,-30.52808598430768,8
0,213.16152044774518,-32.68590072569469,-34.75510858585209,-30.61669286553728,8
0,213.53288198162628,-32.69650221409933,-34.780586015712636,-30.61241841248603,8
0,213.90424351550735,-32.76790645111906,-34.85034847400661,-30.68546442823151,8
0,214.27560504938845,-32.811175318052726,-34.890554404400284,-30.73179623170517,8
0,214.64696658326952,-32.89211726882556,-34.94976623550637,-30.83446830214475,8
0,215.01832811715062,-32.9233290491501,-34.981887805392326,-30.86477029290787,8
0,215.38968965103172,-32.95096353105857,-35.01064165936952,-30.89128540274762,8
0,215.7610511849128,-33.036975042700426,-35.08882919047467,-30.985120894926183,8
0,216.1324127187939,-33.09595619582337,-35.15601096605479,-31.035901425591955,8
0,216.503774252675,-33.12355236641444,-35.16326418450065,-31.083840548328226,8
0,216.87513578655606,-33.15187002347188,-35.18704566839309,-31.116694378550665,8
0,217.24649732043713,-33.187657692023095,-35.22769257901449,-31.147622805031702,8
0,217.61785885431826,-33.2481098213125,-35.30420394139123,-31.192015701233764,8
0,217.98922038819933,-33.24502193616668,-35.350648510103206,-31.13939536223015,8
0,218.3605819220804,-33.323837345329196,-35.492024552077496,-31.1556501385809,8
0,218.73194345596153,-33.33076995876606,-35.50388050747269,-31.157659410059438,8
0,219.1033049898426,-33.38823738177417,-35.56304068392603,-31.213434079622303,8
0,219.47466652372367,-33.44504246798341,-35.6269286484716,-31.263156287495228,8
0,219.8460280576048,-33.496258355608845,-35.70846813267468,-31.284048578543008,8
0,220.21738959148587,-33.5453010788432,-35.7388355222575,-31.351766635428906,8
0,220.58875112536694,-33.62894252801103,-35.856434017000346,-31.401451039021715,8
0,220.96011265924807,-33.68852193500076,-35.9408196582136,-31.436224211787916,8
0,221.33147419312914,-33.71660718383362,-36.01569388123869,-31.417520486428543,8
0,221.7028357270102,-33.76583815507077,-36.09229235458905,-31.43938395555249,8
0,222.07419726089134,-33.839711705033125,-36.16153607924483,-31.51788733082142,8
0,222.4455587947724,-33.88520250804834,-36.17632269401799,-31.594082322078684,8
0,222.81692032865348,-33.91103713218579,-36.15695879052086,-31.66511547385072,8
0,223.18828186253458,-34.0088020461271,-36.23914483279589,-31.778459259458312,8
0,223.55964339641568,-34.056268506212724,-36.296914466973874,-31.81562254545157,8
0,223.93100493029675,-34.122739412443195,-36.34313946397898,-31.90233936090741,8
0,224.30236646417785,-34.14374943563391,-36.36731864764235,-31.920180223625465,8
0,224.67372799805895,-34.19395273783515,-36.44168630606008,-31.946219169610217,8
0,225.04508953194002,-34.192000847370416,-36.40163656907591,-31.98236512566492,8
0,225.41645106582112,-34.19746228574874,-36.41596096309019,-31.97896360840729,8
0,225.7878125997022,-34.22213386033422,-36.44583609102231,-31.99843162964613,8
0,226.1591741335833,-34.208109006198505,-36.45758956614631,-31.958628446250696,8
0,226.5305356674644,-34.27301923685704,-36.485927174090406,-32.06011129962367,8
0,226.90189720134546,-34.30467411512576,-36.49781522084196,-32.11153300940957,8
0,227.27325873522656,-34.4101840068031,-36.56661501677333,-32.253752996832866,8
0,227.64462026910766,-34.45170730712122,-36.68715291055941,-32.216261703683024,8
0,228.01598180298873,-34.539396050683166,-36.78958139026217,-32.28921071110416,8
0,228.3873433368698,-34.59121362693683,-36.81383315904011,-32.36859409483355,8
0,228.75870487075093,-34.66900798653003,-36.872752525678834,-32.46526344738123,8
0,229.130066404632,-34.746662708158354,-37.0141055881238,-32.47921982819291,8
0,229.50142793851307,-34.788295684643444,-37.04460358839867,-32.531987780888215,8
0,229.8727894723942,-34.780577607536216,-37.035217196733456,-32.52593801833898,8
0,230.24415100627527,-34.82883044294051,-37.03403733577935,-32.62362355010166,8
0,230.61551254015635,-34.8863820600745,-37.04718345458912,-32.72558066555989,8
0,230.98687407403747,-35.049034518213716,-37.10910350707279,-32.988965529354644,8
0,231.35823560791854,-35.12789657471625,-37.11027852188481,-33.1455146275477,8
0,231.72959714179962,-35.1645487866123,-37.141875405311595,-33.187222167913006,8
0,232.10095867568074,-35.24319925736269,-37.2673888435002,-33.21900967122518,8
0,232.47232020956181,-35.285397048138,-37.33889177232531,-33.23190232395069,8
0,232.8436817434429,-35.317193222480356,-37.417920368585605,-33.216466076375106,8
0,233.21504327732399,-35.360877455991194,-37.45710130155554,-33.26465361042685,8
0,233.58640481120509,-35.368282446749134,-37.53938161836368,-33.19718327513459,8
0,233.95776634508616,-35.44869333895129,-37.637736338466894,-33.25965033943568,8
0,234.32912787896726,-35.451914912098744,-37.678414631411826,-33.22541519278566,8
0,234.70048941284836,-35.41539154033596,-37.64749657475443,-33.18328650591749,8
0,235.07185094672943,-35.65252240319097,-37.716132492171475,-33.58891231421047,8
0,235.44321248061053,-35.66581893460661,-37.80153442927313,-33.53010343994009,8
0,235.8145740144916,-35.76567928414336,-37.95627856108992,-33.5750800071968,8
0,236.1859355483727,-35.82827645205149,-37.997585771537175,-33.658967132565806,8
0,236.5572970822538,-35.95341378184652,-38.12278597523398,-33.78404158845906,8
0,236.92865861613487,-36.10417379024874,-38.191830288731204,-34.01651729176627,8
0,237.30002015001597,-36.18199393534126,-38.29134130109222,-34.072646569590304,8
0,237.67138168389707,-36.23909697046126,-38.267281860880125,-34.2109120800424,8
0,238.04274321777814,-36.277863373861514,-38.24405358350225,-34.31167316422078,8
0,238.4141047516592,-36.335432857447984,-38.306239998498405,-34.36462571639756,8
0,238.78546628554034,-36.351064647317095,-38.33943093376141,-34.36269836087278,8
0,239.1568278194214,-36.415147138745795,-38.42382488354411,-34.40646939394748,8
0,239.52818935330248,-36.47625167014746,-38.52597823534041,-34.426525104954514,8
0,239.8995508871836,-36.495720636043444,-38.543349212228925,-34.44809205985796,8
0,240.27091242106468,-36.61266503628581,-38.694997041986234,-34.53033303058539,8
0,240.64227395494575,-36.68099944474567,-38.81893917772199,-34.54305971176936,8
0,241.01363548882688,-36.73530802014062,-38.881767740347996,-34.58884829993325,8
0,241.38499702270795,-36.867256506551286,-39.10620580537484,-34.62830720772773,8
0,241.75635855658902,-36.973131230865114,-39.291191137707564,-34.655071324022664,8
0,242.12772009047015,-37.03326434710097,-39.40986323314389,-34.65666546105805,8
0,242.49908162435122,-37.04940659538155,-39.42303954547088,-34.67577364529222,8
0,242.8704431582323,-37.09863326607595,-39.47923816695201,-34.71802836519989,8
0,243.24180469211342,-37.191538201172534,-39.573595934888836,-34.80948046745623,8
0,243.6131662259945,-37.20332794829096,-39.57614418161076,-34.830511714971166,8
0,243.98452775987556,-37.24989959204542,-39.64391254045574,-34.85588664363511,8
0,244.35588929375666,-37.35086767253471,-39.768193455503834,-34.93354188956559,8
0,244.72725082763776,-37.34766542006455,-39.71948612451162,-34.975844715617484,8
0,245.09861236151883,-37.36545971446812,-39.693676424374246,-35.037243004562,8
0,245.46997389539993,-37.384913695535,-39.63897537742937,-35.13085201364063,8
0,245.84133542928103,-37.36975177232173,-39.53626181290153,-35.203241731741926,8
0,246.2126969631621,-37.378614462431116,-39.55774150748058,-35.199487417381654,8
0,246.5840584970432,-37.401664268156225,-39.596546754536654,-35.206781781775796,8
0,246.95542003092427,-37.437060093153086,-39.637190680838415,-35.23692950546776,8
0,247.32678156480537,-37.461517305887796,-39.65686327487043,-35.26617133690516,8
0,247.69814309868647,-37.55452046724504,-39.737631283754055,-35.37140965073603,8
0,248.06950463256754,-37.621223935381956,-39.82432600199836,-35.41812186876555,8
0,248.44086616644861,-37.64809081981783,-39.87051991698622,-35.425661722649444,8
0,248.81222770032974,-37.75749709575645,-40.019311070829055,-35.49568312068384,8
0,249.1835892342108,-37.840029594549776,-40.08656707216576,-35.593492116933795,8
0,249.55495076809189,-37.92208530294188,-40.1181356244898,-35.72603498139396,8
0,249.926312301973,-37.968998517070546,-40.160450678283226,-35.777546355857865,8
0,250.29767383585408,-38.07894780865895,-40.23121045336157,-35.926685163956336,8
0,250.66903536973516,-38.164197973675755,-40.28511741240505,-36.04327853494646,8
0,251.04039690361628,-38.18635980938847,-40.33138886439141,-36.041330754385534,8
0,251.41175843749735,-38.17345138806773,-40.31730601979156,-36.029596756343906,8
0,251.78311997137843,-38.207666632413115,-40.32562384397774,-36.08970942084849,8
0,252.15448150525955,-38.26561260169611,-40.36583618240529,-36.165389020986936,8
0,252.52584303914063,-38.308967519276216,-40.391622374704156,-36.226312663848276,8
0,252.8972045730217,-38.36456724908206,-40.46263029303101,-36.2665042051331,8
0,253.26856610690282,-38.415351474811274,-40.51174112209869,-36.31896182752386,8
0,253.6399276407839,-38.46530760338976,-40.533752231393684,-36.39686297538584,8
0,254.01128917466497,-38.58439968754348,-40.69634958831627,-36.472449786770696,8
0,254.38265070854607,-38.586494488582765,-40.65327785995472,-36.51971111721081,8
0,254.75401224242717,-38.564723090589226,-40.69311436389027,-36.436331817288185,8
0,255.12537377630824,-38.61875193032678,-40.750121914205344,-36.48738194644822,8
0,255.49673531018934,-38.66353257800703,-40.76425700088372,-36.56280815513034,8
0,255.86809684407044,-38.720705715782614,-40.84820854752204,-36.59320288404319,8
0,256.2394583779515,-38.764038601274635,-40.90528536002454,-36.62279184252473,8
0,256.6108199118326,-38.86736914125693,-41.049438825099664,-36.685299457414196,8
0,256.9821814457137,-38.858831649147184,-41.04355814223126,-36.674105156063106,8
0,257.35354297959475,-38.87397484039532,-41.02494911804907,-36.72300056274157,8
0,257.7249045134759,-38.915899102188284,-41.082170126221534,-36.749628078155034,8
0,258.09626604735695,-38.972247826264145,-41.15597628463502,-36.78851936789327,8
0,258.46762758123805,-38.99597538613553,-41.180002799829545,-36.81194797244151,8
0,258.83898911511915,-39.05085012385703,-41.17847876590553,-36.92322148180853,8
0,259.21035064900025,-39.08071160054822,-41.2294076152717,-36.93201558582474,8
0,259.5817121828813,-39.129875032926435,-41.31577197411485,-36.94397809173802,8
0,259.9530737167624,-39.21755435646401,-41.37037990867257,-37.064728804255445,8
0,260.3244352506435,-39.2133324662711,-41.45459227912945,-36.972072653412745,8
0,260.6957967845246,-39.15974477630666,-41.408061268327884,-36.911428284285435,8
0,261.0671583184057,-39.12573841808601,-41.32724506036731,-36.92423177580471,8
0,261.4385198522868,-39.09326846641104,-41.37494069569689,-36.81159623712519,8
0,261.80988138616783,-39.08523532482775,-41.48764486150654,-36.68282578814896,8
0,262.18124292004893,-39.14358831931082,-41.57520530672046,-36.71197133190118,8
0,262.55260445393003,-39.226184331732604,-41.626834880138304,-36.825533783326904,8
0,262.92396598781113,-39.27277760068035,-41.56547748964057,-36.98007771172013,8
0,263.29532752169223,-39.30098084545124,-41.66148178931696,-36.940479901585526,8
0,263.6666890555733,-39.32290838501952,-41.67103460411931,-36.97478216591972,8
0,264.0380505894544,-39.3652622869364,-41.788753382167485,-36.941771191705314,8
0,264.40941212333547,-39.42850245764814,-41.837010166106644,-37.01999474918964,8
0,264.78077365721657,-39.36530643916612,-41.66825127842226,-37.06236159990998,8
0,265.1521351910976,-39.44812799939069,-41.78497260481578,-37.11128339396561,8
0,265.52349672497877,-39.54527443778029,-41.88436238231344,-37.206186493247145,8
0,265.8948582588598,-39.586671221248565,-41.9137120696563,-37.25963037284083,8
0,266.2662197927409,-39.740533295861596,-42.05293862638258,-37.428127965340614,8
0,266.637581326622,-39.786807297391384,-42.06760966308667,-37.5060049316961,8
0,267.0089428605031,-39.818571639312154,-42.101784535631104,-37.5353587429932,8
0,267.38030439438415,-39.86302187078888,-42.134044342587835,-37.59199939898992,8
0,267.7516659282653,-39.933494692028034,-42.16062914689978,-37.70636023715629,8
0,268.12302746214635,-40.004819233766334,-42.2596540297302,-37.74998443780247,8
0,268.49438899602745,-40.04979035134242,-42.3221401545463,-37.77744054813855,8
0,268.86575052990855,-40.13845532748075,-42.39689463655917,-37.88001601840233,8
0,269.23711206378965,-40.20296373335607,-42.45569713091391,-37.95023033579823,8
0,269.6084735976707,-40.24538679173487,-42.53645398630108,-37.95431959716866,8
0,269.9798351315518,-40.27725303920462,-42.57418815531929,-37.980317923089956,8
0,270.3511966654329,-40.30111110329566,-42.58049437174201,-38.02172783484931,8
0,270.722558199314,-40.36990344082607,-42.647557014992856,-38.09224986665929,8
0,271.0939197331951,-40.433582780410745,-42.709496444348645,-38.157669116472846,8
0,271.4652812670762,-40.55480883406044,-42.8566030730107,-38.25301459511017,8
0,271.83664280095724,-40.59446161491778,-42.89196700436099,-38.296956225474574,8
0,272.20800433483834,-40.675352892480056,-43.00262147979905,-38.34808430516106,8
0,272.57936586871944,-40.732228585717856,-43.04810150659466,-38.41635566484105,8
0,272.95072740260053,-40.82596791279774,-43.154740177255746,-38.49719564833974,8
0,273.32208893648163,-40.90528797024691,-43.252059915379036,-38.558516025114784,8
0,273.6934504703627,-40.950040438378366,-43.306181704795954,-38.59389917196078,8
0,274.0648120042438,-41.03977535820653,-43.37888460198483,-38.70066611442824,8
0,274.4361735381249,-41.06530236903931,-43.425248646713975,-38.70535609136464,8
0,274.807535072006,-41.12960458748879,-43.4953931467083,-38.76381602826928,8
0,275.178896605887,-41.17120307301153,-43.53444620573841,-38.807959940284654,8
0,275.5502581397682,-41.20665039631317,-43.5860661297874,-38.82723466283895,8
0,275.9216196736492,-41.266314297986554,-43.659128716518595,-38.87349987945451,8
0,276.2929812075303,-41.2971173609577,-43.680147509670185,-38.914087212245214,8
0,276.6643427414114,-41.36200727618896,-43.7590390495636,-38.964975502814326,8
0,277.0357042752925,-41.3923613445795,-43.821853503553676,-38.96286918560532,8
0,277.40706580917356,-41.441235034942785,-43.84870433072474,-39.03376573916083,8
0,277.7784273430547,-41.492224826345954,-43.893266960451875,-39.09118269224003,8
0,278.14978887693576,-41.54766132683131,-43.91907813101045,-39.17624452265217,8
0,278.52115041081686,-41.566895425594744,-43.91345241214923,-39.220338439040255,8
0,278.89251194469796,-41.61921884232003,-43.98409070467363,-39.25434697996643,8
0,279.26387347857906,-41.681305336294,-44.028932408367595,-39.33367826422041,8
0,279.6352350124601,-41.732191688088406,-44.14600298607408,-39.31838039010273,8
0,280.00659654634126,-41.77664715606223,-44.21346777016762,-39.339826541956846,8
0,280.3779580802223,-41.776199672534645,-44.230187078139416,-39.322212266929874,8
0,280.7493196141034,-41.84430668811595,-44.31100969214366,-39.37760368408824,8
0,281.1206811479845,-41.90094099611255,-44.34471314949137,-39.457168842733736,8
0,281.4920426818656,-42.00534859293321,-44.45164538550805,-39.55905180035837,8
0,281.86340421574664,-42.053709157957336,-44.51204252657473,-39.59537578933994,8
0,282.23476574962774,-42.17727186316143,-44.664760123804825,-39.689783602518034,8
0,282.60612728350884,-42.20835121085214,-44.64583351614955,-39.770868905554735,8
0,282.97748881738994,-42.29070829355601,-44.7778770672534,-39.80353951985862,8
0,283.34885035127104,-42.29867702537247,-44.76428586144022,-39.83306818930472,8
0,283.7202118851521,-42.38389261235912,-44.87461674647555,-39.893168478242686,8
0,284.0915734190332,-42.3810116934038,-44.78423959268667,-39.97778379412093,8
0,284.4629349529143,-42.44754170762371,-44.83513789184576,-40.05994552340165,8
0,284.8342964867954,-42.650142485750685,-45.05577178527864,-40.24451318622273,8
0,285.2056580206765,-42.7365224277062,-45.16243725300899,-40.31060760240341,8
0,285.5770195545576,-42.80964008925109,-45.23894246598809,-40.38033771251409,8
0,285.9483810884386,-42.94371139133729,-45.38273628904144,-40.50468649363314,8
0,286.3197426223198,-42.85904901153818,-45.225871443033604,-40.49222658004276,8
0,286.6911041562008,-42.692410296884866,-44.9692494452988,-40.41557114847093,8
0,287.0624656900819,-42.74539035046091,-45.00537496689285,-40.485405734028966,8
0,287.433827223963,-42.822504032693566,-45.07370542621328,-40.57130263917385,8
0,287.8051887578441,-42.92173665213999,-45.17734057724069,-40.66613272703929,8
0,288.17655029172516,-43.016119962384025,-45.2683096958001,-40.76393022896795,8
0,288.54791182560626,-43.03074428212407,-45.28601116189489,-40.775477402353246,8
0,288.91927335948736,-43.07465051012743,-45.342239915827214,-40.80706110442764,8
0,289.29063489336846,-43.1172432103787,-45.365360600662825,-40.86912582009458,8
0,289.66199642724956,-43.19625681028802,-45.45481580527811,-40.93769781529793,8
0,290.03335796113066,-43.25361710252192,-45.51921790817062,-40.98801629687323,8
0,290.4047194950117,-43.33580776957011,-45.6581791176863,-41.01343642145392,8
0,290.7760810288928,-43.39176002834604,-45.690064537257015,-41.09345551943507,8
0,291.1474425627739,-43.45765007471461,-45.75019737941018,-41.16510277001903,8
0,291.518804096655,-43.52689922356179,-45.808791861837875,-41.24500658528571,8
0,291.8901656305361,-43.589445711106364,-45.889136251797744,-41.289755170414985,8
0,292.26152716441715,-43.647145683583176,-45.92501433763611,-41.369277029530245,8
0,292.63288869829825,-43.69079863474312,-45.98998910845296,-41.391608161033275,8
0,293.00425023217934,-43.73005642648962,-46.06650333948458,-41.39360951349465,8
0,293.37561176606044,-43.80334823610866,-46.12957775514823,-41.47711871706909,8
0,293.7469732999415,-43.89887869274929,-46.15866380804449,-41.6390935774541,8
0,294.11833483382264,-44.03260388078186,-46.2159903854824,-41.84921737608133,8
0,294.4896963677037,-44.054713906790795,-46.29799537938321,-41.81143243419838,8
0,294.8610579015848,-44.15554473230533,-46.42326000379302,-41.88782946081764,8
0,295.2324194354659,-44.238843635811676,-46.47597422648473,-42.00171304513862,8
0,295.603780969347,-44.2909853591774,-46.574446033336216,-42.00752468501858,8
0,295.975142503228,-44.28630264739384,-46.53413958471469,-42.03846571007299,8
0,296.3465040371092,-44.30720766098922,-46.54504555668307,-42.06936976529537,8
0,296.7178655709902,-44.361415387617576,-46.584268145622964,-42.13856262961219,8
0,297.0892271048713,-44.44188228145375,-46.67650394979368,-42.207260613113824,8
0,297.4605886387524,-44.48810755086193,-46.739863187344284,-42.23635191437958,8
0,297.8319501726335,-44.5612439817342,-46.802200531622766,-42.320287431845635,8
0,298.20331170651457,-44.683863687836805,-46.94126551816829,-42.42646185750532,8
0,298.5746732403957,-44.726080584873834,-46.992353642473155,-42.45980752727451,8
0,298.94603477427677,-44.733524398775515,-47.010722106593164,-42.456326690957866,8
0,299.31739630815787,-44.78470594622984,-47.073985409010675,-42.49542648344901,8
0,299.68875784203897,-44.848031469107745,-47.12899891998594,-42.56706401822955,8
2,0.0,0.0,0.0,0.0,8
2,0.37136153388108917,0.002587932668275037,-0.08634893527531708,0.09152480061186714,8
2,0.7427230677621783,0.043896616970303504,-0.12645739310698575,0.21425062704759276,8
2,1.1140846016432675,-0.13268542328111652,-0.49683525858940547,0.2314644120271724,8
2,1.4854461355243567,-0.3077217965778494,-0.45263977500359065,-0.16280381815210818,8
2,1.8568076694054458,-0.35769180982011073,-0.4590183469462525,-0.25636527269396897,8
2,2.228169203286535,-0.3531359336115364,-0.47366886179730405,-0.23260300542576873,8
2,2.5995307371676244,-0.3962529934740171,-0.7453842583734638,-0.047121728574570365,8
2,2.9708922710487133,-0.5361576417562894,-0.7563795961642208,-0.3159356873483581,8
2,3.3422538049298023,-0.5934192449036134,-0.7749573368279911,-0.4118811529792358,8
2,3.7136153388108917,-0.6337257140832783,-0.775771986580814,-0.4916794415857425,8
2,4.084976872691981,-0.6445075420359195,-1.0380527826881534,-0.25096230138368575,8
2,4.45633840657307,-0.6714099875648795,-0.9891122134840107,-0.3537077616457482,8
2,4.827699940454159,-0.7227392329230098,-1.0169624172356375,-0.42851604861038195,8
2,5.199061474335249,-0.8775912048707597,-1.0207334381305264,-0.7344489716109929,8
2,5.570423008216337,-0.6747327685937768,-0.831139442645927,-0.5183260945416267,8
2,5.941784542097427,-0.58892679415221,-0.9039078963559224,-0.27394569194849766,8
2,6.313146075978516,-0.6347594415585396,-1.0252251008663313,-0.24429378225074788,8
2,6.684507609859605,-0.6567489142286886,-1.10028317467283,-0.21321465378454718,8
2,7.0558691437406935,-0.7822661213334694,-1.3356389591884863,-0.2288932834784525,8
2,7.427230677621783,-0.7523226733657224,-1.1013118872479433,-0.4033334594835017,8
2,7.798592211502871,-0.739860622914723,-1.1008672560867643,-0.3788539897426818,8
2,8.169953745383962,-0.624919228541785,-1.0446658544899554,-0.2051726025936147,8
2,8.541315279265051,-0.8104250495282875,-1.4779130200331738,-0.14293707902340125,8
2,8.91267681314614,-0.918756078437204,-1.2963812781935982,-0.5411308786808099,8
2,9.284038347027229,-0.9538937901457663,-1.3055394857083698,-0.6022480945831628,8
2,9.655399880908318,-0.8013915632148437,-1.1207671275949043,-0.4820159988347831,8
2,10.026761414789407,-0.7965964485610996,-1.2066501899059472,-0.386542707216252,8
2,10.398122948670498,-1.0000959355780796,-1.444363786120262,-0.5558280850358972,8
2,10.769484482551585,-1.0944052334103838,-1.5857877389265438,-0.6030227278942237,8
2,11.140846016432674,-1.1404563222514188,-1.4418852924757601,-0.8390273520270776,8
2,11.512207550313764,-1.035916040611293,-1.375274331468316,-0.6965577497542702,8
2,11.883569084194853,-1.1512259961873912,-1.5585778205177578,-0.7438741718570245,8
2,12.25493061807594,-1.2047838979198928,-1.7205999095110633,-0.6889678863287223,8
2,12.626292151957031,-1.4786884005842456,-1.719434627523605,-1.2379421736448861,8
2,12.99765368583812,-1.306916126543102,-1.6093688110126396,-1.0044634420735643,8
2,13.36901521971921,-1.3141796339995686,-1.6356739803169742,-0.992685287682163,8
2,13.7403767536003,-1.3352839378254835,-1.8980281157711332,-0.7725397598798337,8
2,14.111738287481387,-1.3847718645641185,-2.021850691373211,-0.7476930377550259,8
2,14.483099821362476,-1.1146665085223613,-1.9103260047638646,-0.3190070122808579,8
2,14.854461355243567,-1.064172390199738,-1.9094709555923175,-0.21887382480715833,8
2,15.225822889124656,-0.856889488333099,-1.7551296600385324,0.041350683372334385,8
2,15.597184423005743,-0.5456300571940935,-1.546949504989503,0.45568939060131597,8
2,15.968545956886834,-0.6975405470486253,-2.159445597819227,0.7643645037219762,8
2,16.339907490767924,-0.6203487646459298,-2.1242695224818613,0.8835719931900015,8
2,16.71126902464901,-0.4790939094834591,-2.0475615785303654,1.0893737595634474,8
2,17.082630558530102,-0.20029971379519168,-1.8951365358616785,1.4945371082712953,8
2,17.45399209241119,-0.2938439986735527,-2.316597937693195,1.7289099403460897,8
2,17.82535362629228,-0.3466501759014174,-2.4150068682901837,1.721706516487349,8
2,18.19671516017337,-0.15272868660527233,-2.3265710837874995,2.0211137105769548,8
2,18.568076694054458,0.13861043750545557,-2.1323801526267667,2.4096010276376782,8
2,18.939438227935547,0.3185608440673496,-2.100712883026136,2.737834571160835,8
2,19.310799761816636,0.7221898455509703,-1.8878842936780758,3.3322639847800164,8
2,19.682161295697725,0.6675262486685294,-2.117344563171265,3.4523970605083236,8
2,20.053522829578814,0.9371803797481192,-1.867474355160251,3.7418351146564897,8
2,20.424884363459903,0.9433441425434712,-1.7813919674516117,3.6680802525385543,8
2,20.796245897340995,0.9222481282237076,-1.7674323477477365,3.6119286041951515,8
2,21.16760743122208,0.5816918729815412,-2.29344101001662,3.456824755979703,8
2,21.53896896510317,0.7754362007358961,-2.125495995235341,3.676368396707133,8
2,21.910330498984262,0.824588277867254,-2.053957695416454,3.7031342511509617,8
2,22.281692032865347,0.7584798839580533,-2.1030755940903547,3.6200353620064614,8
2,22.65305356674644,0.5139062530436043,-2.5946516019869716,3.62246410807418,8
2,23.02441510062753,0.6750566047333832,-2.6181992914114494,3.9683125008782163,8
2,23.395776634508614,0.7676043034713393,-2.5451980787942974,4.080406685736976,8
2,23.767138168389707,0.848819292539061,-2.4846904988320206,4.182329083910143,8
2,24.138499702270796,0.49977518641807916,-2.9084951789289963,3.908045551765155,8
2,24.50986123615188,0.5917310959059884,-2.722082013480727,3.9055442052927036,8
2,24.881222770032974,0.6927193235851185,-2.6385115881831074,4.023950235353344,8
2,25.252584303914063,0.7688754431113751,-2.5865277880797457,4.124278674302496,8
2,25.62394583779515,0.8420350517837529,-2.469625213827897,4.153695317395403,8
2,25.99530737167624,0.4835177307374021,-2.7341898496132275,3.7012253110880318,8
2,26.366668905557333,0.4251819237501657,-2.869905440040685,3.720269287541016,8
2,26.73803043943842,0.40714753311926544,-2.9380239292600763,3.752318995498607,8
2,27.109391973319507,0.6239349167524937,-2.7806208750194297,4.0284907085244175,8
2,27.4807535072006,0.6274746777465545,-2.8080544248729904,4.063003780366099,8
2,27.852115041081685,0.542448276171433,-2.837078723845623,3.921975276188489,8
2,28.223476574962774,0.28160340734613615,-3.1813631767719954,3.7445699914642674,8
2,28.594838108843867,0.5330578480787627,-2.9948587190168285,4.060974415174353,8
2,28.966199642724952,0.6477942176393583,-2.965813903408089,4.261402338686805,8
2,29.337561176606044,0.5718760687669491,-3.068174886163431,4.21192702369733,8
2,29.708922710487133,0.5645491732170818,-3.0632422995017654,4.1923406459359285,8
2,30.08028424436822,0.7152012463306392,-3.153502181248494,4.583904673909772,8
2,30.45164577824931,0.8650620181639931,-3.05427790266603,4.784401938994016,8
2,30.8230073121304,0.8611632397442365,-3.0878179259959553,4.8101444054844285,8
2,31.194368846011486,0.8687796491713206,-3.1628042342261984,4.900363532568839,8
2,31.565730379892578,0.8683318064465131,-3.4284330902054587,5.1650967030984845,8
2,31.937091913773667,1.0291428564600156,-3.3190903201623168,5.3773760330823475,8
2,32.308453447654756,1.0622560151934106,-3.3024904486996975,5.427002479086519,8
2,32.67981498153585,1.2905273898825125,-3.1077128769223274,5.688767656687352,8
2,33.051176515416934,0.8707004750833162,-3.341691922944257,5.083092873110889,8
2,33.42253804929802,0.7843119058244198,-3.535065822944679,5.103689634593518,8
2,33.79389958317911,0.7477675683887675,-3.586673075672846,5.082208212450381,8
2,34.165261117060204,0.8759408819007106,-3.471918163719531,5.223799927520952,8
2,34.53662265094129,0.5843660219030281,-3.595705114744592,4.764437158550648,8
2,34.90798418482238,0.5879624224842116,-3.6517121791246754,4.827637024093098,8
2,35.27934571870347,0.5118379653280862,-3.7554711618169745,4.779147092473147,8
2,35.65070725258456,0.5525170284991949,-3.7695155363402852,4.874549593338675,8
2,36.022068786465645,0.6711661147501635,-3.652947808416031,4.995280037916358,8
2,36.39343032034674,0.5507253516647745,-3.804717949171536,4.906168652501085,8
2,36.76479185422783,0.6009612687492341,-3.8741903297739437,5.076112867272412,8
2,37.136153388108916,0.49368502460985164,-4.137320427263216,5.12469047648292,8
2,37.50751492199001,0.6095226407503996,-4.003990043760818,5.223035325261617,8
2,37.878876455871094,0.5782122285926468,-4.016370494716464,5.172794951901757,8
2,38.25023798975218,0.5977814182590229,-4.042513624476776,5.238076460994822,8
2,38.62159952363327,0.4411847481086103,-4.126116770115661,5.0084862663328815,8
2,38.992961057514364,0.28132481205962717,-4.309504250798345,4.8721538749176,8
2,39.36432259139545,0.22936669922325176,-4.336249264437049,4.794982662883552,8
2,39.73568412527654,0.18877790673833378,-4.314254378703202,4.6918101921798705,8
2,40.10704565915763,0.121965260357285,-4.387828517209502,4.6317590379240725,8
2,40.47840719303872,0.13595947811161502,-4.578066457449125,4.849985413672355,8
2,40.849768726919805,0.15532844137497837,-4.556698080907298,4.867354963657254,8
2,41.22113026080089,0.16111962445083394,-4.521059393092683,4.843298641994352,8
2,41.59249179468199,0.16929327054444998,-4.440805103152526,4.779391644241425,8
2,41.963853328563076,0.2502595262376832,-4.432742312037383,4.93326136451275,8
2,42.33521486244416,0.35286145955247084,-4.470770177303137,5.176493096408079,8
2,42.706576396325254,0.43445575871858755,-4.397403484427539,5.266315001864713,8
2,43.07793793020634,0.42224370097905817,-4.224355775188415,5.0688431771465305,8
2,43.44929946408743,0.4566127156154075,-4.281697140425841,5.194922571656656,8
2,43.820660997968524,0.404937371647631,-4.347584943731746,5.157459687027009,8
2,44.19202253184961,0.34090298291641863,-4.311954797876183,4.99376076370902,8
2,44.563384065730695,0.5818316075174329,-4.211721780229044,5.37538499526391,8
2,44.934745599611794,0.6789202330291375,-4.203517364240918,5.561357830299194,8
2,45.30610713349288,0.6455520564854262,-4.244827915459732,5.535932028430585,8
2,45.677468667373965,0.5312826200316183,-4.360606977332756,5.423172217395992,8
2,46.04883020125506,0.7150471817787033,-4.249489850425497,5.679584213982904,8
2,46.42019173513614,0.653278956278243,-4.182075631062964,5.488633543619449,8
2,46.79155326901723,0.6236283654333877,-4.191130422971275,5.43838715383805,8
2,47.16291480289833,0.6281512078562734,-4.323471598808921,5.579774014521468,8
2,47.53427633677941,0.6555891361236924,-4.499298810896707,5.810477083144092,8
2,47.9056378706605,0.7035340769785144,-4.435111977535115,5.842180131492144,8
2,48.27699940454159,0.8242267592839781,-4.468895825443598,6.117349344011554,8
2,48.64836093842268,1.0460442898427669,-4.42096424471288,6.513052824398414,8
2,49.01972247230376,0.8306617848655161,-4.680791172974468,6.342114742705499,8
2,49.39108400618486,0.8851985703236455,-4.716981840975779,6.48737898162307,8
2,49.76244554006595,0.9351921140134204,-4.749059291951503,6.619443519978344,8
2,50.13380707394703,1.1559650400679389,-4.7046588633083,7.016588943444178,8
2,50.505168607828125,1.1618493382466193,-4.920707410726869,7.244406087220107,8
2,50.87653014170922,1.0801733313956823,-4.916380141999609,7.076726804790974,8
2,51.2478916755903,1.1052608918008342,-4.961266067238193,7.171787850839862,8
2,51.619253209471395,0.8911712793501044,-4.8807245841730404,6.66306714287325,8
2,51.99061474335248,1.0603631705767724,-4.859814801083443,6.980541142236989,8
2,52.361976277233566,1.1827747817939023,-4.780167773401931,7.145717336989737,8
2,52.733337811114666,1.279202624530494,-4.827300846386128,7.385706095447116,8
2,53.10469934499575,1.338471990175073,-4.751784693149073,7.428728673499219,8
2,53.47606087887684,1.4854930298841695,-4.775530056005376,7.746516115773716,8
2,53.84742241275793,1.4537821235514616,-4.854317399653733,7.761881646756657,8
2,54.218783946639014,1.4004029238006854,-5.045500203060121,7.846306050661492,8
2,54.5901454805201,1.5388532441014495,-4.79369117702261,7.871397665225509,8
2,54.9615070144012,1.6382105122433495,-4.52290961181113,7.799330636297828,8
2,55.332868548282285,1.6458709795961337,-4.565208574210991,7.856950533403258,8
2,55.70423008216337,1.6210260988251277,-4.706311323008011,7.9483635206582655,8
2,56.07559161604446,1.6353269612723478,-4.619985750678315,7.890639673223011,8
2,56.44695314992555,1.7519170191791953,-4.362363731931255,7.866197770289647,8
2,56.81831468380664,1.6650662097160625,-4.362917931863411,7.693050351295536,8
2,57.18967621768773,1.7199445700168767,-4.325086088073499,7.764975228107254,8
2,57.56103775156882,1.7767242533084564,-4.439855101201345,7.993303607818258,8
2,57.932399285449904,1.909121960192824,-4.325441756707547,8.143685677093195,8
2,58.303760819330996,1.911486018972546,-4.270647157286434,8.093619195231526,8
2,58.67512235321209,2.003960910706904,-4.047519443864996,8.055441265278803,8
2,59.046483887093174,1.971142927255441,-4.280779149265847,8.223065003776728,8
2,59.41784542097427,1.9287752477542228,-4.2870312340565135,8.144581729564958,8
2,59.78920695485535,1.8367447662059664,-4.319447976405903,7.992937508817836,8
2,60.16056848873644,1.6297991878993685,-4.413029733391894,7.67262810919063,8
2,60.53193002261754,1.7793967656510377,-4.269239827190142,7.828033358492218,8
2,60.90329155649862,1.6366724365934708,-4.551373802471446,7.824718675658387,8
2,61.27465309037971,1.5653219444111526,-4.642448251744514,7.77309214056682,8
2,61.6460146242608,1.5500578135159735,-4.792103595966963,7.89221922299891,8
2,62.017376158141886,1.742846790715528,-4.586455061210538,8.072148642641594,8
2,62.38873769202297,1.738041723000142,-4.6715197511415365,8.14760319714182,8
2,62.76009922590407,1.7483215396617309,-4.662617914214774,8.159260993538236,8
2,63.131460759785156,1.811073382871897,-4.407505311430094,8.029652077173887,8
2,63.50282229366624,2.036318649955559,-4.131201818538836,8.203839118449954,8
2,63.874183827547334,2.0287762710713406,-3.9568821169666415,8.014434659109323,8
2,64.24554536142843,2.121706406980236,-3.8042520167726437,8.047664830733115,8
2,64.61690689530951,2.110107373606141,-3.8979046554607066,8.118119402672988,8
2,64.9882684291906,2.04719911337157,-3.8650694800632586,7.959467706806398,8
2,65.3596299630717,2.0085217688451382,-3.864981155338423,7.882024693028699,8
2,65.73099149695278,1.910868996586001,-3.7938074918019025,7.615545484973905,8
2,66.10235303083387,1.7686201871652631,-4.185683721615031,7.722924095945557,8
2,66.47371456471495,1.8403668112325917,-4.075082152156909,7.755815774622093,8
2,66.84507609859604,1.8092128331470119,-4.049542733820095,7.667968400114118,8
2,67.21643763247714,1.6223384492427273,-4.025343229564763,7.270020128050218,8
2,67.58779916635822,1.77895280784518,-4.017331546572544,7.575237162262905,8
2,67.95916070023931,1.613216120561311,-4.3277238814690895,7.554156122591711,8
2,68.33052223412041,1.6589869641554884,-4.297802995717715,7.615776924028692,8
2,68.7018837680015,1.7201580144052242,-4.206834660549306,7.647150689359754,8
2,69.07324530188258,1.5234748885676175,-4.116594512732501,7.163544289867737,8
2,69.44460683576368,1.6316435078772429,-4.23345269992833,7.496739715682816,8
2,69.81596836964476,1.6901122336167642,-4.19925904927815,7.5794835165116785,8
2,70.18732990352585,1.8158300254963335,-4.2129565922698795,7.844616643262546,8
2,70.55869143740694,1.8441777129567143,-4.237787478109837,7.926142904023266,8
2,70.93005297128802,2.0282530635822393,-4.328174703437978,8.384680830602456,8
2,71.30141450516912,2.0954921407806157,-4.334341776545179,8.52532605810641,8
2,71.6727760390502,2.1778421921854423,-4.383362864078107,8.739047248448992,8
2,72.04413757293129,2.2712571819892227,-4.405657984017381,8.948172347995826,8
2,72.41549910681239,1.9870615936650817,-4.623278070426817,8.597401257756982,8
2,72.78686064069348,1.9177717911502743,-4.738821498913962,8.574365081214511,8
2,73.15822217457456,2.170907867555826,-4.639686203519841,8.981501938631492,8
2,73.52958370845566,2.1008807076159206,-4.909131063613691,9.110892478845532,8
2,73.90094524233675,2.101003339589922,-4.91525223691531,9.117258916095153,8
2,74.27230677621783,2.0306272464790984,-5.0607480355766175,9.122002528534814,8
2,74.64366831009893,2.2346432534021625,-5.031133463660749,9.500419970465074,8
2,75.01502984398002,2.413747770796628,-5.060731543887014,9.88822708548027,8
2,75.3863913778611,2.428723706771813,-5.139643468465557,9.997090882009184,8
2,75.75775291174219,2.319353137971929,-5.363841249604311,10.00254752554817,8
2,76.12911444562327,2.3369188071627987,-5.388568323449897,10.062405937775495,8
2,76.50047597950436,2.3806790943737717,-5.13311936410285,9.894477552850393,8
2,76.87183751338546,2.2922375296520565,-5.2389690858507265,9.82344414515484,8
2,77.24319904726654,2.2524111305146777,-5.330544812125989,9.835367073155345,8
2,77.61456058114763,2.3730824300725866,-5.301811381805599,10.047976241950773,8
2,77.98592211502873,2.692788314661547,-5.042598966603022,10.428175595926117,8
2,78.35728364890981,2.812921595178091,-5.1127154978066525,10.738558688162835,8
2,78.7286451827909,2.878625820278306,-5.012189410038442,10.769441050595054,8
2,79.100006716672,2.905309032066374,-5.115563457480073,10.92618152161282,8
2,79.47136825055308,3.0069526788496552,-5.023656139778534,11.037561497477846,8
2,79.84272978443417,3.0071101663391575,-4.995532171379316,11.00975250405763,8
2,80.21409131831525,3.1639330872925644,-4.818140432789801,11.146006607374929,8
2,80.58545285219635,3.09066066991773,-4.945163806475479,11.126485146310939,8
2,80.95681438607744,3.2400362578129993,-4.854496990717752,11.334569506343751,8
2,81.32817591995853,3.2714581391695163,-4.817009553925619,11.35992583226465,8
2,81.69953745383961,3.428973291853291,-4.738233530442418,11.596180114149,8
2,82.07089898772071,3.141141816838061,-4.630557062148672,10.912840695824793,8
2,82.44226052160178,3.2543591542410097,-4.647605962942071,11.156324271424092,8
2,82.81362205548288,3.2763145539404923,-4.623713854817641,11.176342962698627,8
2,83.18498358936398,3.3360126157331873,-4.673693493722581,11.345718725188956,8
2,83.55634512324505,3.277517215798409,-4.434790370829868,10.989824802426686,8
2,83.92770665712615,3.354518563137832,-4.586995839272132,11.296032965547795,8
2,84.29906819100725,3.3870363146764486,-4.522634424547982,11.296707053900878,8
2,84.67042972488832,3.503074673611643,-4.477317156945308,11.483466504168595,8
2,85.04179125876942,3.6532970450872653,-4.370206974560126,11.676801064734658,8
2,85.41315279265051,3.6202975946762397,-4.3097619675584795,11.550357156910959,8
2,85.78451432653159,3.587246257423139,-4.3618306189508464,11.536323133797126,8
2,86.15587586041268,3.688730866119884,-4.331149714830624,11.708611447070393,8
2,86.52723739429378,3.5960494566109595,-4.587497331919559,11.779596245141478,8
2,86.89859892817486,3.6348156478933795,-4.526339634388782,11.79597093017554,8
2,87.26996046205595,3.7390792663046586,-4.556438113157851,12.034596645767168,8
2,87.64132199593705,3.7852273022442575,-4.677803749854968,12.248258354343482,8
2,88.01268352981812,3.8549723895207952,-4.730173589509161,12.440118368550753,8
2,88.38404506369922,3.7087145767988265,-4.797033704893018,12.21446285849067,8
2,88.75540659758032,3.7214800112531563,-4.7937432426596835,12.236703265165996,8
2,89.12676813146139,3.564534593403744,-4.840204269602392,11.96927345640988,8
2,89.49812966534249,3.5485206540229735,-4.949718252492484,12.04675956053843,8
2,89.86949119922359,3.5041994782717962,-5.01117683809433,12.019575794637923,8
2,90.24085273310466,3.4391270900567825,-5.114542486531375,11.99279666664494,8
2,90.61221426698576,3.545316620292087,-5.069065813690521,12.159699054274697,8
2,90.98357580086684,3.516077097261844,-5.242221327091128,12.274375521614816,8
2,91.35493733474793,3.5094737432099925,-5.2687028303443295,12.287650316764315,8
2,91.72629886862902,3.4558764196446212,-5.356103512063841,12.267856351353084,8
2,92.09766040251012,3.496953225449631,-5.385866320199175,12.379772771098438,8
2,92.4690219363912,3.5889194820976753,-5.414191634393451,12.592030598588803,8
2,92.84038347027229,3.546334597269723,-5.507016226957276,12.599685421496723,8
2,93.21174500415339,3.5605131910468186,-5.574202266359985,12.695228648453622,8
2,93.58310653803446,3.432147446123202,-5.683905496161327,12.548200388407732,8
2,93.95446807191556,3.403368202233948,-5.6663060729252015,12.473042477393097,8
2,94.32582960579666,3.3499605035462436,-5.733142279805346,12.433063286897834,8
2,94.69719113967773,3.364628136695184,-5.716214046363738,12.445470319754104,8
2,95.06855267355883,3.127655501675292,-5.92985533079457,12.185166334145155,8
2,95.43991420743991,3.140967251769891,-5.933244554121125,12.215179057660908,8
2,95.811275741321,3.147015063952881,-5.924933653362268,12.21896378126803,8
2,96.1826372752021,2.9988215580527924,-6.001614073968598,11.999257190074184,8
2,96.55399880908318,3.0829401009965567,-6.013323449022676,12.17920365101579,8
2,96.92536034296427,2.924461500968828,-6.169297587785286,12.018220589722942,8
2,97.29672187684535,2.869004284107657,-6.275341883742378,12.013350451957692,8
2,97.66808341072645,2.8203695199101064,-6.065112695448884,11.705851735269096,8
2,98.03944494460752,2.8528468416684656,-6.188594526610624,11.894288209947556,8
2,98.41080647848862,2.958910677216295,-6.048663918445053,11.966485272877643,8
2,98.78216801236972,2.960544655966988,-5.995242187403408,11.916331499337383,8
2,99.1535295462508,2.8552262483325115,-6.269245984180062,11.979698480845085,8
2,99.5248910801319,2.9408964702487754,-6.360190395929088,12.241983336426639,8
2,99.896252614013,2.912112624663216,-6.4646425595198185,12.28886780884625,8
2,100.26761414789407,3.0626218922773196,-6.40067420895113,12.525917993505768,8
2,100.63897568177516,3.256392641876876,-6.199266915964782,12.712052199718535,8
2,101.01033721565625,3.1132854682294626,-6.261622033237512,12.488192969696438,8
2,101.38169874953734,3.169562414870642,-6.224133476946092,12.563258306687375,8
2,101.75306028341844,3.1054606362595054,-6.303828593368393,12.514749865887403,8
2,102.12442181729952,3.162494804327927,-6.154954091771334,12.479943700427189,8
2,102.4957833511806,3.2779791040912976,-6.008011458629111,12.563969666811706,8
2,102.86714488506169,3.173054393241175,-6.12420004890695,12.4703088353893,8
2,103.23850641894279,2.999399926746638,-6.3520474035749155,12.350847257068192,8
2,103.60986795282386,3.125397468197688,-6.138203330786258,12.388998267181634,8
2,103.98122948670496,3.221269672679593,-5.998575270470164,12.44111461582935,8
2,104.35259102058606,3.1798343040793133,-6.0239528191981515,12.383621427356779,8
2,104.72395255446713,3.1705254175061395,-5.9634906352504355,12.304541470262714,8
2,105.09531408834823,3.3283686940739585,-5.782273734692074,12.439011122839991,8
2,105.46667562222933,3.399608835102672,-5.642600255927219,12.441817926132563,8
2,105.8380371561104,3.3756269828481726,-5.677319335847848,12.428573301544194,8
2,106.2093986899915,3.440351482673911,-5.5291746556673935,12.409877621015216,8
2,106.58076022387259,3.4968225191702365,-5.483099039620206,12.476744077960678,8
2,106.95212175775367,3.6465148467646045,-5.304720269767543,12.597749963296753,8
2,107.32348329163476,3.6476283685749333,-5.275991995948278,12.571248733098145,8
2,107.69484482551586,3.72057329521501,-5.091661380660916,12.532807971090936,8
2,108.06620635939694,3.8165423929954954,-4.980368902740377,12.613453688731369,8
2,108.43756789327803,3.608016417724984,-5.3089343139654215,12.52496714941539,8
2,108.80892942715913,3.6155716648366587,-5.317213723251322,12.54835705292464,8
2,109.1802909610402,3.719179859999551,-5.173858544125649,12.612218264124751,8
2,109.5516524949213,3.7522223256582357,-5.093307775877884,12.597752427194356,8
2,109.9230140288024,3.5722318202710457,-5.2754600866184695,12.419923727160562,8
2,110.29437556268347,3.5122248574570762,-5.392975272577576,12.417424987491728,8
2,110.66573709656457,3.6323001515281943,-5.2961662762471375,12.560766579303525,8
2,111.03709863044567,3.711683227295639,-5.145887207340955,12.569253661932233,8
2,111.40846016432674,3.595555606356115,-5.212058053676122,12.403169266388351,8
2,111.77982169820784,3.6278998835336482,-5.123652447570394,12.379452214637691,8
2,112.15118323208893,3.566587576226632,-5.230940107799484,12.364115260252749,8
2,112.52254476597001,3.656890643053133,-5.126824715481458,12.440606001587724,8
2,112.8939062998511,3.6516026114926383,-5.131945600465382,12.435150823450659,8
2,113.2652678337322,3.793044393410395,-5.106116003601163,12.692204790421954,8
2,113.63662936761328,3.7282340781594834,-5.435467450003459,12.891935606322425,8
2,114.00799090149437,3.8938521635334293,-5.257661485439018,13.045365812505876,8
2,114.37935243537547,3.8907340645413195,-5.2551424917827525,13.036610620865392,8
2,114.75071396925654,3.9428685476917886,-5.193967786599143,13.079704881982721,8
2,115.12207550313764,3.9789981021859635,-5.364321016218238,13.322317220590165,8
2,115.49343703701874,4.036746972079026,-5.436659496404955,13.510153440563007,8
2,115.86479857089981,4.11281828529884,-5.346157310934507,13.571793881532187,8
2,116.23616010478091,4.178667469553042,-5.285487435717868,13.64282237482395,8
2,116.60752163866199,4.3109231407630215,-5.223987510950812,13.845833792476855,8
2,116.97888317254308,4.00792264198717,-5.492353858508258,13.508199142482598,8
2,117.35024470642418,4.036139097213776,-5.4526468711630764,13.52492506559063,8
2,117.72160624030526,4.140731953357347,-5.347645069259404,13.629108975974098,8
2,118.09296777418635,4.336978542513885,-5.109802790914827,13.783759875942597,8
2,118.46432930806743,4.17374042849286,-5.628641052577847,13.976121909563567,8
2,118.83569084194853,4.474654497368726,-5.535824432312558,14.485133427050009,8
2,119.2070523758296,4.515619421424529,-5.446402311421205,14.477641154270263,8
2,119.5784139097107,4.559173018354718,-5.326157897317609,14.444503934027045,8
2,119.9497754435918,4.654249854765643,-5.179251945932899,14.487751655464185,8
2,120.32113697747288,4.883992802162194,-4.772235617985819,14.540221222310207,8
2,120.69249851135397,4.960791022016608,-4.739461125340455,14.66104316937367,8
2,121.06386004523507,4.990071044554998,-4.643691766667526,14.623833855777523,8
2,121.43522157911615,5.1059742475524335,-4.638819164365007,14.850767659469874,8
2,121.80658311299725,5.123624271735825,-4.652637796961948,14.8998863404336,8
2,122.17794464687833,5.141446429448445,-4.577040828771208,14.859933687668098,8
2,122.54930618075942,5.225953656956083,-4.499158314401139,14.951065628313305,8
2,122.92066771464052,5.249305294859781,-4.4062448218955765,14.904855411615138,8
2,123.2920292485216,5.244780328220865,-4.38242364643616,14.871984302877891,8
2,123.66339078240269,5.295328157113454,-4.096130865630423,14.686787179857332,8
2,124.03475231628377,5.263626118774605,-4.143647292984692,14.670899530533902,8
2,124.40611385016487,5.277723864858171,-4.0856296446190985,14.64107737433544,8
2,124.77747538404594,5.243085894211479,-4.125309007910511,14.611480796333469,8
2,125.14883691792704,5.202415865944359,-3.8362076540999874,14.241039385988707,8
2,125.52019845180814,5.248807971030242,-3.7760863697220337,14.273702311782518,8
2,125.89155998568921,5.3137127119575425,-3.719138026677406,14.346563450592491,8
2,126.26292151957031,5.33953529802101,-3.677075648192419,14.35614624423444,8
2,126.63428305345141,5.362974282462387,-3.7154598482467094,14.441408413171484,8
2,127.00564458733248,5.599751360153263,-3.559817045372247,14.759319765678773,8
2,127.37700612121358,5.669869043105429,-3.5765344719818035,14.916272558192661,8
2,127.74836765509467,5.723444555735625,-3.547402572786188,14.994291684257439,8
2,128.11972918897575,5.81316066829846,-3.4595163489465985,15.085837685543519,8
2,128.49109072285685,5.733343691481629,-3.2294636515615682,14.696151034524826,8
2,128.86245225673795,5.755075447599316,-3.2482198564866804,14.758370751685312,8
2,129.23381379061902,5.7052167421227535,-3.2298341278300873,14.640267612075593,8
2,129.60517532450012,5.879826740153163,-3.0760068429642295,14.835660323270556,8
2,129.9765368583812,6.059815696266657,-2.8088733469463563,14.92850473947967,8
2,130.3478983922623,5.968717246799798,-2.733301625912537,14.670736119512133,8
2,130.7192599261434,6.053130317880791,-2.562645071424763,14.668905707186346,8
2,131.09062146002447,6.18995987246639,-2.5090942208892377,14.889013965822016,8
2,131.46198299390556,6.262001967928364,-2.4488743222734746,14.972878258130201,8
2,131.83334452778664,6.272598733260875,-2.4418640043025306,14.98706147082428,8
2,132.20470606166774,6.402806772662508,-2.451065427882467,15.256678973207483,8
2,132.5760675955488,6.640475394789746,-2.329613515011383,15.610564304590875,8
2,132.9474291294299,6.709472889561078,-2.3409862639294206,15.759932043051577,8
2,133.318790663311,6.6505655688636995,-2.368624730830307,15.669755868557706,8
2,133.69015219719208,6.539820113243083,-2.1698591450777,15.249499371563866,8
2,134.06151373107318,6.565721697478118,-2.1112157956421456,15.242659190598381,8
2,134.43287526495428,6.640576548962809,-2.14431337110733,15.425466469032948,8
2,134.80423679883535,6.619010914553687,-2.2521541429426115,15.490175972049986,8
2,135.17559833271645,6.7189469775100275,-2.2968682878347586,15.734762242854814,8
2,135.54695986659755,6.9314144653132965,-2.1408878019720463,16.00371673259864,8
2,135.91832140047862,7.082411274186579,-2.062567285654624,16.227389834027782,8
2,136.28968293435972,7.094243390549112,-2.0806717028358435,16.269158483934067,8
2,136.66104446824082,7.172012702260238,-2.2546274079847137,16.59865281250519,8
2,137.0324060021219,7.357145837923653,-2.1531357503301596,16.867427426177464,8
2,137.403767536003,7.517324694420113,-2.0897610675413336,17.12441045638156,8
2,137.7751290698841,7.554381553261031,-2.0586950474310104,17.16745815395307,8
2,138.14649060376516,7.737010925238012,-1.9694311228093504,17.443452973285375,8
2,138.51785213764626,7.795319303861094,-2.1680158217585657,17.758654429480753,8
2,138.88921367152736,8.046684997090793,-2.1235190252240557,18.21688901940564,8
2,139.26057520540843,8.020711616955346,-2.132747617527235,18.17417085143793,8
2,139.63193673928953,8.162505349973541,-2.0292400230031227,18.354250722950205,8
2,140.00329827317063,8.246443704800498,-2.1887196076773616,18.68160701727836,8
2,140.3746598070517,8.291337268261886,-2.232596440067713,18.815270976591485,8
2,140.7460213409328,8.409477500905705,-2.2394554762271603,19.05841047803857,8
2,141.11738287481387,8.581592553630685,-2.132799121709912,19.29598422897128,8
2,141.48874440869497,8.675640150031947,-2.2452070267493536,19.596487326813246,8
2,141.86010594257604,8.673131325878277,-2.3380846444200305,19.684347296176583,8
2,142.23146747645714,8.780364391698788,-2.4185761735562075,19.979304956953783,8
2,142.60282901033824,9.005033957952582,-2.32698232004374,20.337050235948904,8
2,142.9741905442193,9.109431920272094,-2.353742904932533,20.57260674547672,8
2,143.3455520781004,9.072623409435508,-2.4443040060510803,20.589550824922096,8
2,143.7169136119815,8.890460445392549,-2.6869463627475962,20.467867253532695,8
2,144.08827514586258,8.825322617316354,-2.4876878042797603,20.13833303891247,8
2,144.45963667974368,8.828997216609114,-2.5771141932769464,20.235108626495176,8
2,144.83099821362478,8.800551418150084,-2.6469030877063027,20.24800592400647,8
2,145.20235974750585,8.848513500939248,-2.7850955742015184,20.482122576080016,8
2,145.57372128138695,8.967144673884196,-2.9139612231919276,20.848250570960317,8
2,145.94508281526805,9.0850402342367,-2.9634595146928007,21.1335399831662,8
2,146.31644434914912,9.090555124213996,-2.9650203148886938,21.146130563316685,8
2,146.68780588303022,9.0332127561337,-3.1422021028230667,21.208627615090467,8
2,147.05916741691132,8.89424336680269,-3.3069320192240994,21.09541875282948,8
2,147.4305289507924,8.915323639351627,-3.3057611228068637,21.136408401510117,8
2,147.8018904846735,8.89932278709052,-3.2465830513831815,21.04522862556422,8
2,148.1732520185546,8.935668583455874,-3.153435087679398,21.024772254591145,8
2,148.54461355243566,8.934840208815118,-3.1699344823076494,21.039614899937884,8
2,148.91597508631676,8.962879622270709,-3.1512214621331243,21.07698070667454,8
2,149.28733662019786,9.029581569675177,-3.055747162120312,21.114910301470665,8
2,149.65869815407893,9.124120254934045,-2.8349110737636565,21.083151583631746,8
2,150.03005968796003,9.279357938964193,-2.803473212363773,21.36218909029216,8
2,150.4014212218411,9.216866723784218,-2.9617346650551273,21.39546811262356,8
2,150.7727827557222,9.179289572032978,-3.0347926515952697,21.393371795661224,8
2,151.14414428960328,9.260500608614764,-2.8443044597258993,21.36530567695543,8
2,151.51550582348438,9.163983158714633,-3.090936831389211,21.418903148818476,8
2,151.88686735736547,9.263203940544877,-3.069957498009522,21.596365379099275,8
2,152.25822889124655,9.330178673712737,-3.0286421971824957,21.68899954460797,8
2,152.62959042512765,9.36206678808994,-2.7867984125857674,21.51093198876565,8
2,153.00095195900872,9.546579069462144,-2.7412037724059015,21.83436191133019,8
2,153.37231349288982,9.594131155248114,-2.761306709975555,21.949569020471785,8
2,153.74367502677092,9.704271538525566,-2.7361233704287944,22.144666447479928,8
2,154.115036560652,9.762314860158394,-2.5153579796025323,22.039987699919322,8
2,154.4863980945331,9.963746458280795,-2.41236308092399,22.33985599748558,8
2,154.8577596284142,9.972338867921062,-2.4697673470350754,22.4144450828772,8
2,155.22912116229526,10.06190943718373,-2.5145598682244703,22.63837874259193,8
2,155.60048269617636,10.349850838547347,-2.4307854055245404,23.130487082619233,8
2,155.97184423005746,10.328214568705052,-2.2423727874591997,22.898801924869304,8
2,156.34320576393853,10.336193991895925,-2.2560611520599476,22.9284491358518,8
2,156.71456729781963,10.396612597985904,-2.260364741331598,23.053589937303407,8
2,157.08592883170073,10.24137635740864,-2.5212469730903297,23.00399968790761,8
2,157.4572903655818,10.249259499601546,-2.3423554767276187,22.84087447593071,8
2,157.8286518994629,10.262665261740569,-2.402679116817474,22.92800964029861,8
2,158.200013433344,10.352603427790967,-2.3426049158436957,23.04781177142563,8
2,158.57137496722507,10.238492523020131,-2.707143463143071,23.18412850918333,8
2,158.94273650110617,10.196902717324793,-2.4987708102893436,22.89257624493893,8
2,159.31409803498727,10.215111451347955,-2.5013000439748048,22.931522946670714,8
2,159.68545956886834,10.264766079215018,-2.4731588639047217,23.00269102233476,8
2,160.05682110274944,10.500882941340958,-2.36557225253145,23.367338135213366,8
2,160.4281826366305,10.506585132764396,-2.3886400969490484,23.40181036247784,8
2,160.7995441705116,10.435635938503097,-2.425479845208688,23.296751722214882,8
2,161.1709057043927,10.553839803092274,-2.1762581541144286,23.283937760298976,8
2,161.54226723827378,10.628101116745649,-2.23705934173236,23.493261575223656,8
2,161.91362877215488,10.676807863509516,-2.2727728633601814,23.626388590379214,8
2,162.28499030603595,10.915499918718764,-2.2437823093162663,24.074782146753794,8
2,162.65635183991705,11.078611420382774,-2.1656158996174852,24.322838740383034,8
2,163.02771337379815,11.04007354138036,-2.151966562305697,24.23211364506642,8
2,163.39907490767922,11.070378193372502,-2.160571558633487,24.30132794537849,8
2,163.77043644156032,11.151093241471132,-2.1787948984929404,24.480981381435207,8
2,164.14179797544142,11.19870821147233,-2.267981251865397,24.665397674810055,8
2,164.5131595093225,11.44986329591104,-1.9691945815238512,24.86892117334593,8
2,164.88452104320356,11.512919129588592,-1.8748035762288016,24.900641835405985,8
2,165.2558825770847,11.57438937057056,-1.8359208644147476,24.984699605555868,8
2,165.62724411096576,11.344784680872433,-2.047242856649156,24.73681221839402,8
2,165.99860564484683,11.434866576222845,-2.0877321653717598,24.95746531781745,8
2,166.36996717872796,11.383050400147365,-2.2206488270735107,24.98674962736824,8
2,166.74132871260903,11.45535890216106,-2.204801897654118,25.115519701976236,8
2,167.1126902464901,11.288487848217265,-2.246410109085618,24.823385805520147,8
2,167.48405178037123,11.450288770371827,-2.405325097004493,25.305902637748147,8
2,167.8554133142523,11.601083707108035,-2.300234159770918,25.502401573986987,8
2,168.22677484813337,11.792890423457568,-2.1661645762700648,25.751945423185198,8
2,168.5981363820145,12.055298310661025,-1.9893958896351034,26.09999251095715,8
2,168.96949791589557,12.116258752562652,-2.1541082526598334,26.38662575778514,8
2,169.34085944977664,12.157642955181398,-2.2843613158346834,26.59964722619748,8
2,169.71222098365774,12.176689266121766,-2.3092910687723585,26.662669601015892,8
2,170.08358251753884,12.478780115287197,-2.0504797804347756,27.00804001100917,8
2,170.45494405141991,12.562367839685026,-2.033570792372622,27.158306471742673,8
2,170.82630558530101,12.489813907698917,-2.150270114928592,27.129897930326425,8
2,171.1976671191821,12.30278589015202,-2.570839077446859,27.1764108577509,8
2,171.56902865306319,12.339772369458418,-2.5615459416439244,27.24109068056076,8
2,171.94039018694428,12.441876326515453,-2.4696814217403027,27.353434074771208,8
2,172.31175172082536,12.618346748170897,-2.3208129079764515,27.557506404318246,8
2,172.68311325470646,12.864741645507726,-2.2159619472317704,27.945445238247224,8
2,173.05447478858756,13.200549709074679,-1.9052714226682692,28.306370840817628,8
2,173.42583632246863,13.44421632409404,-1.6619928876808086,28.55042553586889,8
2,173.79719785634973,13.520579000838987,-1.6189111898184834,28.660069191496458,8
2,174.16855939023083,13.630868023678255,-1.6211918411197637,28.882927888476274,8
2,174.5399209241119,13.507291736286746,-1.5370152137604318,28.551598686333925,8
2,174.91128245799297,13.636256929065585,-1.3812042618959293,28.6537181200271,8
2,175.2826439918741,13.631521094393893,-1.3747055365290617,28.63774772531685,8
2,175.65400552575517,13.910121885346845,-1.0904609979349562,28.910704768628648,8
2,176.02536705963624,13.709320520623548,-1.4420795546326932,28.86072059587979,8
2,176.39672859351737,13.678344601860971,-1.447406471562756,28.8040956752847,8
2,176.76809012739844,13.703517656188982,-1.4326372220762842,28.839672534454248,8
2,177.1394516612795,13.96425941126311,-1.1769192696466924,29.105438092172914,8
2,177.51081319516064,14.109622178566626,-0.8013410612172329,29.020585418350485,8
2,177.8821747290417,14.169917754887983,-0.6683878599532314,29.008223369729198,8
2,178.25353626292278,14.025466670140425,-0.8938553665596256,28.944788706840477,8
2,178.6248977968039,14.297826481870082,-0.5835057089010416,29.179158672641208,8
2,178.99625933068498,14.580731947840796,-0.3052672392883853,29.466731134969976,8
2,179.36762086456605,14.619651631840552,-0.40831605924572045,29.647619322926825,8
2,179.73898239844718,14.281204394235594,-0.7282913450420132,29.2907001335132,8
2,180.11034393232825,14.60108642176058,-0.4334935770682815,29.635666420589445,8
2,180.48170546620932,14.894028086200628,-0.14130310084963504,29.92935927325089,8
2,180.85306700009042,15.016222921397663,-0.22727491476983452,30.259720757565162,8
2,181.22442853397152,15.19117312604903,-0.12014631847320345,30.502492570571263,8
2,181.5957900678526,15.409505838379767,0.06484750019143704,30.754164176568096,8
2,181.9671516017337,15.784281634662698,0.43844696769488856,31.13011630163051,8
2,182.3385131356148,15.75280420211418,0.4152525599794341,31.090355844248926,8
2,182.70987466949586,15.79038048518662,0.2848149930906043,31.295945977282635,8
2,183.08123620337696,15.854154357404731,0.4591350243036736,31.24917369050579,8
2,183.45259773725803,16.02182789880758,0.6767651097884162,31.366890687826743,8
2,183.82395927113913,16.041594630348342,0.6455246227554206,31.437664637941264,8
2,184.19532080502023,16.047580492332337,0.5702413883363668,31.524919596328306,8
2,184.5666823389013,16.40654166101993,0.9165876233458654,31.896495698693993,8
2,184.9380438727824,16.392563027763327,1.0335899029175017,31.75153615260915,8
2,185.3094054066635,16.469257681926482,1.0975706644290852,31.84094469942388,8
2,185.68076694054457,16.764488799171456,1.476267586337915,32.052710012004994,8
2,186.05212847442564,16.765228281888575,1.1996145521116865,32.33084201166547,8
2,186.42349000830677,16.938205217036693,1.3113499876411687,32.56506044643221,8
2,186.79485154218784,16.950072933130905,1.2799507500191787,32.62019511624263,8
2,187.1662130760689,17.07354175696578,1.36704123927713,32.780042274654434,8
2,187.53757460995004,17.21060677221312,1.2041105937399088,33.217102950686325,8
2,187.9089361438311,17.092042837389034,1.193319110076711,32.99076656470136,8
2,188.28029767771218,17.141278364705098,1.2961646514204421,32.986392077989755,8
2,188.6516592115933,17.112870187231593,1.1431527366672452,33.08258763779594,8
2,189.02302074547438,17.464724487551933,1.4850209034861148,33.44442807161775,8
2,189.39438227935545,17.51327227539067,1.5219431302375401,33.5046014205438,8
2,189.76574381323658,17.53790725922978,1.7185375714431856,33.35727694701637,8
2,190.13710534711765,17.448001171281177,1.5531204645536185,33.34288187800874,8
2,190.50846688099872,17.83596267256308,1.9447572386217402,33.72716810650442,8
2,190.87982841487982,17.930898213630993,2.009056026177623,33.85274040108436,8
2,191.25118994876092,18.03148019095085,2.1608352237030957,33.90212515819861,8
2,191.622551482642,18.253869740773432,2.599641629568106,33.90809785197876,8
2,191.9939130165231,17.995515585967304,2.5068405860459464,33.48419058588866,8
2,192.3652745504042,18.039018638061144,2.567936293969032,33.510100982153254,8
2,192.73663608428527,18.130267818724512,2.6575748987241283,33.602960738724896,8
2,193.10799761816637,18.363002204929177,2.845719826699984,33.88028458315837,8
2,193.47935915204744,17.84324702278903,2.492101236359259,33.1943928092188,8
2,193.85072068592854,17.825175338482325,2.3280784891691564,33.32227218779549,8
2,194.22208221980964,17.804954477308932,2.300348977956334,33.30955997666153,8
2,194.5934437536907,17.93237424467535,2.422592751330143,33.44215573802056,8
2,194.9648052875718,17.67381534475187,2.1305723834877917,33.21705830601594,8
2,195.3361668214529,17.636643987651365,2.093421756940863,33.179866218361866,8
2,195.70752835533398,17.458995758754565,1.9514586419794142,32.966532875529715,8
2,196.07888988921505,17.605703366202476,2.103068298925301,33.10833843347965,8
2,196.45025142309618,17.53897733777254,1.9728342274198738,33.105120448125206,8
2,196.82161295697725,17.636931719977085,1.9355517564706162,33.33831168348355,8
2,197.19297449085832,17.662857532745107,2.040581901226533,33.285133164263684,8
2,197.56433602473945,17.47726838061103,1.8211953076370655,33.13334145358499,8
2,197.93569755862052,17.496572410514183,1.7890289971941584,33.20411582383421,8
2,198.3070590925016,17.514056129088864,1.6711552302810126,33.35695702789671,8
2,198.67842062638272,17.706433375564664,1.8862228550236093,33.52664389610572,8
2,199.0497821602638,17.628404234566766,1.8353854899701343,33.421422979163395,8
2,199.42114369414486,17.7049628388146,1.9648783615528895,33.445047316076305,8
2,199.792505228026,17.678880055929696,1.9976485734720733,33.360111538387315,8
2,200.16386676190706,17.56908375926201,1.720111273939004,33.41805624458502,8
2,200.53522829578813,17.734793949362437,1.879800988438344,33.589786910286534,8
2,200.90658982966926,17.89845426935211,2.0567883552689175,33.74012018343531,8
2,201.27795136355033,17.96579763941107,2.1012064448756984,33.83038883394644,8
2,201.6493128974314,18.16342541767209,2.2662223198817077,34.060628515462476,8
2,202.0206744313125,18.099966765837777,1.8887230311651493,34.311210500510406,8
2,202.3920359651936,18.0795377721849,1.9410032459419035,34.2180722984279,8
2,202.76339749907467,18.076026691846252,1.970323291489457,34.18173009220305,8
2,203.13475903295577,18.104085341788604,2.16252126440156,34.045649419175646,8
2,203.50612056683687,18.075398090438817,1.8646599446712884,34.286136236206346,8
2,203.87748210071794,18.1011380705732,1.858780302275683,34.343495838870716,8
2,204.24884363459904,18.046994496606445,1.809434096490353,34.28455489672254,8
2,204.6202051684801,18.221271140667824,2.0779461124066003,34.36459616892905,8
2,204.9915667023612,18.20361450211273,2.147407762525937,34.25982124169952,8
2,205.3629282362423,18.067597698340972,1.863820301986646,34.2713750946953,8
2,205.73428977012338,17.96969716524781,1.6677181114038824,34.27167621909173,8
2,206.10565130400448,17.939666087561022,1.755212087232863,34.12412008788918,8
2,206.47701283788558,17.98793007955432,1.8265342482804208,34.149325910828225,8
2,206.84837437176665,17.900710368300807,1.7320103650154302,34.06941037158619,8
2,207.21973590564772,17.732128589559032,1.4835601002680683,33.98069707885,8
2,207.59109743952885,17.71082049010877,1.4619871988848807,33.95965378133266,8
2,207.96245897340992,17.647830217059937,1.487159224792343,33.80850120932753,8
2,208.333820507291,17.605831406327972,1.4443838206495627,33.76727899200638,8
2,208.70518204117212,17.64723874973062,1.5405855955039378,33.753891903957296,8
2,209.0765435750532,17.423023124036554,1.1439522662522101,33.702093981820894,8
2,209.44790510893426,17.409983741743368,1.238251607003317,33.581715876483415,8
2,209.8192666428154,17.366155585823222,1.218707981544643,33.513603190101804,8
2,210.19062817669646,17.362996282822742,1.3012734185782904,33.424719147067194,8
2,210.56198971057754,17.249830120992186,1.0629299120314748,33.436730329952894,8
2,210.93335124445866,17.202613333500402,0.9822001788058081,33.42302648819499,8
2,211.30471277833973,17.399253706011752,0.8861763929065916,33.91233101911691,8
2,211.6760743122208,17.360108631150286,0.9369778882351909,33.78323937406538,8
2,212.0474358461019,17.434845728951665,1.0355019060435318,33.834189551859794,8
2,212.418797379983,17.30474313266564,0.7736685431437884,33.835817722187485,8
2,212.79015891386408,17.216919762956852,0.6694502606866308,33.764389265227074,8
2,213.16152044774518,17.218988963921618,0.7367562160956638,33.70122171174757,8
2,213.53288198162628,17.110616192468143,0.680944773487191,33.540287611449095,8
2,213.90424351550735,17.027959118897243,0.5152230832270099,33.54069515456747,8
2,214.27560504938845,17.023550923302764,0.45685507940851977,33.59024676719701,8
2,214.64696658326952,16.906405295177603,0.437294658490714,33.37551593186449,8
2,215.01832811715062,17.046395787176248,0.5586543014740109,33.53413727287848,8
2,215.38968965103172,17.074720360065985,0.5439210819193825,33.605519638212584,8
2,215.7610511849128,17.127579418163386,0.538727260529356,33.716431575797415,8
2,216.1324127187939,17.29605409698687,0.5343682431710306,34.05773995080271,8
2,216.503774252675,17.229277542202084,0.6569671391658325,33.80158794523834,8
2,216.87513578655606,17.346134750480772,0.7285271767193429,33.963742324242205,8
2,217.24649732043713,17.345472272162212,0.7225963314691981,33.968348212855226,8
2,217.61785885431826,17.44770594447711,0.7316566180464505,34.16375527090777,8
2,217.98922038819933,17.40950345078905,0.7503678955587318,34.06863900601937,8
2,218.3605819220804,17.310850078669873,0.7157535927415992,33.905946564598146,8
2,218.73194345596153,17.45849254532416,0.8888816683114378,34.02810342233688,8
2,219.1033049898426,17.384627991991152,0.6987730686337876,34.07048291534852,8
2,219.47466652372367,17.357101737731266,0.7443739990219242,33.96982947644061,8
2,219.8460280576048,17.380918464803564,0.7948066778816205,33.967030251725504,8
2,220.21738959148587,17.495841960745267,0.8407293003061369,34.1509546211844,8
2,220.58875112536694,17.383864162150687,0.9357062380342889,33.83202208626709,8
2,220.96011265924807,17.32519359152366,0.7146896537834238,33.9356975292639,8
2,221.33147419312914,17.365326172802675,0.8060444748019506,33.9246078708034,8
2,221.7028357270102,17.400144933407454,0.7290005647597724,34.071289302055135,8
2,222.07419726089134,17.663326817019026,0.9391472253909399,34.38750640864711,8
2,222.4455587947724,17.41985346944888,0.7713933692253967,34.06831356967237,8
2,222.81692032865348,17.314662471570077,0.6688921248500215,33.96043281829013,8
2,223.18828186253458,17.31905349914527,0.560727513606107,34.07737948468443,8
2,223.55964339641568,17.526833679207495,0.6813188423916365,34.37234851602335,8
2,223.93100493029675,17.342521134849605,0.537695737644011,34.147346532055195,8
2,224.30236646417785,17.392154574981717,0.6026582963367559,34.18165085362668,8
2,224.67372799805895,17.19847114989104,0.28695760008029936,34.10998469970178,8
2,225.04508953194002,17.393462403258575,0.4384383401201326,34.34848646639702,8
2,225.41645106582112,17.508711388352165,0.5707165917615065,34.446706184942826,8
2,225.7878125997022,17.660327329758488,0.6773558888434721,34.6432987706735,8
2,226.1591741335833,17.99761405727047,0.99442965910238,35.00079845543856,8
2,226.5305356674644,18.10547615471146,1.207385654416779,35.00356665500614,8
2,226.90189720134546,18.23205585082276,1.3816083314617202,35.0825033701838,8
2,227.27325873522656,18.271020490140874,1.4017246304314348,35.14031634985031,8
2,227.64462026910766,18.397669915485146,1.6285610082572042,35.166778822713084,8
2,228.01598180298873,18.75388993560213,1.9649886874163691,35.542791183787884,8
2,228.3873433368698,18.86335113161877,1.9357330606378724,35.79096920259967,8
2,228.75870487075093,18.86862648055024,1.9013693164829064,35.835883644617574,8
2,229.130066404632,19.02892898288658,2.122325306887909,35.93553265888525,8
2,229.50142793851307,19.019146008705185,2.3014005550311403,35.73689146237923,8
2,229.8727894723942,18.939289842159774,2.187494499316845,35.691085185002706,8
2,230.24415100627527,18.774133142818123,2.0453117024974965,35.502954583138745,8
2,230.61551254015635,19.026697811600904,2.334182319020755,35.719213304181054,8
2,230.98687407403747,19.092250015428448,2.6112913611747075,35.57320866968219,8
2,231.35823560791854,19.14800163827967,2.6998188885249412,35.5961843880344,8
2,231.72959714179962,19.224395979126875,2.8619167727128563,35.58687518554089,8
2,232.10095867568074,19.140743589050263,3.0842152861160237,35.1972718919845,8
2,232.47232020956181,19.09270047970983,2.9376874996264775,35.24771345979318,8
2,232.8436817434429,19.08406949066672,3.0087974848843793,35.15934149644906,8
2,233.21504327732399,19.165662535430023,3.1667127932075836,35.164612277652466,8
2,233.58640481120509,19.26512122545403,3.558395694127954,34.97184675678011,8
2,233.95776634508616,19.491728214628722,3.82097963292256,35.162476796334886,8
2,234.32912787896726,19.60393032731694,3.9516011323342983,35.25625952229959,8
2,234.70048941284836,19.80455697832185,4.275255690544439,35.333858266099256,8
2,235.07185094672943,20.014725034241756,4.592160843751625,35.437289224731884,8
2,235.44321248061053,20.02696840863045,4.7828185184552865,35.27111829880561,8
2,235.8145740144916,20.058561142360347,4.883572473025874,35.23354981169482,8
2,236.1859355483727,20.205479707281903,5.245289436948154,35.16566997761565,8
2,236.5572970822538,20.288700179021344,5.500261943046004,35.07713841499668,8
2,236.92865861613487,20.33550509469932,5.575399985523211,35.09561020387543,8
2,237.30002015001597,20.31675330224033,5.57791858435904,35.05558802012162,8
2,237.67138168389707,20.17894733147246,5.152214199604739,35.20568046334019,8
2,238.04274321777814,20.35785714775,5.330473114909301,35.3852411805907,8
2,238.4141047516592,20.491028961689743,5.433688791576376,35.54836913180311,8
2,238.78546628554034,20.532146671561254,5.469648630437247,35.59464471268526,8
2,239.1568278194214,20.53579409537793,5.765225841622415,35.306362349133444,8
2,239.52818935330248,20.68479148131431,5.8163794563439595,35.55320350628466,8
2,239.8995508871836,20.948016533879624,6.05095735694683,35.84507571081242,8
2,240.27091242106468,20.95362559209483,6.054267687958868,35.85298349623079,8
2,240.64227395494575,21.05533326440112,6.09913062833864,36.0115359004636,8
2,241.01363548882688,21.03943358350884,6.013956246065874,36.0649109209518,8
2,241.38499702270795,20.931703341890262,5.984072629599149,35.87933405418138,8
2,241.75635855658902,21.057533540818714,6.279958752110364,35.83510832952706,8
2,242.12772009047015,21.233040700445784,6.555441279820798,35.91064012107077,8
2,242.49908162435122,21.280700016323323,6.646519167062879,35.91488086558377,8
2,242.8704431582323,21.260084889083835,6.603477235574619,35.916692542593054,8
2,243.24180469211342,21.16166975462977,6.405429500629866,35.917910008629676,8
2,243.6131662259945,21.057693285462555,6.204667047490172,35.910719523434935,8
2,243.98452775987556,21.194539272940602,6.277301889000736,36.111776656880465,8
2,244.35588929375666,21.21592920236827,6.297721185807669,36.13413721892887,8
2,244.72725082763776,21.402476690156885,6.476989678176519,36.327963702137254,8
2,245.09861236151883,21.310009128448087,6.247561824072903,36.37245643282327,8
2,245.46997389539993,21.35230572604884,6.056611741991107,36.647999710106575,8
2,245.84133542928103,21.40321449468012,6.1564800068252,36.649948982535044,8
2,246.2126969631621,21.544834488533056,6.384260961989078,36.70540801507703,8
2,246.5840584970432,21.60425666204027,6.681194995876778,36.52731832820376,8
2,246.95542003092427,21.68021746609638,6.856907476052051,36.50352745614071,8
2,247.32678156480537,21.79739946854697,7.122099967345886,36.47269896974805,8
2,247.69814309868647,21.67828042019451,7.156829527953127,36.199731312435894,8
2,248.06950463256754,21.984509206026285,7.468302020362474,36.5007163916901,8
2,248.44086616644861,21.902278102887497,7.153266282000724,36.65128992377427,8
2,248.81222770032974,21.836811018385,7.100416368835173,36.57320566793483,8
2,249.1835892342108,21.685215801505343,6.92162363814265,36.44880796486804,8
2,249.55495076809189,21.794571284976765,7.057205774010026,36.53193679594351,8
2,249.926312301973,22.099785201968988,7.3951889828034965,36.80438142113448,8
2,250.29767383585408,21.985362536246853,7.184176259199726,36.78654881329398,8
2,250.66903536973516,21.96521934274392,7.083354625136666,36.84708406035118,8
2,251.04039690361628,22.05143269684755,7.406139943947483,36.69672544974762,8
2,251.41175843749735,22.120560714067,7.550569379884706,36.690552048249295,8
2,251.78311997137843,22.075760984726024,7.606145441409975,36.54537652804207,8
2,252.15448150525955,22.18549652038164,7.521522086282404,36.84947095448088,8
2,252.52584303914063,22.374998525866346,7.6802824493201935,37.069714602412496,8
2,252.8972045730217,22.26788946788054,7.743529489652611,36.79224944610847,8
2,253.26856610690282,22.41696939483099,7.9340685009028515,36.899870288759125,8
2,253.6399276407839,22.654117107033525,8.082679722912983,37.225554491154064,8
2,254.01128917466497,22.529322389359987,7.949293276974286,37.109351501745685,8
2,254.38265070854607,22.560728847447553,7.968678070094683,37.152779624800424,8
2,254.75401224242717,22.751877208269356,8.034774863735139,37.468979552803575,8
2,255.12537377630824,23.007414536920084,8.125237828425512,37.88959124541466,8
2,255.49673531018934,22.966029847274424,7.757448085517064,38.174611609031786,8
2,255.86809684407044,22.841793575877915,7.665790197101671,38.01779695465416,8
2,256.2394583779515,22.85567246235678,7.602816690556271,38.10852823415729,8
2,256.6108199118326,22.653441232659194,7.810203409243293,37.496679056075095,8
2,256.9821814457137,22.659773528260725,7.581490657251145,37.738056399270306,8
2,257.35354297959475,22.603778876770832,7.40552823278202,37.802029520759646,8
2,257.7249045134759,22.582875401846593,7.295033365065461,37.87071743862772,8
2,258.09626604735695,22.758160047137885,7.442358955444787,38.07396113883098,8
2,258.46762758123805,22.71437727760757,7.547890722147136,37.880863833068005,8
2,258.83898911511915,22.704756136635083,7.6835358248396055,37.72597644843056,8
2,259.21035064900025,22.553032817012497,7.572926769013575,37.533138865011416,8
2,259.5817121828813,22.665358808238082,7.642060884140827,37.68865673233534,8
2,259.9530737167624,22.768773996354255,7.795368940719355,37.742179051989154,8
2,260.3244352506435,22.7626167276185,7.817049599533746,37.708183855703254,8
2,260.6957967845246,22.711910014835595,7.9149380523591635,37.50888197731203,8
2,261.0671583184057,22.87364259173233,8.019797975584751,37.72748720787991,8
2,261.4385198522868,22.985914992281966,8.152354583019827,37.8194754015441,8
2,261.80988138616783,23.019046153015008,8.19298941003662,37.84510289599339,8
2,262.18124292004893,22.89314415062954,8.283522101315555,37.50276619994352,8
2,262.55260445393003,23.076294015931175,8.438811560285439,37.713776471576914,8
2,262.92396598781113,23.122321069923654,8.459860062600853,37.784782077246454,8
2,263.29532752169223,23.154123005533037,8.49112277720666,37.81712323385941,8
2,263.6666890555733,23.377273507039277,8.8000037102751,37.954543303803455,8
2,264.0380505894544,23.47215755759562,8.68349374777303,38.26082136741821,8
2,264.40941212333547,23.614497836810592,8.812967260205701,38.41602841341548,8
2,264.78077365721657,23.602804093112425,8.733341839508805,38.47226634671605,8
2,265.1521351910976,23.774750862358292,8.905200705517942,38.64430101919864,8
2,265.52349672497877,24.00610127516719,9.216737326058869,38.79546522427551,8
2,265.8948582588598,23.856498494487518,8.895890236757548,38.817106752217484,8
2,266.2662197927409,23.794116243127746,8.810167440662498,38.778065045592996,8
2,266.637581326622,23.861803057500243,8.81435826759181,38.90924784740868,8
2,267.0089428605031,23.96183510404697,8.965577464465452,38.958092743628484,8
2,267.38030439438415,23.7080221502651,8.69319073898198,38.72285356154822,8
2,267.7516659282653,23.514123547339615,8.474285188922321,38.55396190575691,8
2,268.12302746214635,23.567886506325067,8.48074761050242,38.655025402147714,8
2,268.49438899602745,23.690686806324344,8.640898211411768,38.74047540123692,8
2,268.86575052990855,23.505247096617868,8.401660735510104,38.60883345772563,8
2,269.23711206378965,23.273549203623595,8.17965546747788,38.36744293976931,8
2,269.6084735976707,23.2526979193368,8.171874387725078,38.333521450948524,8
2,269.9798351315518,23.383752778883302,8.323645398657192,38.44386015910941,8
2,270.3511966654329,23.37085601786086,8.320395216889391,38.421316818832324,8
2,270.722558199314,23.382423577149417,8.299063760155509,38.46578339414333,8
2,271.0939197331951,22.941203298964602,7.837720536839669,38.044686061089536,8
2,271.4652812670762,23.04408638409099,7.974056387899752,38.114116380282226,8
2,271.83664280095724,23.06549185050271,8.00886321531189,38.12212048569353,8
2,272.20800433483834,23.178657636411074,8.150006832344634,38.20730844047752,8
2,272.57936586871944,23.191517420172612,8.630138844617413,37.75289599572781,8
2,272.95072740260053,23.19626633681475,8.675496931801138,37.71703574182837,8
2,273.32208893648163,23.19177107128647,8.669295881092225,37.71424626148072,8
2,273.6934504703627,23.360662556922964,8.829521540542778,37.89180357330315,8
2,274.0648120042438,23.28876424106734,9.008281115798818,37.569247366335865,8
2,274.4361735381249,23.203476648386808,9.062999143871576,37.34395415290204,8
2,274.807535072006,23.113041902579912,8.985297937328767,37.24078586783106,8
2,275.178896605887,23.23907972301196,9.122074682438988,37.35608476358493,8
2,275.5502581397682,23.245818897378204,9.281726398516508,37.2099113962399,8
2,275.9216196736492,23.10869661314206,8.956455596975072,37.260937629309055,8
2,276.2929812075303,23.179062467677113,8.927444405647439,37.43068052970679,8
2,276.6643427414114,23.174362320948788,8.951339761703478,37.397384880194096,8
2,277.0357042752925,23.43459851912195,9.152794369372785,37.71640266887111,8
2,277.40706580917356,23.453914106557953,9.009504478321896,37.89832373479401,8
2,277.7784273430547,23.655944505621655,9.511449942272195,37.800439068971116,8
2,278.14978887693576,23.363445615241083,9.150962839128333,37.575928391353834,8
2,278.52115041081686,23.560244636014787,9.345297231012115,37.77519204101746,8
2,278.89251194469796,23.568545261667484,9.401085228832217,37.73600529450275,8
2,279.26387347857906,23.520127865531983,9.503481286254152,37.536774444809815,8
2,279.6352350124601,23.115020109066048,8.89837441020148,37.33166580793062,8
2,280.00659654634126,23.22241090818284,9.021254582602868,37.42356723376281,8
2,280.3779580802223,23.323277879347813,9.165661913063426,37.4808938456322,8
2,280.7493196141034,23.425317731318735,9.215622836693488,37.635012625943986,8
2,281.1206811479845,23.31087991993204,9.289084487448486,37.3326753524156,8
2,281.4920426818656,23.14107892724714,9.138132348262769,37.144025506231515,8
2,281.86340421574664,23.27026685298528,9.33730760817437,37.20322609779619,8
2,282.23476574962774,23.32406776875066,9.275034599728926,37.37310093777239,8
2,282.60612728350884,23.417900060441994,9.361799253296999,37.47400086758699,8
2,282.97748881738994,23.505994445219862,9.608911309195403,37.40307758124432,8
2,283.34885035127104,23.5015835298143,9.59909542614195,37.40407163348665,8
2,283.7202118851521,23.483482342690603,9.488332086019716,37.47863259936149,8
2,284.0915734190332,23.742502921186787,9.64054576225956,37.84446008011402,8
2,284.4629349529143,23.67901993105838,9.60763115263991,37.75040870947685,8
2,284.8342964867954,23.662684075165124,9.667087830105789,37.65828032022446,8
2,285.2056580206765,23.600767461612243,9.54650658795596,37.655028335268526,8
2,285.5770195545576,23.88183110285095,9.728795714975156,38.03486649072674,8
2,285.9483810884386,24.00529171498431,9.82481701166448,38.18576641830414,8
2,286.3197426223198,24.033232805081777,9.82717973476509,38.239285875398465,8
2,286.6911041562008,24.2340565774457,9.983658726789987,38.484454428101415,8
2,287.0624656900819,24.241872642155442,9.893990884964088,38.589754399346795,8
2,287.433827223963,24.228691171971168,10.150755339141012,38.30662700480132,8
2,287.8051887578441,24.189946718522506,10.101642253641852,38.27825118340316,8
2,288.17655029172516,24.124510523824117,10.155286799146673,38.09373424850156,8
2,288.54791182560626,24.133313001443135,10.103408446941206,38.16321755594507,8
2,288.91927335948736,24.250646344284775,10.296681500789946,38.204611187779605,8
2,289.29063489336846,24.235464342363464,10.281620802019358,38.18930788270757,8
2,289.66199642724956,24.135824104650617,10.378207698722848,37.89344051057839,8
2,290.03335796113066,24.11168327826345,10.37429523746423,37.849071319062666,8
2,290.4047194950117,23.946135930463658,10.032893123710357,37.85937873721696,8
2,290.7760810288928,23.896429779650244,9.946065502668588,37.8467940566319,8
2,291.1474425627739,23.899540481004323,10.101589378084979,37.697491583923664,8
2,291.518804096655,23.80420256011428,10.074839568375355,37.53356555185321,8
2,291.8901656305361,23.737833152887433,9.882738740951536,37.59292756482333,8
2,292.26152716441715,23.62087541171475,9.609884646650917,37.63186617677858,8
2,292.63288869829825,23.742153155201983,9.643140167928623,37.841166142475345,8
2,293.00425023217934,23.61936125480294,9.813147813008886,37.425574696596996,8
2,293.37561176606044,23.602741825570263,9.820152454671133,37.385331196469394,8
2,293.7469732999415,23.65395533886695,9.94796349926921,37.359947178464694,8
2,294.11833483382264,23.802487260705398,10.10484838706301,37.50012613434779,8
2,294.4896963677037,23.86301524253543,10.444026718560108,37.28200376651075,8
2,294.8610579015848,23.822165047914083,10.50747886074586,37.136851235082304,8
2,295.2324194354659,23.831804410385573,10.537454474272304,37.12615434649884,8
2,295.603780969347,24.00834513852871,10.673631921452277,37.343058355605145,8
2,295.975142503228,23.865486632071786,10.315843844733514,37.41512941941006,8
2,296.3465040371092,23.804583163815504,10.225590176840976,37.383576150790034,8
2,296.7178655709902,23.8120385159943,10.055712399782186,37.56836463220641,8
2,297.0892271048713,23.938085358604305,10.128285235241941,37.74788548196667,8
2,297.4605886387524,23.991107181141253,10.09196129330633,37.89025306897618,8
2,297.8319501726335,23.944500456103537,10.000721419665123,37.888279492541955,8
2,298.20331170651457,23.856519619713787,9.836743857125903,37.87629538230167,8
2,298.5746732403957,23.824703986625728,10.045719173845766,37.60368879940569,8
2,298.94603477427677,23.93884748043454,10.125183354437853,37.75251160643123,8
2,299.31739630815787,24.02151189979637,10.258890481113827,37.78413331847891,8
2,299.68875784203897,24.049835928438206,10.253407742445864,37.84626411443055,8
4,0.0,0.0,0.0,0.0,8
4,0.37136153388108917,0.05208346251194934,-0.033226778143853705,0.1373937031677524,8
4,0.7427230677621783,0.13867708146989458,-0.03421227241021499,0.31156643535000417,8
4,1.1140846016432675,0.27855878766518194,-0.2253850407525062,0.7825026160828701,8
4,1.4854461355243567,0.5028099956022392,-0.33076334942275776,1.336383340627236,8
4,1.8568076694054458,0.6575262237787219,-0.30086560938440177,1.6159180569418456,8
4,2.228169203286535,0.7480556407563914,-0.2117124838307034,1.7078237653434862,8
4,2.5995307371676244,0.7005052043056227,-0.39336668970387023,1.7943770983151155,8
4,2.9708922710487133,0.6284026661924165,-0.6078327430242842,1.8646380754091172,8
4,3.3422538049298023,0.6823032902093543,-0.6470339404483819,2.0116405208670907,8
4,3.7136153388108917,0.6582872449455455,-0.626704922678051,1.943279412569142,8
4,4.084976872691981,0.9710979108098812,-0.3892458175462672,2.3314416391660293,8
4,4.45633840657307,0.9176987359091434,-0.6648490388239511,2.500246510642238,8
4,4.827699940454159,0.8722331523359369,-0.7486551627868315,2.4931214674587054,8
4,5.199061474335249,0.7995268174774032,-0.7564702423509654,2.355523877305772,8
4,5.570423008216337,1.134366114425399,-0.5495383941076553,2.818270622958453,8
4,5.941784542097427,1.3916881743378595,-0.3828350997345811,3.1662114484103,8
4,6.313146075978516,1.432427909217263,-0.3515757910554185,3.2164316094899443,8
4,6.684507609859605,1.408184115267982,-0.6326061665969551,3.448974397132919,8
4,7.0558691437406935,1.4985359906087705,-0.5945399839843906,3.5916119652019316,8
4,7.427230677621783,1.7830535111602606,-0.41342066710062797,3.979527689421149,8
4,7.798592211502871,1.8227275578965376,-0.390510831338182,4.035965947131257,8
4,8.169953745383962,2.0144093649022508,-0.2738915116677543,4.302710241472256,8
4,8.541315279265051,1.9089041206254707,-0.7688439315165785,4.58665217276752,8
4,8.91267681314614,1.9909907885026903,-0.7945988985599217,4.776580475565302,8
4,9.284038347027229,2.0269887225067458,-0.7927387344733838,4.846716179486876,8
4,9.655399880908318,2.2833199054222826,-0.5800502569568269,5.1466900678013925,8
4,10.026761414789407,2.35831147121911,-0.6131530328119177,5.329775975250138,8
4,10.398122948670498,2.268557726859621,-0.6207564360706757,5.157871889789917,8
4,10.769484482551585,2.18970173504611,-0.7478690735982201,5.12727254369044,8
4,11.140846016432674,2.4002257743451274,-0.6864832966830288,5.486934845373284,8
4,11.512207550313764,2.607719125197438,-0.5539788565505743,5.7694171069454505,8
4,11.883569084194853,2.4600901692336463,-0.806307710804286,5.726488049271579,8
4,12.25493061807594,2.3406733155203234,-1.130196754548126,5.811543385588773,8
4,12.626292151957031,2.2614058655556684,-1.2399882014718147,5.762799932583151,8
4,12.99765368583812,2.5184694423180054,-1.07203365614857,6.108972540784581,8
4,13.36901521971921,2.5420767540212537,-1.0934899189020384,6.177643426944545,8
4,13.7403767536003,2.81230853596292,-0.8666236409816852,6.491240712907525,8
4,14.111738287481387,2.528138282564876,-1.165381782637021,6.221658347766773,8
4,14.483099821362476,2.9095889403051913,-0.8958937074151296,6.715071588025513,8
4,14.854461355243567,2.988370678347721,-0.8567213389839674,6.833462695679409,8
4,15.225822889124656,3.2296889664111785,-0.6436825967670106,7.103060529589367,8
4,15.597184423005743,3.6204709132078774,-0.316786520566668,7.557728346982422,8
4,15.968545956886834,3.7586228310250167,-0.07573082354418581,7.592976485594219,8
4,16.339907490767924,3.870202020734324,0.013360231994317573,7.72704380947433,8
4,16.71126902464901,4.083654141782361,0.1688200504009938,7.998488233163728,8
4,17.082630558530102,4.426878250462421,0.44284913413930527,8.410907366785537,8
4,17.45399209241119,4.560909938177332,0.5254726359271871,8.596347240427477,8
4,17.82535362629228,4.630874534374282,0.5551895469999542,8.70655952174861,8
4,18.19671516017337,4.890457960839771,0.7489720692310344,9.031943852448507,8
4,18.568076694054458,5.2441247510435725,1.0311886853736656,9.45706081671348,8
4,18.939438227935547,5.503167001570808,1.1687564261923358,9.837577576949279,8
4,19.310799761816636,5.864402847485263,1.3799667644113915,10.348838930559136,8
4,19.682161295697725,6.189776228158765,1.7241124288926555,10.655440027424874,8
4,20.053522829578814,6.544469963309706,2.0303465912912912,11.058593335328121,8
4,20.424884363459903,6.780106335748254,2.1056775286142724,11.454535142882236,8
4,20.796245897340995,6.907598938000284,2.2216866673373543,11.593511208663212,8
4,21.16760743122208,6.769817235474844,2.134611994733141,11.405022476216548,8
4,21.53896896510317,7.099961724986752,2.42955879265528,11.770364657318224,8
4,21.910330498984262,7.234400390056628,2.5324933557404083,11.936307424372847,8
4,22.281692032865347,7.519759827232628,2.6938050153537674,12.345714639111488,8
4,22.65305356674644,7.773686623039591,2.715021712707876,12.832351533371305,8
4,23.02441510062753,7.945566089985494,2.9268075781745093,12.964324601796479,8
4,23.395776634508614,8.096368605558718,3.0545007535530857,13.13823645756435,8
4,23.767138168389707,8.239494650436681,3.1342473441196725,13.34474195675369,8
4,24.138499702270796,8.525915276459484,3.223103978017045,13.828726574901923,8
4,24.50986123615188,8.747374471328124,3.2994463008179133,14.195302641838335,8
4,24.881222770032974,8.959893521472146,3.4761655917215935,14.4436214512227,8
4,25.252584303914063,9.101836356200971,3.57136097954428,14.632311732857662,8
4,25.62394583779515,9.487095683648178,3.8828531050910717,15.091338262205284,8
4,25.99530737167624,9.384168208397439,3.7745941273075525,14.993742289487326,8
4,26.366668905557333,9.610790767149432,3.934258797770995,15.28732273652787,8
4,26.73803043943842,9.695111844445275,3.946971236686381,15.44325245220417,8
4,27.109391973319507,10.033820523897376,4.187760154546027,15.879880893248725,8
4,27.4807535072006,10.432129440960727,4.410348102577638,16.453910779343815,8
4,27.852115041081685,10.602204840796029,4.481975005115182,16.722434676476876,8
4,28.223476574962774,10.769119249983259,4.506957531879908,17.03128096808661,8
4,28.594838108843867,11.105561897582698,4.697343785696407,17.513780009468988,8
4,28.966199642724952,11.386488231860241,4.877269413921457,17.895707049799025,8
4,29.337561176606044,11.487647024601111,4.940472670146606,18.034821379055614,8
4,29.708922710487133,11.814440424870929,5.018481100654101,18.610399749087758,8
4,30.08028424436822,11.973140212930204,5.125055845312356,18.82122458054805,8
4,30.45164577824931,12.21710261618775,5.300433708959981,19.13377152341552,8
4,30.8230073121304,12.276659399658895,5.342382800900442,19.210935998417348,8
4,31.194368846011486,12.713967285562731,5.6444942174257475,19.783440353699714,8
4,31.565730379892578,12.798575966693244,5.4646282472204275,20.13252368616606,8
4,31.937091913773667,13.081138751008115,5.679323005666019,20.48295449635021,8
4,32.308453447654756,13.135478261881191,5.703251711674863,20.56770481208752,8
4,32.67981498153585,13.454515054568898,5.934196577917793,20.974833531220003,8
4,33.051176515416934,13.389549679367391,5.81173740430409,20.967361954430693,8
4,33.42253804929802,13.514484572863566,5.8080803693462535,21.22088877638088,8
4,33.79389958317911,13.518373161141547,5.757228334371463,21.279517987911632,8
4,34.165261117060204,13.739769088161239,5.910027600228365,21.569510576094114,8
4,34.53662265094129,13.534837436076916,5.727742998096726,21.341931874057106,8
4,34.90798418482238,13.641130745141975,5.648517015967011,21.63374447431694,8
4,35.27934571870347,13.821586760201832,5.711071117708983,21.93210240269468,8
4,35.65070725258456,14.112904440321987,5.8970582555430315,22.328750625100945,8
4,36.022068786465645,14.294856107411356,5.999949816804763,22.589762398017946,8
4,36.39343032034674,14.124097472124795,5.804803717166326,22.443391227083264,8
4,36.76479185422783,14.112726618006759,5.6737568209562745,22.551696415057243,8
4,37.136153388108916,13.972085028566132,5.480760071247536,22.46340998588473,8
4,37.50751492199001,14.205061579070009,5.670276808219773,22.739846349920242,8
4,37.878876455871094,14.177346794034104,5.62865005229324,22.72604353577497,8
4,38.25023798975218,14.272982613550557,5.694051044827319,22.851914182273795,8
4,38.62159952363327,14.232367492426286,5.352725248367463,23.11200973648511,8
4,38.992961057514364,14.56590605838628,5.604921758579325,23.526890358193235,8
4,39.36432259139545,14.572282367291972,5.585335745676538,23.559228988907407,8
4,39.73568412527654,14.62312958459647,5.587399546338627,23.65885962285431,8
4,40.10704565915763,14.643449999096527,5.334479424834756,23.952420573358296,8
4,40.47840719303872,14.909257680024687,5.457483517571891,24.361031842477484,8
4,40.849768726919805,14.960338579989864,5.50415759111228,24.41651956886745,8
4,41.22113026080089,15.134325596449097,5.534260423843778,24.734390769054414,8
4,41.59249179468199,15.207887598027371,5.467579062113627,24.948196133941117,8
4,41.963853328563076,15.287764702988753,5.34492133457165,25.230608071405854,8
4,42.33521486244416,15.31676770500424,5.330426055562171,25.30310935444631,8
4,42.706576396325254,15.534084305299988,5.429389186770143,25.63877942382983,8
4,43.07793793020634,15.760493235976261,5.4924387379268875,26.028547734025636,8
4,43.44929946408743,15.752522991390032,5.302368672841263,26.2026773099388,8
4,43.820660997968524,15.710114908839163,5.20334509554851,26.216884722129816,8
4,44.19202253184961,15.897584636645792,5.2407846841325,26.554384589159085,8
4,44.563384065730695,16.177080153830754,5.344962594751157,27.00919771291035,8
4,44.934745599611794,16.252249213891908,5.245007071987295,27.25949135579652,8
4,45.30610713349288,16.205222409863087,5.157593216192444,27.252851603533728,8
4,45.677468667373965,16.032905840876158,4.869515227983932,27.196296453768383,8
4,46.04883020125506,16.32320519444192,5.039997171944316,27.606413216939522,8
4,46.42019173513614,16.46567337321419,5.036293811214875,27.895052935213506,8
4,46.79155326901723,16.447253203606962,4.955857768858925,27.938648638354998,8
4,47.16291480289833,16.466917516149262,4.823457338125616,28.11037769417291,8
4,47.53427633677941,16.698781252839655,4.817390056223848,28.58017244945546,8
4,47.9056378706605,16.818083628289237,4.922049671596206,28.71411758498227,8
4,48.27699940454159,16.96165018665794,4.956966721092217,28.966333652223668,8
4,48.64836093842268,17.11791648876229,4.871808959789288,29.364024017735293,8
4,49.01972247230376,17.367485153165585,4.847715325773622,29.88725498055755,8
4,49.39108400618486,17.45460136370805,4.8368025324805455,30.072400194935554,8
4,49.76244554006595,17.549563039885268,4.84596384220491,30.253162237565626,8
4,50.13380707394703,17.730741679068487,4.817350196844618,30.644133161292356,8
4,50.505168607828125,17.9633990344333,4.778620693946079,31.14817737492052,8
4,50.87653014170922,18.08306602458609,4.830426126634759,31.335705922537418,8
4,51.2478916755903,18.178742449790903,4.808369863201538,31.549115036380268,8
4,51.619253209471395,18.364386153679455,4.751514510292905,31.977257797066002,8
4,51.99061474335248,18.623623185287098,4.823541427222002,32.42370494335219,8
4,52.361976277233566,18.7090598992185,4.767383145170205,32.65073665326679,8
4,52.733337811114666,18.85406853032561,4.814125729557574,32.894011331093644,8
4,53.10469934499575,19.12583952645906,4.835724844128849,33.41595420878927,8
4,53.47606087887684,19.36488868687028,4.91713487948199,33.81264249425857,8
4,53.84742241275793,19.509138844012206,5.038235851893839,33.980041836130574,8
4,54.218783946639014,19.44447496428726,4.975951871419847,33.912998057154674,8
4,54.5901454805201,19.868429530108905,5.318339539583144,34.41851952063467,8
4,54.9615070144012,20.213768057638276,5.567217141505504,34.86031897377105,8
4,55.332868548282285,20.234606152335644,5.533345905398512,34.935866399272776,8
4,55.70423008216337,20.250295566979204,5.275105649315918,35.22548548464249,8
4,56.07559161604446,20.178593926090414,5.4313816796732635,34.92580617250756,8
4,56.44695314992555,20.327804811110784,5.773617837800741,34.881991784420826,8
4,56.81831468380664,20.408555326518886,5.83141663131822,34.98569402171955,8
4,57.18967621768773,20.704940765399336,6.201110313422676,35.208771217376,8
4,57.56103775156882,20.77806800445594,6.372243093424233,35.18389291548765,8
4,57.932399285449904,21.003993277748943,6.610109588959851,35.397876966538036,8
4,58.303760819330996,21.19067738694489,6.6258768097196,35.75547796417018,8
4,58.67512235321209,21.316870782157647,6.874280230615987,35.759461333699306,8
4,59.046483887093174,21.473322646898126,6.782536355656315,36.16410893813993,8
4,59.41784542097427,21.497970470474563,6.970592135476407,36.02534880547272,8
4,59.78920695485535,21.41619134786991,6.93687039640673,35.895512299333085,8
4,60.16056848873644,21.388820230476497,7.235976379076604,35.54166408187639,8
4,60.53193002261754,21.660349724114177,7.498296973433867,35.82240247479449,8
4,60.90329155649862,21.43568856045101,7.077984748185655,35.79339237271636,8
4,61.27465309037971,21.528298832477887,7.05605285411697,36.000544810838804,8
4,61.6460146242608,21.87067477396278,7.3387835450354295,36.402566002890126,8
4,62.017376158141886,22.061232269243707,7.553729107930476,36.56873543055694,8
4,62.38873769202297,22.091323468922212,7.5235842210087185,36.659062716835706,8
4,62.76009922590407,22.242599660450626,7.603853660301317,36.88134566059993,8
4,63.131460759785156,22.61809037405938,7.956040373431568,37.28014037468719,8
4,63.50282229366624,22.85636357143543,8.227256553091799,37.48547058977906,8
4,63.874183827547334,23.082949350921066,8.34024966029984,37.82564904154229,8
4,64.24554536142843,23.206069196100938,8.51022203313122,37.901916359070654,8
4,64.61690689530951,23.17173528637461,8.504548999275274,37.83892157347395,8
4,64.9882684291906,23.103461730120816,8.458910828480775,37.74801263176086,8
4,65.3596299630717,23.316497315616356,8.617834613799753,38.01516001743296,8
4,65.73099149695278,23.517223702914713,8.696113997614797,38.33833340821463,8
4,66.10235303083387,23.488657292983287,8.235385688983692,38.741928896982884,8
4,66.47371456471495,23.655334561981697,8.443115106917968,38.86755401704542,8
4,66.84507609859604,23.656377817640966,8.474612083065862,38.83814355221607,8
4,67.21643763247714,23.62982101201215,8.295269528402935,38.96437249562137,8
4,67.58779916635822,23.811074028490147,8.185483585568553,39.43666447141174,8
4,67.95916070023931,24.1463570780465,8.485445465249468,39.80726869084353,8
4,68.33052223412041,24.2563242968136,8.56044082089554,39.952207772731654,8
4,68.7018837680015,24.578039142932198,8.79504628848315,40.36103199738125,8
4,69.07324530188258,24.848963055046816,8.851735430291269,40.84619067980236,8
4,69.44460683576368,25.205466413103174,9.239468888614821,41.171463937591525,8
4,69.81596836964476,25.295153413428192,9.307697270681414,41.28260955617497,8
4,70.18732990352585,25.619380378649122,9.545868311248139,41.69289244605011,8
4,70.55869143740694,25.862689093179007,9.821044730135817,41.9043334562222,8
4,70.93005297128802,26.29791147768115,10.24538457550209,42.35043837986021,8
4,71.30141450516912,26.402510910025466,10.33024549857938,42.47477632147155,8
4,71.6727760390502,26.456149368693403,10.199606026518254,42.71269271086855,8
4,72.04413757293129,26.847520491121028,10.503668801537493,43.19137218070456,8
4,72.41549910681239,27.027840613194613,10.822014982337393,43.23366624405183,8
4,72.78686064069348,27.179948157166525,11.007837557999718,43.352058756333335,8
4,73.15822217457456,27.52314767989651,11.27245213342529,43.77384322636773,8
4,73.52958370845566,27.649584734484534,11.13562397827997,44.1635454906891,8
4,73.90094524233675,27.80503225674115,11.256657366835842,44.35340714664646,8
4,74.27230677621783,27.95207636558338,11.539660554920584,44.36449217624617,8
4,74.64366831009893,28.323168934992133,11.87165514390395,44.774682726080314,8
4,75.01502984398002,28.450649337529814,11.76469790665745,45.136600768402175,8
4,75.3863913778611,28.506713375801958,11.76209848928401,45.2513282623199,8
4,75.75775291174219,28.664392300224407,11.798312851333556,45.53047174911526,8
4,76.12911444562327,28.6435921217954,11.558755535560145,45.728428708030656,8
4,76.50047597950436,28.985073507214825,11.759544719870146,46.21060229455951,8
4,76.87183751338546,29.04919735026851,11.688054279857617,46.410340420679404,8
4,77.24319904726654,29.079100193529943,11.603523943021912,46.55467644403797,8
4,77.61456058114763,29.414390546374634,11.835635742008712,46.993145350740555,8
4,77.98592211502873,29.790531445567737,12.141754150218102,47.43930874091737,8
4,78.35728364890981,29.887597241878453,12.124279246970389,47.65091523678652,8
4,78.7286451827909,30.152307342744805,12.34552507764229,47.95908960784732,8
4,79.100006716672,30.43504884668276,12.528241282793278,48.34185641057225,8
4,79.47136825055308,30.587216917358965,12.837223396355679,48.33721043836225,8
4,79.84272978443417,30.610774880821445,12.897790796921218,48.32375896472168,8
4,80.21409131831525,30.758028929438485,13.173415648152545,48.34264221072442,8
4,80.58545285219635,31.12125300076326,13.514443922756357,48.728062078770165,8
4,80.95681438607744,31.282332680491294,13.67306742729026,48.891597933692324,8
4,81.32817591995853,31.329664476279596,13.752541608354946,48.90678734420425,8
4,81.69953745383961,31.55701625272006,13.931106431831306,49.18292607360881,8
4,82.07089898772071,31.688213063272713,14.232914596562509,49.143511529982916,8
4,82.44226052160178,31.77980520449765,14.180287023680318,49.379323385314976,8
4,82.81362205548288,31.807437274585862,14.226513564351272,49.38836098482045,8
4,83.18498358936398,31.89815548681787,14.291681264896319,49.50462970873942,8
4,83.55634512324505,32.27289262095172,14.54812570000595,49.99765954189749,8
4,83.92770665712615,32.55167576761536,14.6139641651529,50.489387370077814,8
4,84.29906819100725,32.64668451280023,14.753612304785786,50.539756720814665,8
4,84.67042972488832,32.72281703439356,14.887495458295906,50.55813861049121,8
4,85.04179125876942,33.073712589429334,15.17154762319629,50.97587755566238,8
4,85.41315279265051,33.15704832007012,15.300786943421688,51.01330969671855,8
4,85.78451432653159,33.17821249654275,15.3119102259292,51.0445147671563,8
4,86.15587586041268,33.268958383595916,15.29755546210924,51.24036130508259,8
4,86.52723739429378,33.404243070086096,15.497760653776385,51.31072548639581,8
4,86.89859892817486,33.515130881821136,15.645869963734434,51.38439179990784,8
4,87.26996046205595,33.60018588264868,15.777615240230169,51.42275652506719,8
4,87.64132199593705,33.846623914016384,15.915570854854106,51.77767697317866,8
4,88.01268352981812,33.95207202068178,15.798744243486006,52.10539979787756,8
4,88.38404506369922,34.00376780160081,15.838685335018447,52.16885026818317,8
4,88.75540659758032,34.06931663411124,15.903064024498782,52.235569243723695,8
4,89.12676813146139,34.174317676751166,15.996303167274608,52.35233218622773,8
4,89.49812966534249,34.322100445923034,16.015147406004676,52.629053485841396,8
4,89.86949119922359,34.315676861418154,16.0364690825781,52.59488464025821,8
4,90.24085273310466,34.22223766808048,15.970295534462913,52.47417980169805,8
4,90.61221426698576,34.41768516003659,16.305683825453812,52.52968649461937,8
4,90.98357580086684,34.292227293290935,15.914994089448339,52.66946049713353,8
4,91.35493733474793,34.31449187910546,15.904191386220035,52.72479237199089,8
4,91.72629886862902,34.23701595066638,15.743890714227739,52.730141187105026,8
4,92.09766040251012,34.32943875751796,15.872815508441846,52.78606200659408,8
4,92.4690219363912,34.43037421005008,15.974030200871354,52.88671821922881,8
4,92.84038347027229,34.54034160058846,16.08339801864015,52.99728518253677,8
4,93.21174500415339,34.76547748573091,16.311627847132772,53.219327124329055,8
4,93.58310653803446,34.87834501316881,16.4684377968651,53.28825222947252,8
4,93.95446807191556,35.15530743806265,16.61367765268625,53.69693722343905,8
4,94.32582960579666,35.15480173859727,16.593947679596194,53.715655797598345,8
4,94.69719113967773,35.15246844869811,16.58661468043282,53.7183222169634,8
4,95.06855267355883,35.15235603524105,16.648166861853834,53.65654520862826,8
4,95.43991420743991,35.20486253520696,16.789198638064036,53.62052643234989,8
4,95.811275741321,35.31956312429777,16.856400715801605,53.78272553279394,8
4,96.1826372752021,35.48440164034857,17.057690938555815,53.91111234214133,8
4,96.55399880908318,35.648251269583135,17.03296568032548,54.263536858840794,8
4,96.92536034296427,35.490517479296834,16.851388245219404,54.129646713374264,8
4,97.29672187684535,35.637730327633555,16.921636303621455,54.353824351645656,8
4,97.66808341072645,35.82865686419696,17.198823573904917,54.458490154489,8
4,98.03944494460752,36.16626701589415,17.439036927616772,54.89349710417153,8
4,98.41080647848862,36.27817019020523,17.6169102265834,54.93943015382706,8
4,98.78216801236972,36.33890721515381,17.72740743122553,54.95040699908209,8
4,99.1535295462508,36.676803570464536,18.09243621634486,55.261170924584206,8
4,99.5248910801319,36.97469113468548,18.349385016239584,55.59999725313138,8
4,99.896252614013,37.197746648662616,18.578031644610267,55.81746165271497,8
4,100.26761414789407,37.33776707963168,18.676664755446605,55.998869403816755,8
4,100.63897568177516,37.73957110548085,19.096819909932616,56.38232230102908,8
4,101.01033721565625,37.56788000583441,19.064120505176074,56.071639506492744,8
4,101.38169874953734,37.68383775262713,19.079997860757395,56.28767764449686,8
4,101.75306028341844,37.66657936814862,18.96203652466125,56.371122211635985,8
4,102.12442181729952,37.75812402990445,19.148046413511416,56.368201646297486,8
4,102.4957833511806,37.89711104531828,19.261276368263992,56.532945722372574,8
4,102.86714488506169,37.91145747538198,19.290793339915513,56.53212161084845,8
4,103.23850641894279,37.990323721275786,19.399382209361853,56.58126523318972,8
4,103.60986795282386,38.12619202310362,19.637985165956863,56.61439888025038,8
4,103.98122948670496,38.35639708775069,19.900401494524466,56.81239268097692,8
4,104.35259102058606,38.30276558433733,19.865192570786604,56.740338597888055,8
4,104.72395255446713,38.34064223188167,19.84463274581928,56.83665171794405,8
4,105.09531408834823,38.64116315356968,20.132955722534135,57.14937058460522,8
4,105.46667562222933,38.7270338063184,20.305092424308757,57.14897518832805,8
4,105.8380371561104,38.723565561017196,20.302191809458602,57.14493931257579,8
4,106.2093986899915,38.89360587451132,20.389938542088956,57.39727320693369,8
4,106.58076022387259,39.00057065211152,20.474434176863742,57.5267071273593,8
4,106.95212175775367,39.22319207889213,20.71742085762388,57.72896330016039,8
4,107.32348329163476,39.23537384998225,20.748457016493052,57.722290683471456,8
4,107.69484482551586,39.3349484921727,20.987313287890142,57.682583696455254,8
4,108.06620635939694,39.309069391866,20.87825896565505,57.73987981807694,8
4,108.43756789327803,39.60646430452151,21.120370675473055,58.092557933569964,8
4,108.80892942715913,39.6592279543557,21.168113483748936,58.15034242496246,8
4,109.1802909610402,39.7904758803451,21.369802310539413,58.211149450150785,8
4,109.5516524949213,39.907373639770356,21.406914160925123,58.407833118615585,8
4,109.9230140288024,39.98072982359227,21.410740062860132,58.55071958432441,8
4,110.29437556268347,40.006556597790585,21.444418202562623,58.568694993018546,8
4,110.66573709656457,40.240463067183,21.706379658580623,58.77454647578538,8
4,111.03709863044567,40.37529813571106,21.98388900522779,58.76670726619433,8
4,111.40846016432674,40.17338669432486,21.803223484165027,58.54354990448469,8
4,111.77982169820784,40.25470119474217,21.97419174387745,58.53521064560688,8
4,112.15118323208893,40.342011165230076,21.987615131244937,58.696407199215216,8
4,112.52254476597001,40.48662080522368,22.187773298055575,58.785468312391785,8
4,112.8939062998511,40.54541186206309,22.229647668803384,58.8611760553228,8
4,113.2652678337322,40.64581285553556,22.199404562428548,59.09222114864257,8
4,113.63662936761328,40.67411716283024,21.8072245383792,59.54100978728128,8
4,114.00799090149437,40.95246014877811,22.093538619610882,59.811381677945334,8
4,114.37935243537547,40.963613860464605,22.118623954030085,59.808603766899125,8
4,114.75071396925654,41.11272640625991,22.342610845771905,59.88284196674792,8
4,115.12207550313764,41.39362681051615,22.536923086400385,60.25033053463192,8
4,115.49343703701874,41.57094524506993,22.94564103791448,60.19624945222537,8
4,115.86479857089981,41.64791898800297,23.036496163125555,60.259341812880386,8
4,116.23616010478091,41.75022269355682,23.17051371373927,60.329931673374375,8
4,116.60752163866199,41.89968054053519,23.218382698173844,60.58097838289655,8
4,116.97888317254308,42.3107483441367,23.730810804855714,60.89068588341768,8
4,117.35024470642418,42.32090518760379,23.835950394828053,60.80585998037953,8
4,117.72160624030526,42.45028586366523,24.025490215058795,60.87508151227166,8
4,118.09296777418635,42.700207973270444,24.380397056427384,61.020018890113505,8
4,118.46432930806743,43.08298076949447,24.917393100255993,61.248568438732946,8
4,118.83569084194853,43.210722736837575,25.04459370061188,61.376851773063265,8
4,119.2070523758296,43.3180793709009,25.272767134126763,61.36339160767503,8
4,119.5784139097107,43.35364792813402,25.434851353394855,61.27244450287319,8
4,119.9497754435918,43.594180299939765,25.782945438850298,61.40541516102923,8
4,120.32113697747288,43.68662450032687,25.930414771001672,61.44283422965207,8
4,120.69249851135397,43.77641744609019,25.9647801767538,61.58805471542659,8
4,121.06386004523507,43.966278614863285,26.300514327633273,61.632042902093296,8
4,121.43522157911615,44.14827778367046,26.477138121638507,61.81941744570241,8
4,121.80658311299725,44.19571152013384,26.523849517027045,61.86757352324064,8
4,122.17794464687833,44.12402162237661,26.28099949974743,61.96704374500579,8
4,122.54930618075942,44.334425706520335,26.649222558352285,62.019628854688385,8
4,122.92066771464052,44.308398246673434,26.710040897782484,61.906755595564384,8
4,123.2920292485216,44.33995531667569,26.75233486529095,61.927575768060436,8
4,123.66339078240269,44.40511340878193,27.167470238548166,61.642756579015696,8
4,124.03475231628377,44.58039292788105,27.380100201459367,61.78068565430273,8
4,124.40611385016487,44.55969780504078,27.521819228191056,61.5975763818905,8
4,124.77747538404594,44.545554605426474,27.535237394251656,61.5558718166013,8
4,125.14883691792704,44.7599352849489,27.764523882863724,61.75534668703408,8
4,125.52019845180814,45.103864490655795,28.194732122282147,62.01299685902944,8
4,125.89155998568921,45.09929232231444,28.109498179761488,62.08908646486739,8
4,126.26292151957031,45.204733023887165,28.173095225271904,62.23637082250242,8
4,126.63428305345141,45.39710722492474,28.379029715591713,62.415184734257764,8
4,127.00564458733248,45.659527876419276,28.656522331551898,62.66253342128665,8
4,127.37700612121358,45.73325984185772,28.688141523375453,62.77837816034,8
4,127.74836765509467,45.79033607941098,28.673898722096553,62.9067734367254,8
4,128.11972918897575,45.87775979159707,28.923823211536035,62.83169637165811,8
4,128.49109072285685,46.02764738827981,29.06463240966885,62.990662366890774,8
4,128.86245225673795,46.11825155276096,29.13555455173635,63.10094855378557,8
4,129.23381379061902,46.317255790502436,29.432137801128462,63.20237377987641,8
4,129.60517532450012,46.42390821640221,29.356252243006622,63.4915641897978,8
4,129.9765368583812,46.68122341046468,29.592970663087968,63.769476157841396,8
4,130.3478983922623,46.71894633113193,29.59458096082506,63.84331170143881,8
4,130.7192599261434,46.86975347374695,29.792322950824147,63.94718399666975,8
4,131.09062146002447,47.01922663816603,29.79671796972709,64.24173530660497,8
4,131.46198299390556,47.06892306861639,29.995165458724276,64.14268067850851,8
4,131.83334452778664,47.12812505455762,30.019025812551046,64.2372242965642,8
4,132.20470606166774,47.204598759140566,30.140205958355544,64.26899155992558,8
4,132.5760675955488,47.37989630111926,30.147129548002063,64.61266305423646,8
4,132.9474291294299,47.529194043571195,30.36622078682218,64.69216730032021,8
4,133.318790663311,47.69421830038215,30.447212169546013,64.94122443121827,8
4,133.69015219719208,47.821460101000774,30.56232178889621,65.08059841310533,8
4,134.06151373107318,48.1230077731949,30.885093424664507,65.3609221217253,8
4,134.43287526495428,48.224961566782966,30.887430926233034,65.5624922073329,8
4,134.80423679883535,48.278429312819455,30.84194197271701,65.7149166529219,8
4,135.17559833271645,48.60468902400914,31.059105797048076,66.1502722509702,8
4,135.54695986659755,48.727405154214516,31.23922353643233,66.2155867719967,8
4,135.91832140047862,48.91196285026889,31.40610496018388,66.4178207403539,8
4,136.28968293435972,48.97512890738223,31.46274872512725,66.4875090896372,8
4,136.66104446824082,48.915463748090424,31.293605012527284,66.53732248365357,8
4,137.0324060021219,49.116731763874725,31.532759921372588,66.70070360637686,8
4,137.403767536003,49.31637006634144,31.682943804965248,66.94979632771764,8
4,137.7751290698841,49.37656700524274,31.750425181331906,67.00270882915358,8
4,138.14649060376516,49.698773503706065,32.128909319625016,67.2686376877871,8
4,138.51785213764626,49.61245091453489,31.86322788292951,67.36167394614027,8
4,138.88921367152736,49.78787729120343,31.985528718196672,67.59022586421018,8
4,139.26057520540843,49.79711728270552,32.02488584981178,67.56934871559926,8
4,139.63193673928953,50.022845661826835,32.26634135384509,67.77934996980858,8
4,140.00329827317063,50.055712817303174,32.151808761019005,67.95961687358735,8
4,140.3746598070517,50.134598215621516,32.19266381702655,68.07653261421649,8
4,140.7460213409328,50.380936185328984,32.38801190631626,68.3738604643417,8
4,141.11738287481387,50.6409548556664,32.61686205399661,68.66504765733619,8
4,141.48874440869497,50.72230200322706,32.467575983456626,68.97702802299749,8
4,141.86010594257604,50.76206855613416,32.57374175155281,68.9503953607155,8
4,142.23146747645714,50.94965760074322,32.6743523416535,69.22496285983294,8
4,142.60282901033824,51.33939775812425,33.0087019204841,69.6700935957644,8
4,142.9741905442193,51.447302208418684,33.05328515680067,69.8413192600367,8
4,143.3455520781004,51.6662890566943,33.53092612630463,69.80165198708397,8
4,143.7169136119815,51.940446956329765,33.7426823943585,70.13821151830103,8
4,144.08827514586258,52.143099682983404,33.79479977904464,70.49139958692217,8
4,144.45963667974368,52.14094987400409,33.586993154011,70.69490659399719,8
4,144.83099821362478,52.124242562594446,33.543550242274776,70.70493488291412,8
4,145.20235974750585,52.15413582885713,33.46077805026906,70.84749360744519,8
4,145.57372128138695,52.2367955795921,33.44550153071476,71.02808962846944,8
4,145.94508281526805,52.3851463759935,33.42082126014971,71.34947149183729,8
4,146.31644434914912,52.39607401436975,33.398272415363095,71.39387561337641,8
4,146.68780588303022,52.608808551244394,33.53835152757922,71.67926557490956,8
4,147.05916741691132,52.74272436669266,33.6857731454522,71.79967558793312,8
4,147.4305289507924,52.768500374069006,33.633013761824046,71.90398698631397,8
4,147.8018904846735,52.91369495253855,33.623758494772304,72.2036314103048,8
4,148.1732520185546,53.00898150807491,33.57028003098991,72.4476829851599,8
4,148.54461355243566,52.94086973953148,33.46750611006381,72.41423336899915,8
4,148.91597508631676,53.03468205507662,33.59415196370897,72.47521214644428,8
4,149.28733662019786,53.11656448132407,33.6896788213424,72.54345014130574,8
4,149.65869815407893,53.317912759739826,34.20697725577416,72.42884826370549,8
4,150.03005968796003,53.58438804089586,34.43356129022837,72.73521479156335,8
4,150.4014212218411,53.70735013522703,34.61655573840117,72.7981445320529,8
4,150.7727827557222,53.716804811735145,34.606857275190954,72.82675234827934,8
4,151.14414428960328,53.843637142988015,34.99480290076241,72.69247138521362,8
4,151.51550582348438,53.921456264757616,34.7875357715438,73.05537675797143,8
4,151.88686735736547,54.066101922971896,34.94915920189388,73.18304464404991,8
4,152.25822889124655,54.117807139459366,34.98643109083318,73.24918318808555,8
4,152.62959042512765,54.39988468346618,35.18373522376463,73.61603414316774,8
4,153.00095195900872,54.73586039809541,35.45223410329444,74.01948669289638,8
4,153.37231349288982,55.13033535414777,36.19897607127799,74.06169463701755,8
4,153.74367502677092,55.25703589767952,36.27031141192941,74.24376038342963,8
4,154.115036560652,55.485097346685144,36.44327230829087,74.52692238507942,8
4,154.4863980945331,55.79666823863666,36.66976735146041,74.92356912581292,8
4,154.8577596284142,55.82728260207599,36.606112507147444,75.04845269700454,8
4,155.22912116229526,55.85219305573708,36.421281902604846,75.28310420886932,8
4,155.60048269617636,56.166718737004246,36.68137147863868,75.65206599536981,8
4,155.97184423005746,56.36522050809151,36.80223890706692,75.9282021091161,8
4,156.34320576393853,56.418425278153194,36.827793643019966,76.00905691328643,8
4,156.71456729781963,56.49921335208923,36.80535326694748,76.19307343723098,8
4,157.08592883170073,56.7487201415838,36.836548361229134,76.66089192193847,8
4,157.4572903655818,56.94209775858025,36.93402628578677,76.95016923137374,8
4,157.8286518994629,57.02913145413304,36.96457324315357,77.09368966511249,8
4,158.200013433344,57.24009491932968,37.2180783083948,77.26211153026455,8
4,158.57137496722507,57.28099481457024,36.908256176468754,77.65373345267173,8
4,158.94273650110617,57.65872288330347,37.17763265369548,78.13981311291145,8
4,159.31409803498727,57.733075029816206,37.207247388215606,78.2589026714168,8
4,159.68545956886834,57.82471559429523,37.29901766237284,78.35041352621761,8
4,160.05682110274944,58.0934618411704,37.42940674451563,78.75751693782517,8
4,160.4281826366305,58.22576632184739,37.398931750756994,79.05260089293779,8
4,160.7995441705116,58.25082643401029,37.35260574551762,79.14904712250296,8
4,161.1709057043927,58.627615427377194,37.57864910544097,79.67658174931341,8
4,161.54226723827378,58.98729665888999,37.85842870042627,80.1161646173537,8
4,161.91362877215488,59.02651989214441,37.7410902224931,80.31194956179571,8
4,162.28499030603595,59.11845239565523,37.7212539164051,80.51565087490536,8
4,162.65635183991705,59.39889141800997,37.907719683192575,80.89006315282737,8
4,163.02771337379815,59.594730949079064,38.355857882951845,80.83360401520628,8
4,163.39907490767922,59.69543520352017,38.37876748124648,81.01210292579387,8
4,163.77043644156032,59.933842919461014,38.67114009814786,81.19654574077417,8
4,164.14179797544142,60.214530069986715,38.8230932889218,81.60596685105163,8
4,164.5131595093225,60.65413398927562,39.1222892355899,82.18597874296134,8
4,164.88452104320356,60.82535870843738,39.18126522874921,82.46945218812554,8
4,165.2558825770847,60.95090691230893,39.299983197037044,82.60183062758082,8
4,165.62724411096576,60.793020803764435,38.82169181991624,82.76434978761263,8
4,165.99860564484683,61.194221899410735,39.141337535955486,83.24710626286598,8
4,166.36996717872796,61.34952971147328,39.249176806376504,83.44988261657005,8
4,166.74132871260903,61.53936225220638,39.40796030708081,83.67076419733195,8
4,167.1126902464901,62.07043930734063,39.95787343568859,84.18300517899266,8
4,167.48405178037123,62.220673916642674,39.829922569575885,84.61142526370946,8
4,167.8554133142523,62.375553987950354,39.9573647638203,84.79374321208041,8
4,168.22677484813337,62.60439758773907,40.13193516256835,85.0768600129098,8
4,168.5981363820145,62.95618677707805,40.408193600736745,85.50417995341937,8
4,168.96949791589557,62.9005194539147,40.02302370629408,85.77801520153531,8
4,169.34085944977664,62.98865187268744,40.02335346416247,85.95395028121241,8
4,169.71222098365774,63.191196530228304,40.146270688400904,86.2361223720557,8
4,170.08358251753884,63.56754051094083,40.46921080061496,86.6658702212667,8
4,170.45494405141991,63.74970030790428,40.5673501241492,86.93205049165935,8
4,170.82630558530101,63.93524818551543,40.82660523247639,87.04389113855447,8
4,171.1976671191821,64.03141189081681,40.755911107722866,87.30691267391076,8
4,171.56902865306319,64.39407244805783,41.03365042316614,87.75449447294952,8
4,171.94039018694428,64.5794584201699,41.15153300889955,88.00738383144025,8
4,172.31175172082536,64.81611870301072,41.453790000385716,88.17844740563572,8
4,172.68311325470646,65.24760660845298,41.764531447132626,88.73068176977334,8
4,173.05447478858756,65.46913297466813,41.84595680784564,89.09230914149062,8
4,173.42583632246863,65.75614351387628,42.08892198017632,89.42336504757624,8
4,173.79719785634973,65.85036524961897,42.14866168042941,89.55206881880854,8
4,174.16855939023083,66.26001261180605,42.579906232086785,89.94011899152531,8
4,174.5399209241119,66.2297930761235,42.706476961439975,89.75310919080702,8
4,174.91128245799297,66.60954708749462,43.0283222880562,90.19077188693304,8
4,175.2826439918741,66.67519020122984,43.10660052420182,90.24377987825785,8
4,175.65400552575517,67.02903262954945,43.477565667958835,90.58049959114007,8
4,176.02536705963624,67.36858847897354,43.82566755918417,90.9115093987629,8
4,176.39672859351737,67.8901587696799,44.40214848851127,91.37816905084853,8
4,176.76809012739844,67.97662867677666,44.48532188401246,91.46793546954086,8
4,177.1394516612795,68.31673755844133,44.824381466190154,91.80909365069252,8
4,177.51081319516064,68.7898409758357,45.35376798920389,92.22591396246752,8
4,177.8821747290417,68.99312570483175,45.625241616714646,92.36100979294886,8
4,178.25353626292278,68.76653040218537,45.30062277876856,92.23243802560216,8
4,178.6248977968039,69.1222289684339,45.7008374540672,92.5436204828006,8
4,178.99625933068498,69.48751466368667,46.08295812889182,92.89207119848152,8
4,179.36762086456605,69.5252807282093,46.1159453562301,92.93461610018849,8
4,179.73898239844718,69.47765572247009,46.06955702036064,92.88575442457955,8
4,180.11034393232825,69.90532056861495,46.46524821113194,93.34539292609796,8
4,180.48170546620932,70.31290876127858,46.86445580919252,93.76136171336464,8
4,180.85306700009042,70.43711001479932,47.00862995615546,93.86559007344317,8
4,181.22442853397152,70.79157572192453,47.48984886864635,94.09330257520271,8
4,181.5957900678526,70.93859194208608,47.82905526428661,94.04812861988555,8
4,181.9671516017337,71.36796950707588,48.275575903583615,94.46036311056815,8
4,182.3385131356148,71.53080124420526,48.42634691120945,94.63525557720108,8
4,182.70987466949586,71.84353715620954,48.85808501761717,94.8289892948019,8
4,183.08123620337696,72.12338624443835,49.04337993905172,95.20339254982498,8
4,183.45259773725803,72.35184130002786,49.27213006102794,95.43155253902778,8
4,183.82395927113913,72.43344506457377,49.369257914416664,95.49763221473088,8
4,184.19532080502023,72.84831033298275,49.87832454949229,95.8182961164732,8
4,184.5666823389013,73.33528888539269,50.36199421529217,96.3085835554932,8
4,184.9380438727824,73.64477033097687,50.51704935143395,96.7724913105198,8
4,185.3094054066635,73.74160798481557,50.60455763104211,96.87865833858903,8
4,185.68076694054457,74.10854641915299,51.04957019937844,97.16752263892754,8
4,186.05212847442564,74.57365387302106,51.54606293552261,97.6012448105195,8
4,186.42349000830677,74.73613068289808,51.704739145094536,97.76752222070162,8
4,186.79485154218784,74.72393760224242,51.65103518246536,97.79684002201947,8
4,187.1662130760689,74.9028170233978,51.90036385390667,97.90527019288893,8
4,187.53757460995004,75.3202557487502,52.374822011047826,98.26568948645257,8
4,187.9089361438311,75.40061831269563,52.506017660602375,98.29521896478889,8
4,188.28029767771218,75.56771417650046,52.65237758162761,98.48305077137331,8
4,188.6516592115933,75.90473487656101,53.01974937797483,98.78972037514718,8
4,189.02302074547438,76.32106454813069,53.44322786378383,99.19890123247755,8
4,189.39438227935545,76.39903523010405,53.516575701937,99.2814947582711,8
4,189.76574381323658,76.60087562591345,53.745674131982355,99.45607711984454,8
4,190.13710534711765,76.94023183912216,54.14616208835511,99.73430158988921,8
4,190.50846688099872,77.3884202102014,54.588683625770045,100.18815679463276,8
4,190.87982841487982,77.53428602125996,54.688152141916675,100.38041990060324,8
4,191.25118994876092,77.57811439664158,54.77306128157216,100.38316751171101,8
4,191.622551482642,78.08514819252065,55.34679723080676,100.82349915423454,8
4,191.9939130165231,78.47745944244618,55.744914667670685,101.21000421722167,8
4,192.3652745504042,78.5928366189037,55.84904555271281,101.3366276850946,8
4,192.73663608428527,78.83695599461448,56.07225982837918,101.6016521608498,8
4,193.10799761816637,79.28146619585944,56.48664520439287,102.076287187326,8
4,193.47935915204744,79.40227352825836,56.14738181173119,102.65716524478555,8
4,193.85072068592854,79.55630768968817,56.1455864586582,102.96702892071814,8
4,194.22208221980964,79.61734019062033,56.20199138169593,103.03268899954472,8
4,194.5934437536907,79.8266486082399,56.441500131245306,103.21179708523451,8
4,194.9648052875718,79.97740542760545,56.27200318169861,103.68280767351229,8
4,195.3361668214529,79.98247309949835,56.2633122141622,103.7016339848345,8
4,195.70752835533398,79.9341065279754,56.39078432015473,103.47742873579608,8
4,196.07888988921505,80.16423568097,56.63518062830905,103.69329073363093,8
4,196.45025142309618,80.13552130471615,56.44147627425378,103.82956633517853,8
4,196.82161295697725,80.15675138585222,56.42707592286887,103.88642684883555,8
4,197.19297449085832,80.24575076245642,56.511117357186905,103.98038416772594,8
4,197.56433602473945,80.30455581462124,56.70831591502563,103.90079571421686,8
4,197.93569755862052,80.47483440984321,56.98320602751839,103.96646279216803,8
4,198.3070590925016,80.74799520930529,57.25446602918186,104.24152438942872,8
4,198.67842062638272,81.03867408817213,57.62599413036483,104.45135404597943,8
4,199.0497821602638,80.87432043132702,57.65863313442303,104.09000772823101,8
4,199.42114369414486,81.03330468502907,57.876252709841395,104.19035666021674,8
4,199.792505228026,81.09345257950687,57.96139904761587,104.22550611139788,8
4,200.16386676190706,81.10571164830094,58.2259915973429,103.98543169925898,8
4,200.53522829578813,81.44587743433667,58.75573304447849,104.13602182419484,8
4,200.90658982966926,81.67494988628172,59.11094703614035,104.2389527364231,8
4,201.27795136355033,81.74409398150856,59.19192429612857,104.29626366688854,8
4,201.6493128974314,81.93577247471269,59.457754779603434,104.41379016982195,8
4,202.0206744313125,81.84324517070915,59.09116772127143,104.59532262014687,8
4,202.3920359651936,81.88787408576849,59.23041152258256,104.54533664895442,8
4,202.76339749907467,81.87983732052462,59.32619979578169,104.43347484526754,8
4,203.13475903295577,82.14873363985595,59.64420514335798,104.65326213635392,8
4,203.50612056683687,82.35380580478139,60.008116866104345,104.69949474345843,8
4,203.87748210071794,82.37241671243775,60.088964826957124,104.65586859791838,8
4,204.24884363459904,82.32311811442366,60.05186629698409,104.59436993186324,8
4,204.6202051684801,82.48794333611885,60.39633193589009,104.5795547363476,8
4,204.9915667023612,82.55685336801888,60.58989524105722,104.52381149498054,8
4,205.3629282362423,82.74718996678975,60.77371508601954,104.72066484755996,8
4,205.73428977012338,82.94530223519729,61.09957761930788,104.7910268510867,8
4,206.10565130400448,83.00677313837156,61.28687587958194,104.72667039716117,8
4,206.47701283788558,83.08993992230505,61.42320628443241,104.75667356017769,8
4,206.84837437176665,83.21983084376967,61.46203633367174,104.97762535386761,8
4,207.21973590564772,83.28722882030604,61.37903839770757,105.1954192429045,8
4,207.59109743952885,83.26534966929896,61.33930298504184,105.19139635355607,8
4,207.96245897340992,83.1692048161032,61.320918537264006,105.0174910949424,8
4,208.333820507291,83.16506149749158,61.31790509115832,105.01221790382483,8
4,208.70518204117212,83.29696633436686,61.49989507878157,105.09403758995214,8
4,209.0765435750532,83.19234596440208,61.04212409939366,105.3425678294105,8
4,209.44790510893426,83.21370237338303,61.26983599520953,105.15756875155652,8
4,209.8192666428154,83.15664000428376,61.20145732460294,105.11182268396458,8
4,210.19062817669646,83.13457219584072,61.24565902343921,105.02348536824223,8
4,210.56198971057754,83.33102628577224,61.17819467125523,105.48385790028925,8
4,210.93335124445866,83.28376373440781,61.04410582475407,105.52342164406156,8
4,211.30471277833973,83.41194064868505,60.98251467205222,105.84136662531787,8
4,211.6760743122208,83.40942180827031,60.92035580174466,105.89848781479596,8
4,212.0474358461019,83.56501791684994,61.15356909270242,105.97646674099747,8
4,212.418797379983,83.35838306985445,60.78990436794633,105.92686177176259,8
4,212.79015891386408,83.41384160019514,60.714719766963995,106.11296343342629,8
4,213.16152044774518,83.54956273316135,60.70099331289435,106.39813215342835,8
4,213.53288198162628,83.65496966209082,60.816736769670825,106.49320255451082,8
4,213.90424351550735,83.55285088459229,60.66547031220875,106.44023145697582,8
4,214.27560504938845,83.59168453095506,60.62736543735763,106.55600362455249,8
4,214.64696658326952,83.66928027769109,60.45467117952521,106.88388937585697,8
4,215.01832811715062,83.89098200922658,60.61959479503123,107.16236922342192,8
4,215.38968965103172,83.88773920523025,60.58965012073891,107.18582828972158,8
4,215.7610511849128,83.93181217919727,60.49862868310832,107.36499567528621,8
4,216.1324127187939,84.14282045662458,60.548987197628406,107.73665371562075,8
4,216.503774252675,84.33640995306686,60.51837382766381,108.15444607846992,8
4,216.87513578655606,84.38683580925063,60.533598249001045,108.24007336950021,8
4,217.24649732043713,84.40598635694934,60.568841406890584,108.2431313070081,8
4,217.61785885431826,84.58678962474215,60.54059775160769,108.63298149787661,8
4,217.98922038819933,84.40638120782123,60.460219574641435,108.35254284100102,8
4,218.3605819220804,84.562036584842,60.63821968353503,108.48585348614898,8
4,218.73194345596153,84.84724746258276,60.93313271009533,108.76136221507019,8
4,219.1033049898426,85.15003830951098,61.335497184959394,108.96457943406256,8
4,219.47466652372367,85.57600308050124,61.7049672282098,109.44703893279268,8
4,219.8460280576048,85.70693780963508,61.86321497583266,109.5506606434375,8
4,220.21738959148587,85.85857921588477,61.89129149879946,109.82586693297009,8
4,220.58875112536694,86.1591650809743,62.253892142106615,110.06443801984199,8
4,220.96011265924807,86.3449281215523,62.77749073675725,109.91236550634736,8
4,221.33147419312914,86.43566811296685,62.911138631451536,109.96019759448217,8
4,221.7028357270102,86.39457451895316,62.68136921526637,110.10777982263996,8
4,222.07419726089134,86.8663926299794,63.145615723346474,110.58716953661232,8
4,222.4455587947724,87.28482708194983,63.44796481682418,111.12168934707547,8
4,222.81692032865348,87.45660403424142,63.62514621650885,111.28806185197399,8
4,223.18828186253458,87.86822486984974,64.11671657323669,111.6197331664628,8
4,223.55964339641568,88.12108307840177,64.22218667243946,112.01997948436407,8
4,223.93100493029675,88.34293358798962,64.38450209659497,112.30136507938427,8
4,224.30236646417785,88.42496321344365,64.44781207323041,112.40211435365688,8
4,224.67372799805895,88.77146797567494,64.72965044050929,112.81328551084059,8
4,225.04508953194002,88.94302795312692,64.78082391369857,113.10523199255526,8
4,225.41645106582112,89.12672292318038,64.96669734584042,113.28674850052035,8
4,225.7878125997022,89.22803760370518,65.00236825769106,113.45370694971929,8
4,226.1591741335833,89.56990910448883,65.29230236123733,113.84751584774033,8
4,226.5305356674644,89.53891729664554,65.43216659194289,113.64566800134818,8
4,226.90189720134546,89.76655603022516,65.67112175920934,113.86199030124098,8
4,227.27325873522656,89.85445700388848,65.73443935649374,113.97447465128323,8
4,227.64462026910766,89.897745780961,65.74277748542683,114.05271407649518,8
4,228.01598180298873,90.32822481520499,66.1015181827704,114.55493144763958,8
4,228.3873433368698,90.57050354900441,66.28052711706,114.86047998094882,8
4,228.75870487075093,90.6662571985461,66.34205427654464,114.99046012054757,8
4,229.130066404632,91.01595270751005,66.6814260530837,115.35047936193641,8
4,229.50142793851307,91.11041583641926,66.75812514965419,115.46270652318434,8
4,229.8727894723942,91.25554632693843,66.7869216742763,115.72417097960056,8
4,230.24415100627527,91.51122002229809,67.02065171649288,116.0017883281033,8
4,230.61551254015635,91.86583147092303,67.33328162287901,116.39838131896704,8
4,230.98687407403747,92.09647583932428,67.53477814734867,116.6581735312999,8
4,231.35823560791854,92.19867789833681,67.65690478080512,116.7404510158685,8
4,231.72959714179962,92.29620262817642,67.74567628768786,116.84672896866498,8
4,232.10095867568074,92.17566698598124,68.03022118019796,116.32111279176452,8
4,232.47232020956181,92.40872335673916,68.29899060071997,116.51845611275834,8
4,232.8436817434429,92.35841010772175,68.27286089840734,116.44395931703616,8
4,233.21504327732399,92.58124323584894,68.47019145865272,116.69229501304517,8
4,233.58640481120509,92.59140503187899,68.84862326150997,116.33418680224801,8
4,233.95776634508616,92.81552643254454,68.93245408829132,116.69859877679777,8
4,234.32912787896726,92.90987908362028,69.0154958063845,116.80426236085607,8
4,234.70048941284836,93.1505809191323,69.21905052681451,117.08211131145008,8
4,235.07185094672943,93.60401850648712,69.6449713974026,117.56306561557165,8
4,235.44321248061053,93.59583438181953,69.82875237733501,117.36291638630405,8
4,235.8145740144916,93.65065611253598,69.87024625563055,117.43106596944142,8
4,236.1859355483727,93.92382753343861,70.0681808574952,117.77947420938203,8
4,236.5572970822538,94.3550102964314,70.48862239125961,118.2213982016032,8
4,236.92865861613487,94.43629075887196,70.61274803199248,118.25983348575144,8
4,237.30002015001597,94.42599129025741,70.65032118398877,118.20166139652606,8
4,237.67138168389707,94.43524381361915,70.32322976527497,118.54725786196333,8
4,238.04274321777814,94.65269214733068,70.62035613678756,118.6850281578738,8
4,238.4141047516592,94.8300281978873,70.79060492711724,118.86945146865736,8
4,238.78546628554034,95.05211334728664,70.90332986858743,119.20089682598584,8
4,239.1568278194214,95.36788436301964,71.06317740885686,119.67259131718242,8
4,239.52818935330248,95.47003200113971,71.1758709436578,119.76419305862163,8
4,239.8995508871836,95.7261453967425,71.45763813546229,119.9946526580227,8
4,240.27091242106468,95.79655735919977,71.52175896598904,120.0713557524105,8
4,240.64227395494575,95.84991132322835,71.46415668968577,120.23566595677094,8
4,241.01363548882688,95.97564937861073,71.54680707190748,120.40449168531397,8
4,241.38499702270795,96.25141827908655,71.88143938554771,120.6213971726254,8
4,241.75635855658902,96.35039402814772,72.03602184077451,120.66476621552093,8
4,242.12772009047015,96.62996008747818,72.58844784269074,120.67147233226562,8
4,242.49908162435122,96.8520421778625,72.56703535655835,121.13704899916665,8
4,242.8704431582323,96.8818200825233,72.59598067312635,121.16765949192026,8
4,243.24180469211342,96.89868240338915,72.62735153641846,121.17001327035983,8
4,243.6131662259945,97.3743526010478,73.11428467847492,121.63442052362069,8
4,243.98452775987556,97.43943785392594,73.09094165595927,121.7879340518926,8
4,244.35588929375666,97.52083045502069,73.15334474088762,121.88831616915375,8
4,244.72725082763776,97.77961134639901,73.41991416884858,122.13930852394944,8
4,245.09861236151883,98.1255807576482,73.82208587470426,122.42907564059213,8
4,245.46997389539993,98.41521719045949,73.9693967338147,122.86103764710427,8
4,245.84133542928103,98.63229488252767,74.01294849906844,123.2516412659869,8
4,246.2126969631621,98.86104661071491,74.25528191625,123.46681130517982,8
4,246.5840584970432,99.09281591242173,74.4811272870247,123.70450453781875,8
4,246.95542003092427,99.24667788021617,74.58365704549102,123.90969871494131,8
4,247.32678156480537,99.30894507458478,74.62144379690025,123.99644635226932,8
4,247.69814309868647,99.43548121642613,74.90059143954797,123.97037099330429,8
4,248.06950463256754,99.83040942353085,75.26681274320444,124.39400610385727,8
4,248.44086616644861,99.91691810114095,75.29687872097037,124.53695748131153,8
4,248.81222770032974,99.91935819381894,75.30743226332844,124.53128412430944,8
4,249.1835892342108,100.17510318761867,75.39682221774862,124.95338415748873,8
4,249.55495076809189,100.63306885664697,75.71131126518843,125.55482644810552,8
4,249.926312301973,100.93666379254006,75.98944720011521,125.88388038496491,8
4,250.29767383585408,100.99474297891767,76.09790568835658,125.89158026947877,8
4,250.66903536973516,101.11657459599324,76.22003802951274,126.01311116247375,8
4,251.04039690361628,101.15572183216142,76.31730075170267,125.99414291262016,8
4,251.41175843749735,101.49119197981716,76.52923745558941,126.45314650404491,8
4,251.78311997137843,101.63733896847125,76.66478035643252,126.60989758051,8
4,252.15448150525955,102.0511074248665,77.13849142750233,126.96372342223067,8
4,252.52584303914063,102.17447089511276,77.12671115731915,127.22223063290637,8
4,252.8972045730217,102.36734158837903,77.2642161762125,127.47046700054557,8
4,253.26856610690282,102.43265647329258,77.3794574729481,127.48585547363706,8
4,253.6399276407839,102.84541548619492,77.83651839113163,127.85431258125821,8
4,254.01128917466497,103.07895026119314,78.12230472868933,128.03559579369696,8
4,254.38265070854607,103.14526810240211,78.12141219612491,128.16912400867932,8
4,254.75401224242717,103.39862439139692,78.13260793664986,128.66464084614398,8
4,255.12537377630824,103.61645260932093,78.43455591217443,128.79834930646743,8
4,255.49673531018934,103.83727364913173,78.46104890095651,129.21349839730695,8
4,255.86809684407044,103.84466825138864,78.40038287652524,129.28895362625204,8
4,256.2394583779515,103.90069543812038,78.29394694203282,129.50744393420794,8
4,256.6108199118326,104.32332962904302,78.58573163100766,130.06092762707837,8
4,256.9821814457137,104.35612350249154,78.5600378260449,130.1522091789382,8
4,257.35354297959475,104.47842877230889,78.64534945052718,130.31150809409058,8
4,257.7249045134759,104.65843706404668,78.59052469007426,130.7263494380191,8
4,258.09626604735695,104.84488756273176,78.68403844687299,131.00573667859052,8
4,258.46762758123805,105.02956642020551,78.88866161101456,131.17047122939647,8
4,258.83898911511915,105.11012463466007,78.90142171498776,131.31882755433236,8
4,259.21035064900025,105.38364173027708,79.06369808928888,131.70358537126526,8
4,259.5817121828813,105.44589470545489,78.82789827256666,132.0638911383431,8
4,259.9530737167624,105.71683701811128,79.05230140131246,132.3813726349101,8
4,260.3244352506435,105.82701952300478,79.09503016888588,132.5590088771237,8
4,260.6957967845246,105.95198992067279,79.13994710910082,132.76403273224477,8
4,261.0671583184057,106.35313205414928,79.54161135650376,133.1646527517948,8
4,261.4385198522868,106.54383774963607,79.78209948540433,133.3055760138678,8
4,261.80988138616783,106.61879791933677,79.834151757048,133.40344408162554,8
4,262.18124292004893,106.92001900704001,79.80501556689548,134.03502244718456,8
4,262.55260445393003,107.14735666359019,80.10684779934634,134.18786552783405,8
4,262.92396598781113,107.1759189990142,79.92216759995328,134.42967039807513,8
4,263.29532752169223,107.25222958974815,79.96092414564652,134.5435350338498,8
4,263.6666890555733,107.40812150675535,80.1302070212875,134.6860359922232,8
4,264.0380505894544,107.44667732444975,80.01915053026242,134.8742041186371,8
4,264.40941212333547,107.70534753802879,80.24365995936842,135.16703511668916,8
4,264.78077365721657,107.86304355381552,80.48104870687075,135.24503840076028,8
4,265.1521351910976,108.09886423547091,80.66218876816636,135.53553970277548,8
4,265.52349672497877,108.37161212106726,80.97277506508365,135.77044917705086,8
4,265.8948582588598,108.57003886579022,81.22120579571792,135.91887193586254,8
4,266.2662197927409,108.65776619549682,81.40705333323356,135.90847905776008,8
4,266.637581326622,108.86011083259572,81.6042366373354,136.11598502785603,8
4,267.0089428605031,109.23795963042966,81.98382238499283,136.49209687586648,8
4,267.38030439438415,109.27870535685233,81.78486253238584,136.7725481813188,8
4,267.7516659282653,109.26236465440101,81.81577940948938,136.70894989931264,8
4,268.12302746214635,109.37344689919048,81.72080735549542,137.02608644288554,8
4,268.49438899602745,109.54757895404714,81.85424929211348,137.2409086159808,8
4,268.86575052990855,109.46668161526472,81.79983438029728,137.13352885023215,8
4,269.23711206378965,109.59005304525755,81.90280762870094,137.27729846181415,8
4,269.6084735976707,109.50980336079976,81.75232633661983,137.2672803849797,8
4,269.9798351315518,109.7460923528957,81.96834470459547,137.52384000119594,8
4,270.3511966654329,109.74929452774421,81.97140164229779,137.52718741319063,8
4,270.722558199314,109.7809185119552,81.9060773820602,137.6557596418502,8
4,271.0939197331951,110.07420454351158,82.34927080497933,137.79913828204383,8
4,271.4652812670762,110.35952065001483,82.73411856386093,137.98492273616873,8
4,271.83664280095724,110.41018771484414,82.79400670190032,138.02636872778797,8
4,272.20800433483834,110.7771164135394,83.131972089521,138.42226073755782,8
4,272.57936586871944,111.13091096104053,83.56424534463055,138.6975765774505,8
4,272.95072740260053,111.21918093250235,83.47784322514315,138.96051863986156,8
4,273.32208893648163,111.25389765197357,83.49732882687397,139.01046647707318,8
4,273.6934504703627,111.5375875316211,83.74903176667476,139.32614329656744,8
4,274.0648120042438,111.77722094070586,83.8212098140553,139.73323206735643,8
4,274.4361735381249,111.70894876650654,83.76802884647105,139.64986868654202,8
4,274.807535072006,111.6119443741537,83.67776224539867,139.54612650290872,8
4,275.178896605887,111.83010552043797,83.89189558753654,139.7683154533394,8
4,275.5502581397682,111.80775700815094,84.04385447769926,139.57165953860263,8
4,275.9216196736492,111.87060337044585,84.11059282322118,139.63061391767053,8
4,276.2929812075303,111.9880755349017,84.17861290351603,139.79753816628738,8
4,276.6643427414114,112.20378847298652,84.37550672824712,140.0320702177259,8
4,277.0357042752925,112.54527737949334,84.64644339375253,140.44411136523414,8
4,277.40706580917356,112.59731412886867,84.51223383424853,140.68239442348883,8
4,277.7784273430547,112.74176452878748,84.67676306328059,140.80676599429438,8
4,278.14978887693576,112.82742349407968,84.73685023674369,140.91799675141567,8
4,278.52115041081686,113.13152726633729,85.04151427334146,141.2215402593331,8
4,278.89251194469796,113.19122181201958,85.12423724377712,141.25820638026204,8
4,279.26387347857906,113.18658855292699,85.36644052117254,141.00673658468145,8
4,279.6352350124601,113.22894299681589,84.99047552586927,141.4674104677625,8
4,280.00659654634126,113.50476774567701,85.2462870330534,141.76324845830064,8
4,280.3779580802223,113.64422138319999,85.40542766258741,141.88301510381257,8
4,280.7493196141034,113.80251662692832,85.48356161285596,142.12147164100068,8
4,281.1206811479845,114.01771661575063,85.54355182270847,142.49188140879278,8
4,281.4920426818656,114.16248857438664,85.71746662764161,142.60751052113167,8
4,281.86340421574664,114.29660945248511,85.82508190020337,142.76813700476686,8
4,282.23476574962774,114.3956910759911,85.81807107390071,142.97331107808148,8
4,282.60612728350884,114.78456668525841,86.18516315255695,143.38397021795987,8
4,282.97748881738994,114.77534206913307,86.26027472499227,143.2904094132739,8
4,283.34885035127104,114.79938058320103,86.29262849572683,143.30613267067523,8
4,283.7202118851521,114.76530555201856,86.1972428475855,143.33336825645162,8
4,284.0915734190332,115.09112255170186,86.42939067410639,143.75285442929732,8
4,284.4629349529143,115.23805618867581,86.41929503313975,144.05681734421188,8
4,284.8342964867954,115.26898729905177,86.45750997400236,144.08046462410118,8
4,285.2056580206765,115.37777476832261,86.56165900921383,144.1938905274314,8
4,285.5770195545576,115.68606132171243,86.6858263593563,144.68629628406856,8
4,285.9483810884386,115.81816637395536,86.72049801143253,144.9158347364782,8
4,286.3197426223198,115.85422239825618,86.7317799319265,144.97666486458587,8
4,286.6911041562008,116.0898172222335,86.92820590205355,145.25142854241346,8
4,287.0624656900819,116.04872972614963,86.8672015569087,145.23025789539057,8
4,287.433827223963,116.28972199321619,86.95235340948028,145.6270905769521,8
4,287.8051887578441,116.38852412901606,87.0351101447359,145.74193811329621,8
4,288.17655029172516,116.79625915162748,87.41210800800033,146.18041029525463,8
4,288.54791182560626,116.64647447641266,87.31696908483833,145.97597986798698,8
4,288.91927335948736,116.82496734804039,87.4476964820916,146.20223821398918,8
4,289.29063489336846,116.89633192159857,87.44705332813416,146.345610515063,8
4,289.66199642724956,116.61167648462971,87.42233334122065,145.80101962803877,8
4,290.03335796113066,116.67414555634649,87.50044284071188,145.8478482719811,8
4,290.4047194950117,116.71140879973777,87.53565369849869,145.88716390097684,8
4,290.7760810288928,116.72951234781702,87.49525397035542,145.9637707252786,8
4,291.1474425627739,116.76496129998084,87.76397791318148,145.76594468678022,8
4,291.518804096655,116.83606511426137,87.77119137727746,145.9009388512453,8
4,291.8901656305361,116.94401224314635,87.79799866784505,146.09002581844763,8
4,292.26152716441715,116.86596721439375,87.56578407777597,146.1661503510115,8
4,292.63288869829825,117.10054432883214,87.6716925012336,146.5293961564307,8
4,293.00425023217934,117.17467171709056,87.5543383815673,146.79500505261382,8
4,293.37561176606044,117.15252429499019,87.50964144835763,146.79540714162275,8
4,293.7469732999415,117.21522288439627,87.548511979375,146.88193378941753,8
4,294.11833483382264,117.37097471676651,87.64010425405522,147.1018451794778,8
4,294.4896963677037,117.63765447186265,87.75853957032535,147.51676937339994,8
4,294.8610579015848,117.60380464414752,87.65220057674027,147.55540871155478,8
4,295.2324194354659,117.59539229408533,87.62921306248992,147.56157152568073,8
4,295.603780969347,117.8840415694545,87.76741899621798,148.00066414269102,8
4,295.975142503228,118.20521004302638,88.06282594478456,148.34759414126822,8
4,296.3465040371092,118.35762605617526,88.31565539046632,148.39959672188422,8
4,296.7178655709902,118.35883260980893,88.22226530033163,148.49539991928623,8
4,297.0892271048713,118.48811451554987,88.19059330950823,148.78563572159152,8
4,297.4605886387524,118.53110998184388,88.07669234208736,148.9855276216004,8
4,297.8319501726335,118.54302986770936,88.08881054959556,148.99724918582316,8
4,298.20331170651457,118.40873610862852,87.79344100546056,149.02403121179648,8
4,298.5746732403957,118.58017565962828,87.80644778718057,149.35390353207598,8
4,298.94603477427677,118.81248579355201,87.95184313570279,149.67312845140123,8
4,299.31739630815787,118.90050660778351,88.0444035264699,149.7566096890971,8
4,299.68875784203897,119.34159373591683,88.45074180627658,150.23244566555707,8
